ParkName,UnitCode,ParkType,Region,State,Year,Month,RecreationVisits,NonRecreationVisits,RecreationHours,NonRecreationHours,ConcessionerLodging,ConcessionerCamping,TentCampers,RVCampers,Backcountry,NonRecreationOvernightStays,MiscellaneousOvernightStays,ParkNameTotal,UnitCodeTotal,ParkTypeTotal,RegionTotal,StateTotal,YearTotal,RecreationVisitsTotal,NonRecreationVisitsTotal,RecreationHoursTotal,NonRecreationHoursTotal,ConcessionerLodgingTotal,ConcessionerCampingTotal,TentCampersTotal,RVCampersTotal,BackcountryTotal,NonRecreationOvernightStaysTotal,MiscellaneousOvernightStaysTotal
Arches NP,ARCH,National Park,Intermountain ,UT,1979,1,"2,970",0,"10,998",0,0,0,35,47,5,0,0,Arches NP,ARCH,National Park,Intermountain ,UT,1979,"269,840",0,"1,825,420",0,0,0,"18,772","17,605","2,332",0,"3,759"
Arches NP,ARCH,National Park,Intermountain ,UT,1979,2,"3,135",0,"15,573",0,0,0,108,120,29,0,0,Arches NP,ARCH,National Park,Intermountain ,UT,1979,"269,840",0,"1,825,420",0,0,0,"18,772","17,605","2,332",0,"3,759"
Arches NP,ARCH,National Park,Intermountain ,UT,1979,3,"14,659",0,"104,265",0,0,0,"1,143","1,115",254,0,0,Arches NP,ARCH,National Park,Intermountain ,UT,1979,"269,840",0,"1,825,420",0,0,0,"18,772","17,605","2,332",0,"3,759"
Arches NP,ARCH,National Park,Intermountain ,UT,1979,4,"31,818",0,"224,598",0,0,0,"2,152","2,342",401,0,486,Arches NP,ARCH,National Park,Intermountain ,UT,1979,"269,840",0,"1,825,420",0,0,0,"18,772","17,605","2,332",0,"3,759"
Arches NP,ARCH,National Park,Intermountain ,UT,1979,5,"39,266",0,"299,310",0,0,0,"2,380","3,112",927,0,"1,144",Arches NP,ARCH,National Park,Intermountain ,UT,1979,"269,840",0,"1,825,420",0,0,0,"18,772","17,605","2,332",0,"3,759"
Arches NP,ARCH,National Park,Intermountain ,UT,1979,6,"43,503",0,"271,917",0,0,0,"2,577","2,390",179,0,746,Arches NP,ARCH,National Park,Intermountain ,UT,1979,"269,840",0,"1,825,420",0,0,0,"18,772","17,605","2,332",0,"3,759"
Arches NP,ARCH,National Park,Intermountain ,UT,1979,7,"36,524",0,"243,180",0,0,0,"2,843","2,073",46,0,605,Arches NP,ARCH,National Park,Intermountain ,UT,1979,"269,840",0,"1,825,420",0,0,0,"18,772","17,605","2,332",0,"3,759"
Arches NP,ARCH,National Park,Intermountain ,UT,1979,8,"43,309",0,"266,683",0,0,0,"3,351","2,021",102,0,363,Arches NP,ARCH,National Park,Intermountain ,UT,1979,"269,840",0,"1,825,420",0,0,0,"18,772","17,605","2,332",0,"3,759"
Arches NP,ARCH,National Park,Intermountain ,UT,1979,9,"30,813",0,"209,751",0,0,0,"2,291","2,201",141,0,255,Arches NP,ARCH,National Park,Intermountain ,UT,1979,"269,840",0,"1,825,420",0,0,0,"18,772","17,605","2,332",0,"3,759"
Arches NP,ARCH,National Park,Intermountain ,UT,1979,10,"15,273",0,"120,315",0,0,0,"1,154","1,626",164,0,160,Arches NP,ARCH,National Park,Intermountain ,UT,1979,"269,840",0,"1,825,420",0,0,0,"18,772","17,605","2,332",0,"3,759"
Arches NP,ARCH,National Park,Intermountain ,UT,1979,11,"5,492",0,"42,684",0,0,0,587,448,57,0,0,Arches NP,ARCH,National Park,Intermountain ,UT,1979,"269,840",0,"1,825,420",0,0,0,"18,772","17,605","2,332",0,"3,759"
Arches NP,ARCH,National Park,Intermountain ,UT,1979,12,"3,078",0,"16,146",0,0,0,151,110,27,0,0,Arches NP,ARCH,National Park,Intermountain ,UT,1979,"269,840",0,"1,825,420",0,0,0,"18,772","17,605","2,332",0,"3,759"
Arches NP,ARCH,National Park,Intermountain ,UT,1980,1,"3,599",0,"16,317",0,0,0,132,85,13,0,0,Arches NP,ARCH,National Park,Intermountain ,UT,1980,"290,519",0,"1,885,869",0,0,0,"20,590","15,855","1,886",0,"4,081"
Arches NP,ARCH,National Park,Intermountain ,UT,1980,2,"4,687",0,"22,221",0,0,0,176,164,10,0,0,Arches NP,ARCH,National Park,Intermountain ,UT,1980,"290,519",0,"1,885,869",0,0,0,"20,590","15,855","1,886",0,"4,081"
Arches NP,ARCH,National Park,Intermountain ,UT,1980,3,"15,915",0,"109,497",0,0,0,"1,575",673,284,0,41,Arches NP,ARCH,National Park,Intermountain ,UT,1980,"290,519",0,"1,885,869",0,0,0,"20,590","15,855","1,886",0,"4,081"
Arches NP,ARCH,National Park,Intermountain ,UT,1980,4,"27,050",0,"191,742",0,0,0,"2,220","1,823",301,0,264,Arches NP,ARCH,National Park,Intermountain ,UT,1980,"290,519",0,"1,885,869",0,0,0,"20,590","15,855","1,886",0,"4,081"
Arches NP,ARCH,National Park,Intermountain ,UT,1980,5,"39,099",0,"282,753",0,0,0,"2,818","2,241",658,0,"1,177",Arches NP,ARCH,National Park,Intermountain ,UT,1980,"290,519",0,"1,885,869",0,0,0,"20,590","15,855","1,886",0,"4,081"
Arches NP,ARCH,National Park,Intermountain ,UT,1980,6,"47,171",0,"277,473",0,0,0,"2,853","1,918",138,0,895,Arches NP,ARCH,National Park,Intermountain ,UT,1980,"290,519",0,"1,885,869",0,0,0,"20,590","15,855","1,886",0,"4,081"
Arches NP,ARCH,National Park,Intermountain ,UT,1980,7,"43,685",0,"266,991",0,0,0,"2,798","2,054",48,0,764,Arches NP,ARCH,National Park,Intermountain ,UT,1980,"290,519",0,"1,885,869",0,0,0,"20,590","15,855","1,886",0,"4,081"
Arches NP,ARCH,National Park,Intermountain ,UT,1980,8,"47,837",0,"292,839",0,0,0,"3,570","2,188",78,0,386,Arches NP,ARCH,National Park,Intermountain ,UT,1980,"290,519",0,"1,885,869",0,0,0,"20,590","15,855","1,886",0,"4,081"
Arches NP,ARCH,National Park,Intermountain ,UT,1980,9,"31,387",0,"217,377",0,0,0,"2,343","2,392",146,0,253,Arches NP,ARCH,National Park,Intermountain ,UT,1980,"290,519",0,"1,885,869",0,0,0,"20,590","15,855","1,886",0,"4,081"
Arches NP,ARCH,National Park,Intermountain ,UT,1980,10,"16,983",0,"122,421",0,0,0,"1,151","1,451",100,0,276,Arches NP,ARCH,National Park,Intermountain ,UT,1980,"290,519",0,"1,885,869",0,0,0,"20,590","15,855","1,886",0,"4,081"
Arches NP,ARCH,National Park,Intermountain ,UT,1980,11,"7,481",0,"51,867",0,0,0,625,534,67,0,0,Arches NP,ARCH,National Park,Intermountain ,UT,1980,"290,519",0,"1,885,869",0,0,0,"20,590","15,855","1,886",0,"4,081"
Arches NP,ARCH,National Park,Intermountain ,UT,1980,12,"5,625",0,"34,371",0,0,0,329,332,43,0,25,Arches NP,ARCH,National Park,Intermountain ,UT,1980,"290,519",0,"1,885,869",0,0,0,"20,590","15,855","1,886",0,"4,081"
Arches NP,ARCH,National Park,Intermountain ,UT,1981,1,"7,144",0,"38,208",0,0,0,391,276,32,0,0,Arches NP,ARCH,National Park,Intermountain ,UT,1981,"326,508",0,"2,093,772",0,0,0,"24,951","14,210","2,236",0,"5,030"
Arches NP,ARCH,National Park,Intermountain ,UT,1981,2,"6,275",0,"33,129",0,0,0,349,196,51,0,0,Arches NP,ARCH,National Park,Intermountain ,UT,1981,"326,508",0,"2,093,772",0,0,0,"24,951","14,210","2,236",0,"5,030"
Arches NP,ARCH,National Park,Intermountain ,UT,1981,3,"17,024",0,"132,744",0,0,0,"2,081",973,264,0,85,Arches NP,ARCH,National Park,Intermountain ,UT,1981,"326,508",0,"2,093,772",0,0,0,"24,951","14,210","2,236",0,"5,030"
Arches NP,ARCH,National Park,Intermountain ,UT,1981,4,"30,543",0,"233,757",0,0,0,"2,515","2,067",550,0,790,Arches NP,ARCH,National Park,Intermountain ,UT,1981,"326,508",0,"2,093,772",0,0,0,"24,951","14,210","2,236",0,"5,030"
Arches NP,ARCH,National Park,Intermountain ,UT,1981,5,"41,614",0,"295,434",0,0,0,"3,304","1,773",639,0,"1,392",Arches NP,ARCH,National Park,Intermountain ,UT,1981,"326,508",0,"2,093,772",0,0,0,"24,951","14,210","2,236",0,"5,030"
Arches NP,ARCH,National Park,Intermountain ,UT,1981,6,"51,670",0,"308,658",0,0,0,"3,661","1,730",153,0,858,Arches NP,ARCH,National Park,Intermountain ,UT,1981,"326,508",0,"2,093,772",0,0,0,"24,951","14,210","2,236",0,"5,030"
Arches NP,ARCH,National Park,Intermountain ,UT,1981,7,"48,711",0,"288,357",0,0,0,"3,591","1,463",125,0,747,Arches NP,ARCH,National Park,Intermountain ,UT,1981,"326,508",0,"2,093,772",0,0,0,"24,951","14,210","2,236",0,"5,030"
Arches NP,ARCH,National Park,Intermountain ,UT,1981,8,"52,953",0,"310,611",0,0,0,"4,165","1,604",110,0,444,Arches NP,ARCH,National Park,Intermountain ,UT,1981,"326,508",0,"2,093,772",0,0,0,"24,951","14,210","2,236",0,"5,030"
Arches NP,ARCH,National Park,Intermountain ,UT,1981,9,"35,795",0,"233,865",0,0,0,"2,946","1,803",147,0,374,Arches NP,ARCH,National Park,Intermountain ,UT,1981,"326,508",0,"2,093,772",0,0,0,"24,951","14,210","2,236",0,"5,030"
Arches NP,ARCH,National Park,Intermountain ,UT,1981,10,"20,656",0,"136,848",0,0,0,"1,345","1,373",73,0,329,Arches NP,ARCH,National Park,Intermountain ,UT,1981,"326,508",0,"2,093,772",0,0,0,"24,951","14,210","2,236",0,"5,030"
Arches NP,ARCH,National Park,Intermountain ,UT,1981,11,"10,157",0,"57,423",0,0,0,430,636,57,0,0,Arches NP,ARCH,National Park,Intermountain ,UT,1981,"326,508",0,"2,093,772",0,0,0,"24,951","14,210","2,236",0,"5,030"
Arches NP,ARCH,National Park,Intermountain ,UT,1981,12,"3,966",0,"24,738",0,0,0,173,316,35,0,11,Arches NP,ARCH,National Park,Intermountain ,UT,1981,"326,508",0,"2,093,772",0,0,0,"24,951","14,210","2,236",0,"5,030"
Arches NP,ARCH,National Park,Intermountain ,UT,1982,1,"5,531",0,"26,505",0,0,0,209,180,24,0,0,Arches NP,ARCH,National Park,Intermountain ,UT,1982,"339,415",0,"2,060,421",0,0,0,"21,660","14,591","2,542",0,"5,081"
Arches NP,ARCH,National Park,Intermountain ,UT,1982,2,"6,897",0,"26,019",0,0,0,109,83,30,0,0,Arches NP,ARCH,National Park,Intermountain ,UT,1982,"339,415",0,"2,060,421",0,0,0,"21,660","14,591","2,542",0,"5,081"
Arches NP,ARCH,National Park,Intermountain ,UT,1982,3,"19,703",0,"145,125",0,0,0,"2,241",889,227,0,227,Arches NP,ARCH,National Park,Intermountain ,UT,1982,"339,415",0,"2,060,421",0,0,0,"21,660","14,591","2,542",0,"5,081"
Arches NP,ARCH,National Park,Intermountain ,UT,1982,4,"29,711",0,"232,965",0,0,0,"2,536","2,051",643,0,763,Arches NP,ARCH,National Park,Intermountain ,UT,1982,"339,415",0,"2,060,421",0,0,0,"21,660","14,591","2,542",0,"5,081"
Arches NP,ARCH,National Park,Intermountain ,UT,1982,5,"43,011",0,"306,177",0,0,0,"3,280","1,897",849,0,"1,805",Arches NP,ARCH,National Park,Intermountain ,UT,1982,"339,415",0,"2,060,421",0,0,0,"21,660","14,591","2,542",0,"5,081"
Arches NP,ARCH,National Park,Intermountain ,UT,1982,6,"55,267",0,"316,953",0,0,0,"2,904","2,482",287,0,625,Arches NP,ARCH,National Park,Intermountain ,UT,1982,"339,415",0,"2,060,421",0,0,0,"21,660","14,591","2,542",0,"5,081"
Arches NP,ARCH,National Park,Intermountain ,UT,1982,7,"53,035",0,"296,601",0,0,0,"3,243","1,881",60,0,545,Arches NP,ARCH,National Park,Intermountain ,UT,1982,"339,415",0,"2,060,421",0,0,0,"21,660","14,591","2,542",0,"5,081"
Arches NP,ARCH,National Park,Intermountain ,UT,1982,8,"52,025",0,"299,667",0,0,0,"3,445","1,984",62,0,492,Arches NP,ARCH,National Park,Intermountain ,UT,1982,"339,415",0,"2,060,421",0,0,0,"21,660","14,591","2,542",0,"5,081"
Arches NP,ARCH,National Park,Intermountain ,UT,1982,9,"36,934",0,"236,346",0,0,0,"2,494","2,158",139,0,440,Arches NP,ARCH,National Park,Intermountain ,UT,1982,"339,415",0,"2,060,421",0,0,0,"21,660","14,591","2,542",0,"5,081"
Arches NP,ARCH,National Park,Intermountain ,UT,1982,10,"18,992",0,"81,864",0,0,0,354,344,155,0,184,Arches NP,ARCH,National Park,Intermountain ,UT,1982,"339,415",0,"2,060,421",0,0,0,"21,660","14,591","2,542",0,"5,081"
Arches NP,ARCH,National Park,Intermountain ,UT,1982,11,"10,845",0,"58,575",0,0,0,734,288,63,0,0,Arches NP,ARCH,National Park,Intermountain ,UT,1982,"339,415",0,"2,060,421",0,0,0,"21,660","14,591","2,542",0,"5,081"
Arches NP,ARCH,National Park,Intermountain ,UT,1982,12,"7,464",0,"33,624",0,0,0,111,354,3,0,0,Arches NP,ARCH,National Park,Intermountain ,UT,1982,"339,415",0,"2,060,421",0,0,0,"21,660","14,591","2,542",0,"5,081"
Arches NP,ARCH,National Park,Intermountain ,UT,1983,1,"4,672",0,"23,088",0,0,0,74,279,25,0,0,Arches NP,ARCH,National Park,Intermountain ,UT,1983,"287,875",0,"1,738,233",0,0,0,"17,652","13,245","1,695",0,"3,851"
Arches NP,ARCH,National Park,Intermountain ,UT,1983,2,"6,993",0,"32,907",0,0,0,172,276,49,0,0,Arches NP,ARCH,National Park,Intermountain ,UT,1983,"287,875",0,"1,738,233",0,0,0,"17,652","13,245","1,695",0,"3,851"
Arches NP,ARCH,National Park,Intermountain ,UT,1983,3,"14,734",0,"81,090",0,0,0,668,533,110,0,226,Arches NP,ARCH,National Park,Intermountain ,UT,1983,"287,875",0,"1,738,233",0,0,0,"17,652","13,245","1,695",0,"3,851"
Arches NP,ARCH,National Park,Intermountain ,UT,1983,4,"20,073",0,"107,523",0,0,0,618,555,430,0,368,Arches NP,ARCH,National Park,Intermountain ,UT,1983,"287,875",0,"1,738,233",0,0,0,"17,652","13,245","1,695",0,"3,851"
Arches NP,ARCH,National Park,Intermountain ,UT,1983,5,"34,040",0,"248,496",0,0,0,"2,567","2,000",547,0,985,Arches NP,ARCH,National Park,Intermountain ,UT,1983,"287,875",0,"1,738,233",0,0,0,"17,652","13,245","1,695",0,"3,851"
Arches NP,ARCH,National Park,Intermountain ,UT,1983,6,"38,975",0,"262,557",0,0,0,"3,125","2,288",135,0,520,Arches NP,ARCH,National Park,Intermountain ,UT,1983,"287,875",0,"1,738,233",0,0,0,"17,652","13,245","1,695",0,"3,851"
Arches NP,ARCH,National Park,Intermountain ,UT,1983,7,"50,659",0,"296,745",0,0,0,"3,169","2,291",77,0,495,Arches NP,ARCH,National Park,Intermountain ,UT,1983,"287,875",0,"1,738,233",0,0,0,"17,652","13,245","1,695",0,"3,851"
Arches NP,ARCH,National Park,Intermountain ,UT,1983,8,"50,320",0,"286,104",0,0,0,"3,243","1,862",91,0,435,Arches NP,ARCH,National Park,Intermountain ,UT,1983,"287,875",0,"1,738,233",0,0,0,"17,652","13,245","1,695",0,"3,851"
Arches NP,ARCH,National Park,Intermountain ,UT,1983,9,"36,578",0,"232,302",0,0,0,"2,378","2,184",111,0,434,Arches NP,ARCH,National Park,Intermountain ,UT,1983,"287,875",0,"1,738,233",0,0,0,"17,652","13,245","1,695",0,"3,851"
Arches NP,ARCH,National Park,Intermountain ,UT,1983,10,"20,107",0,"104,145",0,0,0,729,621,88,0,388,Arches NP,ARCH,National Park,Intermountain ,UT,1983,"287,875",0,"1,738,233",0,0,0,"17,652","13,245","1,695",0,"3,851"
Arches NP,ARCH,National Park,Intermountain ,UT,1983,11,"7,384",0,"44,808",0,0,0,833,80,31,0,0,Arches NP,ARCH,National Park,Intermountain ,UT,1983,"287,875",0,"1,738,233",0,0,0,"17,652","13,245","1,695",0,"3,851"
Arches NP,ARCH,National Park,Intermountain ,UT,1983,12,"3,340",0,"18,468",0,0,0,76,276,1,0,0,Arches NP,ARCH,National Park,Intermountain ,UT,1983,"287,875",0,"1,738,233",0,0,0,"17,652","13,245","1,695",0,"3,851"
Arches NP,ARCH,National Park,Intermountain ,UT,1984,1,"4,021",0,"17,127",0,0,0,63,142,6,0,0,Arches NP,ARCH,National Park,Intermountain ,UT,1984,"345,180",0,"1,869,556",0,0,0,"17,171","11,959","1,425",0,"3,609"
Arches NP,ARCH,National Park,Intermountain ,UT,1984,2,"4,601",0,"19,803",0,0,0,70,168,12,0,0,Arches NP,ARCH,National Park,Intermountain ,UT,1984,"345,180",0,"1,869,556",0,0,0,"17,171","11,959","1,425",0,"3,609"
Arches NP,ARCH,National Park,Intermountain ,UT,1984,3,"16,732",0,"76,896",0,0,0,489,415,205,0,0,Arches NP,ARCH,National Park,Intermountain ,UT,1984,"345,180",0,"1,869,556",0,0,0,"17,171","11,959","1,425",0,"3,609"
Arches NP,ARCH,National Park,Intermountain ,UT,1984,4,"30,806",0,"130,194",0,0,0,501,396,256,0,421,Arches NP,ARCH,National Park,Intermountain ,UT,1984,"345,180",0,"1,869,556",0,0,0,"17,171","11,959","1,425",0,"3,609"
Arches NP,ARCH,National Park,Intermountain ,UT,1984,5,"44,454",0,"259,146",0,0,0,"2,424","1,466",434,0,916,Arches NP,ARCH,National Park,Intermountain ,UT,1984,"345,180",0,"1,869,556",0,0,0,"17,171","11,959","1,425",0,"3,609"
Arches NP,ARCH,National Park,Intermountain ,UT,1984,6,"58,744",0,"329,832",0,0,0,"3,166","2,230",114,0,890,Arches NP,ARCH,National Park,Intermountain ,UT,1984,"345,180",0,"1,869,556",0,0,0,"17,171","11,959","1,425",0,"3,609"
Arches NP,ARCH,National Park,Intermountain ,UT,1984,7,"55,728",0,"290,139",0,0,0,"3,068","1,537",77,0,441,Arches NP,ARCH,National Park,Intermountain ,UT,1984,"345,180",0,"1,869,556",0,0,0,"17,171","11,959","1,425",0,"3,609"
Arches NP,ARCH,National Park,Intermountain ,UT,1984,8,"57,412",0,"302,988",0,0,0,"3,275","1,715",95,0,363,Arches NP,ARCH,National Park,Intermountain ,UT,1984,"345,180",0,"1,869,556",0,0,0,"17,171","11,959","1,425",0,"3,609"
Arches NP,ARCH,National Park,Intermountain ,UT,1984,9,"42,668",0,"264,997",0,0,0,"2,185","2,532",106,0,272,Arches NP,ARCH,National Park,Intermountain ,UT,1984,"345,180",0,"1,869,556",0,0,0,"17,171","11,959","1,425",0,"3,609"
Arches NP,ARCH,National Park,Intermountain ,UT,1984,10,"18,121",0,"111,891",0,0,0,"1,079",944,98,0,276,Arches NP,ARCH,National Park,Intermountain ,UT,1984,"345,180",0,"1,869,556",0,0,0,"17,171","11,959","1,425",0,"3,609"
Arches NP,ARCH,National Park,Intermountain ,UT,1984,11,"7,059",0,"43,689",0,0,0,641,276,21,0,0,Arches NP,ARCH,National Park,Intermountain ,UT,1984,"345,180",0,"1,869,556",0,0,0,"17,171","11,959","1,425",0,"3,609"
Arches NP,ARCH,National Park,Intermountain ,UT,1984,12,"4,834",0,"22,854",0,0,0,210,138,1,0,30,Arches NP,ARCH,National Park,Intermountain ,UT,1984,"345,180",0,"1,869,556",0,0,0,"17,171","11,959","1,425",0,"3,609"
Arches NP,ARCH,National Park,Intermountain ,UT,1985,1,"4,727",0,"23,109",0,0,0,200,140,8,0,24,Arches NP,ARCH,National Park,Intermountain ,UT,1985,"363,464",0,"2,093,280",0,0,0,"22,258","14,049","1,596",0,"3,884"
Arches NP,ARCH,National Park,Intermountain ,UT,1985,2,"4,944",0,"24,744",0,0,0,193,151,51,0,18,Arches NP,ARCH,National Park,Intermountain ,UT,1985,"363,464",0,"2,093,280",0,0,0,"22,258","14,049","1,596",0,"3,884"
Arches NP,ARCH,National Park,Intermountain ,UT,1985,3,"18,033",0,"94,611",0,0,0,650,327,195,0,516,Arches NP,ARCH,National Park,Intermountain ,UT,1985,"363,464",0,"2,093,280",0,0,0,"22,258","14,049","1,596",0,"3,884"
Arches NP,ARCH,National Park,Intermountain ,UT,1985,4,"36,032",0,"258,528",0,0,0,"2,980","2,197",460,0,631,Arches NP,ARCH,National Park,Intermountain ,UT,1985,"363,464",0,"2,093,280",0,0,0,"22,258","14,049","1,596",0,"3,884"
Arches NP,ARCH,National Park,Intermountain ,UT,1985,5,"50,174",0,"298,314",0,0,0,"3,298","1,959",324,0,576,Arches NP,ARCH,National Park,Intermountain ,UT,1985,"363,464",0,"2,093,280",0,0,0,"22,258","14,049","1,596",0,"3,884"
Arches NP,ARCH,National Park,Intermountain ,UT,1985,6,"56,588",0,"319,692",0,0,0,"3,478","1,819",138,0,812,Arches NP,ARCH,National Park,Intermountain ,UT,1985,"363,464",0,"2,093,280",0,0,0,"22,258","14,049","1,596",0,"3,884"
Arches NP,ARCH,National Park,Intermountain ,UT,1985,7,"54,484",0,"295,020",0,0,0,"3,383","1,521",39,0,539,Arches NP,ARCH,National Park,Intermountain ,UT,1985,"363,464",0,"2,093,280",0,0,0,"22,258","14,049","1,596",0,"3,884"
Arches NP,ARCH,National Park,Intermountain ,UT,1985,8,"61,538",0,"328,854",0,0,0,"3,706","1,931",54,0,319,Arches NP,ARCH,National Park,Intermountain ,UT,1985,"363,464",0,"2,093,280",0,0,0,"22,258","14,049","1,596",0,"3,884"
Arches NP,ARCH,National Park,Intermountain ,UT,1985,9,"44,554",0,"255,174",0,0,0,"2,451","2,221",142,0,249,Arches NP,ARCH,National Park,Intermountain ,UT,1985,"363,464",0,"2,093,280",0,0,0,"22,258","14,049","1,596",0,"3,884"
Arches NP,ARCH,National Park,Intermountain ,UT,1985,10,"21,037",0,"131,415",0,0,0,"1,473","1,012",161,0,200,Arches NP,ARCH,National Park,Intermountain ,UT,1985,"363,464",0,"2,093,280",0,0,0,"22,258","14,049","1,596",0,"3,884"
Arches NP,ARCH,National Park,Intermountain ,UT,1985,11,"6,217",0,"40,347",0,0,0,240,641,23,0,0,Arches NP,ARCH,National Park,Intermountain ,UT,1985,"363,464",0,"2,093,280",0,0,0,"22,258","14,049","1,596",0,"3,884"
Arches NP,ARCH,National Park,Intermountain ,UT,1985,12,"5,136",0,"23,472",0,0,0,206,130,1,0,0,Arches NP,ARCH,National Park,Intermountain ,UT,1985,"363,464",0,"2,093,280",0,0,0,"22,258","14,049","1,596",0,"3,884"
Arches NP,ARCH,National Park,Intermountain ,UT,1986,1,"7,070",0,"32,154",0,0,0,200,185,31,0,0,Arches NP,ARCH,National Park,Intermountain ,UT,1986,"419,444",0,"2,389,140",0,0,0,"24,227","16,438","1,906",0,"4,506"
Arches NP,ARCH,National Park,Intermountain ,UT,1986,2,"6,762",0,"30,774",0,0,0,224,187,26,0,0,Arches NP,ARCH,National Park,Intermountain ,UT,1986,"419,444",0,"2,389,140",0,0,0,"24,227","16,438","1,906",0,"4,506"
Arches NP,ARCH,National Park,Intermountain ,UT,1986,3,"33,700",0,"252,780",0,0,0,"3,040","2,251",588,0,441,Arches NP,ARCH,National Park,Intermountain ,UT,1986,"419,444",0,"2,389,140",0,0,0,"24,227","16,438","1,906",0,"4,506"
Arches NP,ARCH,National Park,Intermountain ,UT,1986,4,"36,042",0,"240,462",0,0,0,"2,807","1,841",351,0,515,Arches NP,ARCH,National Park,Intermountain ,UT,1986,"419,444",0,"2,389,140",0,0,0,"24,227","16,438","1,906",0,"4,506"
Arches NP,ARCH,National Park,Intermountain ,UT,1986,5,"53,931",0,"325,665",0,0,0,"3,057","2,000",365,0,"1,406",Arches NP,ARCH,National Park,Intermountain ,UT,1986,"419,444",0,"2,389,140",0,0,0,"24,227","16,438","1,906",0,"4,506"
Arches NP,ARCH,National Park,Intermountain ,UT,1986,6,"62,158",0,"326,298",0,0,0,"3,080","2,071",88,0,587,Arches NP,ARCH,National Park,Intermountain ,UT,1986,"419,444",0,"2,389,140",0,0,0,"24,227","16,438","1,906",0,"4,506"
Arches NP,ARCH,National Park,Intermountain ,UT,1986,7,"63,528",0,"331,272",0,0,0,"3,556","1,645",58,0,603,Arches NP,ARCH,National Park,Intermountain ,UT,1986,"419,444",0,"2,389,140",0,0,0,"24,227","16,438","1,906",0,"4,506"
Arches NP,ARCH,National Park,Intermountain ,UT,1986,8,"68,397",0,"354,183",0,0,0,"3,842","1,803",83,0,480,Arches NP,ARCH,National Park,Intermountain ,UT,1986,"419,444",0,"2,389,140",0,0,0,"24,227","16,438","1,906",0,"4,506"
Arches NP,ARCH,National Park,Intermountain ,UT,1986,9,"49,456",0,"268,272",0,0,0,"2,410","2,198",163,0,225,Arches NP,ARCH,National Park,Intermountain ,UT,1986,"419,444",0,"2,389,140",0,0,0,"24,227","16,438","1,906",0,"4,506"
Arches NP,ARCH,National Park,Intermountain ,UT,1986,10,"23,414",0,"142,386",0,0,0,"1,514","1,223",95,0,174,Arches NP,ARCH,National Park,Intermountain ,UT,1986,"419,444",0,"2,389,140",0,0,0,"24,227","16,438","1,906",0,"4,506"
Arches NP,ARCH,National Park,Intermountain ,UT,1986,11,"8,425",0,"49,251",0,0,0,257,623,44,0,75,Arches NP,ARCH,National Park,Intermountain ,UT,1986,"419,444",0,"2,389,140",0,0,0,"24,227","16,438","1,906",0,"4,506"
Arches NP,ARCH,National Park,Intermountain ,UT,1986,12,"6,561",0,"35,643",0,0,0,240,411,14,0,0,Arches NP,ARCH,National Park,Intermountain ,UT,1986,"419,444",0,"2,389,140",0,0,0,"24,227","16,438","1,906",0,"4,506"
Arches NP,ARCH,National Park,Intermountain ,UT,1987,1,"6,015",0,"28,077",0,0,0,222,196,0,0,0,Arches NP,ARCH,National Park,Intermountain ,UT,1987,"468,916",0,"2,498,585",0,0,0,"24,469","17,627","2,137",0,"6,477"
Arches NP,ARCH,National Park,Intermountain ,UT,1987,2,"6,957",0,"33,927",0,0,0,260,201,7,0,76,Arches NP,ARCH,National Park,Intermountain ,UT,1987,"468,916",0,"2,498,585",0,0,0,"24,469","17,627","2,137",0,"6,477"
Arches NP,ARCH,National Park,Intermountain ,UT,1987,3,"22,167",0,"173,493",0,0,0,"2,029","1,745",280,0,404,Arches NP,ARCH,National Park,Intermountain ,UT,1987,"468,916",0,"2,498,585",0,0,0,"24,469","17,627","2,137",0,"6,477"
Arches NP,ARCH,National Park,Intermountain ,UT,1987,4,"43,965",0,"167,300",0,0,0,"3,441","1,800",561,0,890,Arches NP,ARCH,National Park,Intermountain ,UT,1987,"468,916",0,"2,498,585",0,0,0,"24,469","17,627","2,137",0,"6,477"
Arches NP,ARCH,National Park,Intermountain ,UT,1987,5,"63,510",0,"353,850",0,0,0,"3,301","1,700",467,0,"1,337",Arches NP,ARCH,National Park,Intermountain ,UT,1987,"468,916",0,"2,498,585",0,0,0,"24,469","17,627","2,137",0,"6,477"
Arches NP,ARCH,National Park,Intermountain ,UT,1987,6,"69,019",0,"365,649",0,0,0,"3,627","1,724",139,0,"1,118",Arches NP,ARCH,National Park,Intermountain ,UT,1987,"468,916",0,"2,498,585",0,0,0,"24,469","17,627","2,137",0,"6,477"
Arches NP,ARCH,National Park,Intermountain ,UT,1987,7,"71,987",0,"358,641",0,0,0,"3,506","1,539",103,0,797,Arches NP,ARCH,National Park,Intermountain ,UT,1987,"468,916",0,"2,498,585",0,0,0,"24,469","17,627","2,137",0,"6,477"
Arches NP,ARCH,National Park,Intermountain ,UT,1987,8,"80,492",0,"385,932",0,0,0,"3,602","1,613",145,0,659,Arches NP,ARCH,National Park,Intermountain ,UT,1987,"468,916",0,"2,498,585",0,0,0,"24,469","17,627","2,137",0,"6,477"
Arches NP,ARCH,National Park,Intermountain ,UT,1987,9,"60,969",0,"318,699",0,0,0,"2,327","2,727",204,0,400,Arches NP,ARCH,National Park,Intermountain ,UT,1987,"468,916",0,"2,498,585",0,0,0,"24,469","17,627","2,137",0,"6,477"
Arches NP,ARCH,National Park,Intermountain ,UT,1987,10,"28,961",0,"226,515",0,0,0,"1,500","3,527",179,0,612,Arches NP,ARCH,National Park,Intermountain ,UT,1987,"468,916",0,"2,498,585",0,0,0,"24,469","17,627","2,137",0,"6,477"
Arches NP,ARCH,National Park,Intermountain ,UT,1987,11,"9,904",0,"57,864",0,0,0,427,530,32,0,184,Arches NP,ARCH,National Park,Intermountain ,UT,1987,"468,916",0,"2,498,585",0,0,0,"24,469","17,627","2,137",0,"6,477"
Arches NP,ARCH,National Park,Intermountain ,UT,1987,12,"4,970",0,"28,638",0,0,0,227,325,20,0,0,Arches NP,ARCH,National Park,Intermountain ,UT,1987,"468,916",0,"2,498,585",0,0,0,"24,469","17,627","2,137",0,"6,477"
Arches NP,ARCH,National Park,Intermountain ,UT,1988,1,"4,145",0,"19,011",0,0,0,142,124,98,0,0,Arches NP,ARCH,National Park,Intermountain ,UT,1988,"520,455",0,"2,801,449",0,0,0,"25,046","19,751","1,818",0,"7,591"
Arches NP,ARCH,National Park,Intermountain ,UT,1988,2,"6,674",0,"32,118",0,0,0,236,235,3,0,30,Arches NP,ARCH,National Park,Intermountain ,UT,1988,"520,455",0,"2,801,449",0,0,0,"25,046","19,751","1,818",0,"7,591"
Arches NP,ARCH,National Park,Intermountain ,UT,1988,3,"31,382",0,"214,602",0,0,0,"2,559","1,805",260,0,395,Arches NP,ARCH,National Park,Intermountain ,UT,1988,"520,455",0,"2,801,449",0,0,0,"25,046","19,751","1,818",0,"7,591"
Arches NP,ARCH,National Park,Intermountain ,UT,1988,4,"45,863",0,"289,125",0,0,0,"2,529","2,494",316,0,975,Arches NP,ARCH,National Park,Intermountain ,UT,1988,"520,455",0,"2,801,449",0,0,0,"25,046","19,751","1,818",0,"7,591"
Arches NP,ARCH,National Park,Intermountain ,UT,1988,5,"68,712",0,"390,360",0,0,0,"3,131","2,430",368,0,"1,747",Arches NP,ARCH,National Park,Intermountain ,UT,1988,"520,455",0,"2,801,449",0,0,0,"25,046","19,751","1,818",0,"7,591"
Arches NP,ARCH,National Park,Intermountain ,UT,1988,6,"79,183",0,"401,733",0,0,0,"3,288","2,229",93,0,"1,231",Arches NP,ARCH,National Park,Intermountain ,UT,1988,"520,455",0,"2,801,449",0,0,0,"25,046","19,751","1,818",0,"7,591"
Arches NP,ARCH,National Park,Intermountain ,UT,1988,7,"77,160",0,"405,672",0,0,0,"4,020","2,269",97,0,872,Arches NP,ARCH,National Park,Intermountain ,UT,1988,"520,455",0,"2,801,449",0,0,0,"25,046","19,751","1,818",0,"7,591"
Arches NP,ARCH,National Park,Intermountain ,UT,1988,8,"80,219",0,"407,601",0,0,0,"3,842","2,202",153,0,759,Arches NP,ARCH,National Park,Intermountain ,UT,1988,"520,455",0,"2,801,449",0,0,0,"25,046","19,751","1,818",0,"7,591"
Arches NP,ARCH,National Park,Intermountain ,UT,1988,9,"75,694",0,"320,422",0,0,0,"2,574","2,847",176,0,738,Arches NP,ARCH,National Park,Intermountain ,UT,1988,"520,455",0,"2,801,449",0,0,0,"25,046","19,751","1,818",0,"7,591"
Arches NP,ARCH,National Park,Intermountain ,UT,1988,10,"34,808",0,"224,280",0,0,0,"2,048","2,213",170,0,563,Arches NP,ARCH,National Park,Intermountain ,UT,1988,"520,455",0,"2,801,449",0,0,0,"25,046","19,751","1,818",0,"7,591"
Arches NP,ARCH,National Park,Intermountain ,UT,1988,11,"11,253",0,"63,543",0,0,0,438,555,45,0,203,Arches NP,ARCH,National Park,Intermountain ,UT,1988,"520,455",0,"2,801,449",0,0,0,"25,046","19,751","1,818",0,"7,591"
Arches NP,ARCH,National Park,Intermountain ,UT,1988,12,"5,362",0,"32,982",0,0,0,239,348,39,0,78,Arches NP,ARCH,National Park,Intermountain ,UT,1988,"520,455",0,"2,801,449",0,0,0,"25,046","19,751","1,818",0,"7,591"
Arches NP,ARCH,National Park,Intermountain ,UT,1989,1,"4,687",0,"21,333",0,0,0,157,139,7,0,0,Arches NP,ARCH,National Park,Intermountain ,UT,1989,"555,809",0,"2,894,971",0,0,0,"27,072","15,017","2,297",0,"7,739"
Arches NP,ARCH,National Park,Intermountain ,UT,1989,2,"5,683",0,"27,681",0,0,0,196,191,16,0,40,Arches NP,ARCH,National Park,Intermountain ,UT,1989,"555,809",0,"2,894,971",0,0,0,"27,072","15,017","2,297",0,"7,739"
Arches NP,ARCH,National Park,Intermountain ,UT,1989,3,"41,135",0,"182,989",0,0,0,"1,136",499,531,0,275,Arches NP,ARCH,National Park,Intermountain ,UT,1989,"555,809",0,"2,894,971",0,0,0,"27,072","15,017","2,297",0,"7,739"
Arches NP,ARCH,National Park,Intermountain ,UT,1989,4,"51,807",0,"336,477",0,0,0,"3,529","2,342",531,0,"1,142",Arches NP,ARCH,National Park,Intermountain ,UT,1989,"555,809",0,"2,894,971",0,0,0,"27,072","15,017","2,297",0,"7,739"
Arches NP,ARCH,National Park,Intermountain ,UT,1989,5,"75,599",0,"420,693",0,0,0,"4,019","2,003",406,0,"1,661",Arches NP,ARCH,National Park,Intermountain ,UT,1989,"555,809",0,"2,894,971",0,0,0,"27,072","15,017","2,297",0,"7,739"
Arches NP,ARCH,National Park,Intermountain ,UT,1989,6,"80,321",0,"406,179",0,0,0,"3,535","1,855",150,0,"1,344",Arches NP,ARCH,National Park,Intermountain ,UT,1989,"555,809",0,"2,894,971",0,0,0,"27,072","15,017","2,297",0,"7,739"
Arches NP,ARCH,National Park,Intermountain ,UT,1989,7,"78,010",0,"428,046",0,0,0,"5,774","1,211",133,0,966,Arches NP,ARCH,National Park,Intermountain ,UT,1989,"555,809",0,"2,894,971",0,0,0,"27,072","15,017","2,297",0,"7,739"
Arches NP,ARCH,National Park,Intermountain ,UT,1989,8,"88,731",0,"406,977",0,0,0,"3,496","1,433",193,0,744,Arches NP,ARCH,National Park,Intermountain ,UT,1989,"555,809",0,"2,894,971",0,0,0,"27,072","15,017","2,297",0,"7,739"
Arches NP,ARCH,National Park,Intermountain ,UT,1989,9,"69,361",0,"326,259",0,0,0,"2,289","1,983",137,0,515,Arches NP,ARCH,National Park,Intermountain ,UT,1989,"555,809",0,"2,894,971",0,0,0,"27,072","15,017","2,297",0,"7,739"
Arches NP,ARCH,National Park,Intermountain ,UT,1989,10,"37,592",0,"223,224",0,0,0,"2,212","2,390",132,0,599,Arches NP,ARCH,National Park,Intermountain ,UT,1989,"555,809",0,"2,894,971",0,0,0,"27,072","15,017","2,297",0,"7,739"
Arches NP,ARCH,National Park,Intermountain ,UT,1989,11,"15,113",0,"71,067",0,0,0,473,599,59,0,219,Arches NP,ARCH,National Park,Intermountain ,UT,1989,"555,809",0,"2,894,971",0,0,0,"27,072","15,017","2,297",0,"7,739"
Arches NP,ARCH,National Park,Intermountain ,UT,1989,12,"7,770",0,"44,046",0,0,0,256,372,2,0,234,Arches NP,ARCH,National Park,Intermountain ,UT,1989,"555,809",0,"2,894,971",0,0,0,"27,072","15,017","2,297",0,"7,739"
Arches NP,ARCH,National Park,Intermountain ,UT,1990,1,"6,440",0,"30,840",0,0,0,204,180,11,0,85,Arches NP,ARCH,National Park,Intermountain ,UT,1990,"620,719",0,"3,258,165",0,0,0,"31,632","16,870","2,228",0,"7,707"
Arches NP,ARCH,National Park,Intermountain ,UT,1990,2,"8,444",0,"41,988",0,0,0,294,286,26,0,88,Arches NP,ARCH,National Park,Intermountain ,UT,1990,"620,719",0,"3,258,165",0,0,0,"31,632","16,870","2,228",0,"7,707"
Arches NP,ARCH,National Park,Intermountain ,UT,1990,3,"42,372",0,"278,076",0,0,0,"3,960","1,238",498,0,594,Arches NP,ARCH,National Park,Intermountain ,UT,1990,"620,719",0,"3,258,165",0,0,0,"31,632","16,870","2,228",0,"7,707"
Arches NP,ARCH,National Park,Intermountain ,UT,1990,4,"71,479",0,"433,149",0,0,0,"4,588","3,045",498,0,982,Arches NP,ARCH,National Park,Intermountain ,UT,1990,"620,719",0,"3,258,165",0,0,0,"31,632","16,870","2,228",0,"7,707"
Arches NP,ARCH,National Park,Intermountain ,UT,1990,5,"84,912",0,"424,584",0,0,0,"3,266","1,937",314,0,"1,560",Arches NP,ARCH,National Park,Intermountain ,UT,1990,"620,719",0,"3,258,165",0,0,0,"31,632","16,870","2,228",0,"7,707"
Arches NP,ARCH,National Park,Intermountain ,UT,1990,6,"90,154",0,"420,558",0,0,0,"3,889","1,403",181,0,"1,051",Arches NP,ARCH,National Park,Intermountain ,UT,1990,"620,719",0,"3,258,165",0,0,0,"31,632","16,870","2,228",0,"7,707"
Arches NP,ARCH,National Park,Intermountain ,UT,1990,7,"84,017",0,"439,539",0,0,0,"4,712","2,191",99,0,810,Arches NP,ARCH,National Park,Intermountain ,UT,1990,"620,719",0,"3,258,165",0,0,0,"31,632","16,870","2,228",0,"7,707"
Arches NP,ARCH,National Park,Intermountain ,UT,1990,8,"97,265",0,"458,619",0,0,0,"4,101","1,686",150,0,"1,014",Arches NP,ARCH,National Park,Intermountain ,UT,1990,"620,719",0,"3,258,165",0,0,0,"31,632","16,870","2,228",0,"7,707"
Arches NP,ARCH,National Park,Intermountain ,UT,1990,9,"72,310",0,"360,402",0,0,0,"3,634","1,490",177,0,677,Arches NP,ARCH,National Park,Intermountain ,UT,1990,"620,719",0,"3,258,165",0,0,0,"31,632","16,870","2,228",0,"7,707"
Arches NP,ARCH,National Park,Intermountain ,UT,1990,10,"40,923",0,"251,025",0,0,0,"2,262","2,454",124,0,504,Arches NP,ARCH,National Park,Intermountain ,UT,1990,"620,719",0,"3,258,165",0,0,0,"31,632","16,870","2,228",0,"7,707"
Arches NP,ARCH,National Park,Intermountain ,UT,1990,11,"15,192",0,"81,552",0,0,0,486,618,138,0,257,Arches NP,ARCH,National Park,Intermountain ,UT,1990,"620,719",0,"3,258,165",0,0,0,"31,632","16,870","2,228",0,"7,707"
Arches NP,ARCH,National Park,Intermountain ,UT,1990,12,"7,211",0,"37,833",0,0,0,236,342,12,0,85,Arches NP,ARCH,National Park,Intermountain ,UT,1990,"620,719",0,"3,258,165",0,0,0,"31,632","16,870","2,228",0,"7,707"
Arches NP,ARCH,National Park,Intermountain ,UT,1991,1,"6,307",0,"28,161",0,0,0,199,176,10,0,0,Arches NP,ARCH,National Park,Intermountain ,UT,1991,"705,882",0,"3,507,846",0,0,0,"29,698","17,871","2,850",0,"7,835"
Arches NP,ARCH,National Park,Intermountain ,UT,1991,2,"11,453",0,"47,055",0,0,0,206,200,29,0,94,Arches NP,ARCH,National Park,Intermountain ,UT,1991,"705,882",0,"3,507,846",0,0,0,"29,698","17,871","2,850",0,"7,835"
Arches NP,ARCH,National Park,Intermountain ,UT,1991,3,"45,466",0,"294,462",0,0,0,"4,100","1,250",455,0,781,Arches NP,ARCH,National Park,Intermountain ,UT,1991,"705,882",0,"3,507,846",0,0,0,"29,698","17,871","2,850",0,"7,835"
Arches NP,ARCH,National Park,Intermountain ,UT,1991,4,"60,081",0,"342,579",0,0,0,"2,882","2,624",309,0,949,Arches NP,ARCH,National Park,Intermountain ,UT,1991,"705,882",0,"3,507,846",0,0,0,"29,698","17,871","2,850",0,"7,835"
Arches NP,ARCH,National Park,Intermountain ,UT,1991,5,"93,762",0,"476,934",0,0,0,"3,751","2,526",598,0,"1,277",Arches NP,ARCH,National Park,Intermountain ,UT,1991,"705,882",0,"3,507,846",0,0,0,"29,698","17,871","2,850",0,"7,835"
Arches NP,ARCH,National Park,Intermountain ,UT,1991,6,"104,120",0,"493,968",0,0,0,"3,451","2,421",281,0,"1,414",Arches NP,ARCH,National Park,Intermountain ,UT,1991,"705,882",0,"3,507,846",0,0,0,"29,698","17,871","2,850",0,"7,835"
Arches NP,ARCH,National Park,Intermountain ,UT,1991,7,"103,591",0,"467,229",0,0,0,"3,968","1,768",181,0,962,Arches NP,ARCH,National Park,Intermountain ,UT,1991,"705,882",0,"3,507,846",0,0,0,"29,698","17,871","2,850",0,"7,835"
Arches NP,ARCH,National Park,Intermountain ,UT,1991,8,"116,516",0,"546,036",0,0,0,"4,987","1,705",278,0,"1,217",Arches NP,ARCH,National Park,Intermountain ,UT,1991,"705,882",0,"3,507,846",0,0,0,"29,698","17,871","2,850",0,"7,835"
Arches NP,ARCH,National Park,Intermountain ,UT,1991,9,"90,407",0,"396,741",0,0,0,"2,668","1,943",303,0,316,Arches NP,ARCH,National Park,Intermountain ,UT,1991,"705,882",0,"3,507,846",0,0,0,"29,698","17,871","2,850",0,"7,835"
Arches NP,ARCH,National Park,Intermountain ,UT,1991,10,"51,260",0,"304,428",0,0,0,"2,560","2,798",313,0,575,Arches NP,ARCH,National Park,Intermountain ,UT,1991,"705,882",0,"3,507,846",0,0,0,"29,698","17,871","2,850",0,"7,835"
Arches NP,ARCH,National Park,Intermountain ,UT,1991,11,"14,808",0,"75,960",0,0,0,713,376,53,0,172,Arches NP,ARCH,National Park,Intermountain ,UT,1991,"705,882",0,"3,507,846",0,0,0,"29,698","17,871","2,850",0,"7,835"
Arches NP,ARCH,National Park,Intermountain ,UT,1991,12,"8,111",0,"34,293",0,0,0,213,84,40,0,78,Arches NP,ARCH,National Park,Intermountain ,UT,1991,"705,882",0,"3,507,846",0,0,0,"29,698","17,871","2,850",0,"7,835"
Arches NP,ARCH,National Park,Intermountain ,UT,1992,1,"8,016",0,"32,544",0,0,0,218,47,19,0,70,Arches NP,ARCH,National Park,Intermountain ,UT,1992,"799,831",0,"3,795,573",0,0,0,"32,777","15,893","3,033",0,"6,467"
Arches NP,ARCH,National Park,Intermountain ,UT,1992,2,"12,779",0,"53,289",0,0,0,242,234,52,0,95,Arches NP,ARCH,National Park,Intermountain ,UT,1992,"799,831",0,"3,795,573",0,0,0,"32,777","15,893","3,033",0,"6,467"
Arches NP,ARCH,National Park,Intermountain ,UT,1992,3,"50,228",0,"323,844",0,0,0,"4,584","1,771",410,0,450,Arches NP,ARCH,National Park,Intermountain ,UT,1992,"799,831",0,"3,795,573",0,0,0,"32,777","15,893","3,033",0,"6,467"
Arches NP,ARCH,National Park,Intermountain ,UT,1992,4,"82,025",0,"437,043",0,0,0,"3,641","2,827",580,0,909,Arches NP,ARCH,National Park,Intermountain ,UT,1992,"799,831",0,"3,795,573",0,0,0,"32,777","15,893","3,033",0,"6,467"
Arches NP,ARCH,National Park,Intermountain ,UT,1992,5,"104,639",0,"489,069",0,0,0,"3,553","2,093",549,0,"1,103",Arches NP,ARCH,National Park,Intermountain ,UT,1992,"799,831",0,"3,795,573",0,0,0,"32,777","15,893","3,033",0,"6,467"
Arches NP,ARCH,National Park,Intermountain ,UT,1992,6,"109,882",0,"497,262",0,0,0,"3,747","1,882",325,0,"1,030",Arches NP,ARCH,National Park,Intermountain ,UT,1992,"799,831",0,"3,795,573",0,0,0,"32,777","15,893","3,033",0,"6,467"
Arches NP,ARCH,National Park,Intermountain ,UT,1992,7,"119,021",0,"520,671",0,0,0,"4,183","1,651",274,0,709,Arches NP,ARCH,National Park,Intermountain ,UT,1992,"799,831",0,"3,795,573",0,0,0,"32,777","15,893","3,033",0,"6,467"
Arches NP,ARCH,National Park,Intermountain ,UT,1992,8,"124,840",0,"548,352",0,0,0,"5,091","1,416",235,0,501,Arches NP,ARCH,National Park,Intermountain ,UT,1992,"799,831",0,"3,795,573",0,0,0,"32,777","15,893","3,033",0,"6,467"
Arches NP,ARCH,National Park,Intermountain ,UT,1992,9,"104,561",0,"458,211",0,0,0,"3,399","1,763",314,0,546,Arches NP,ARCH,National Park,Intermountain ,UT,1992,"799,831",0,"3,795,573",0,0,0,"32,777","15,893","3,033",0,"6,467"
Arches NP,ARCH,National Park,Intermountain ,UT,1992,10,"58,839",0,"315,261",0,0,0,"3,073","1,683",243,0,782,Arches NP,ARCH,National Park,Intermountain ,UT,1992,"799,831",0,"3,795,573",0,0,0,"32,777","15,893","3,033",0,"6,467"
Arches NP,ARCH,National Park,Intermountain ,UT,1992,11,"18,150",0,"91,650",0,0,0,871,457,12,0,210,Arches NP,ARCH,National Park,Intermountain ,UT,1992,"799,831",0,"3,795,573",0,0,0,"32,777","15,893","3,033",0,"6,467"
Arches NP,ARCH,National Park,Intermountain ,UT,1992,12,"6,851",0,"28,377",0,0,0,175,69,20,0,62,Arches NP,ARCH,National Park,Intermountain ,UT,1992,"799,831",0,"3,795,573",0,0,0,"32,777","15,893","3,033",0,"6,467"
Arches NP,ARCH,National Park,Intermountain ,UT,1993,1,"6,036",0,"27,391",0,0,0,240,53,17,0,77,Arches NP,ARCH,National Park,Intermountain ,UT,1993,"773,678",0,"3,506,849",0,0,0,"30,028","12,002","2,289",0,"5,090"
Arches NP,ARCH,National Park,Intermountain ,UT,1993,2,"8,599",0,"37,115",0,0,0,192,190,14,0,76,Arches NP,ARCH,National Park,Intermountain ,UT,1993,"773,678",0,"3,506,849",0,0,0,"30,028","12,002","2,289",0,"5,090"
Arches NP,ARCH,National Park,Intermountain ,UT,1993,3,"43,551",0,"297,575",0,0,0,"4,674","1,328",543,0,410,Arches NP,ARCH,National Park,Intermountain ,UT,1993,"773,678",0,"3,506,849",0,0,0,"30,028","12,002","2,289",0,"5,090"
Arches NP,ARCH,National Park,Intermountain ,UT,1993,4,"74,542",0,"373,100",0,0,0,"3,437","1,917",505,0,369,Arches NP,ARCH,National Park,Intermountain ,UT,1993,"773,678",0,"3,506,849",0,0,0,"30,028","12,002","2,289",0,"5,090"
Arches NP,ARCH,National Park,Intermountain ,UT,1993,5,"103,852",0,"452,520",0,0,0,"3,399","1,825",245,0,404,Arches NP,ARCH,National Park,Intermountain ,UT,1993,"773,678",0,"3,506,849",0,0,0,"30,028","12,002","2,289",0,"5,090"
Arches NP,ARCH,National Park,Intermountain ,UT,1993,6,"102,396",0,"435,139",0,0,0,"3,391","1,385",281,0,274,Arches NP,ARCH,National Park,Intermountain ,UT,1993,"773,678",0,"3,506,849",0,0,0,"30,028","12,002","2,289",0,"5,090"
Arches NP,ARCH,National Park,Intermountain ,UT,1993,7,"116,886",0,"471,733",0,0,0,"2,973","1,250",143,0,679,Arches NP,ARCH,National Park,Intermountain ,UT,1993,"773,678",0,"3,506,849",0,0,0,"30,028","12,002","2,289",0,"5,090"
Arches NP,ARCH,National Park,Intermountain ,UT,1993,8,"118,500",0,"493,027",0,0,0,"4,020",918,165,0,627,Arches NP,ARCH,National Park,Intermountain ,UT,1993,"773,678",0,"3,506,849",0,0,0,"30,028","12,002","2,289",0,"5,090"
Arches NP,ARCH,National Park,Intermountain ,UT,1993,9,"111,614",0,"470,915",0,0,0,"3,453","1,247",133,0,836,Arches NP,ARCH,National Park,Intermountain ,UT,1993,"773,678",0,"3,506,849",0,0,0,"30,028","12,002","2,289",0,"5,090"
Arches NP,ARCH,National Park,Intermountain ,UT,1993,10,"60,523",0,"314,841",0,0,0,"3,058","1,298",182,0,"1,015",Arches NP,ARCH,National Park,Intermountain ,UT,1993,"773,678",0,"3,506,849",0,0,0,"30,028","12,002","2,289",0,"5,090"
Arches NP,ARCH,National Park,Intermountain ,UT,1993,11,"18,951",0,"98,695",0,0,0,965,502,35,0,242,Arches NP,ARCH,National Park,Intermountain ,UT,1993,"773,678",0,"3,506,849",0,0,0,"30,028","12,002","2,289",0,"5,090"
Arches NP,ARCH,National Park,Intermountain ,UT,1993,12,"8,228",0,"34,798",0,0,0,226,89,26,0,81,Arches NP,ARCH,National Park,Intermountain ,UT,1993,"773,678",0,"3,506,849",0,0,0,"30,028","12,002","2,289",0,"5,090"
Arches NP,ARCH,National Park,Intermountain ,UT,1994,1,"9,904",0,"43,430",0,0,0,391,86,16,0,78,Arches NP,ARCH,National Park,Intermountain ,UT,1994,"777,178",0,"3,578,970",0,0,0,"28,835","13,039","1,267",0,"8,837"
Arches NP,ARCH,National Park,Intermountain ,UT,1994,2,"12,348",0,"53,042",0,0,0,274,276,15,0,102,Arches NP,ARCH,National Park,Intermountain ,UT,1994,"777,178",0,"3,578,970",0,0,0,"28,835","13,039","1,267",0,"8,837"
Arches NP,ARCH,National Park,Intermountain ,UT,1994,3,"53,504",0,"315,989",0,0,0,"4,101","1,423",286,0,668,Arches NP,ARCH,National Park,Intermountain ,UT,1994,"777,178",0,"3,578,970",0,0,0,"28,835","13,039","1,267",0,"8,837"
Arches NP,ARCH,National Park,Intermountain ,UT,1994,4,"74,096",0,"395,177",0,0,0,"3,324","2,160",280,0,"1,440",Arches NP,ARCH,National Park,Intermountain ,UT,1994,"777,178",0,"3,578,970",0,0,0,"28,835","13,039","1,267",0,"8,837"
Arches NP,ARCH,National Park,Intermountain ,UT,1994,5,"103,871",0,"475,641",0,0,0,"3,213","1,850",239,0,"1,533",Arches NP,ARCH,National Park,Intermountain ,UT,1994,"777,178",0,"3,578,970",0,0,0,"28,835","13,039","1,267",0,"8,837"
Arches NP,ARCH,National Park,Intermountain ,UT,1994,6,"98,464",0,"434,491",0,0,0,"3,137","1,652",100,0,906,Arches NP,ARCH,National Park,Intermountain ,UT,1994,"777,178",0,"3,578,970",0,0,0,"28,835","13,039","1,267",0,"8,837"
Arches NP,ARCH,National Park,Intermountain ,UT,1994,7,"109,497",0,"472,292",0,0,0,"3,791","1,045",78,0,"1,078",Arches NP,ARCH,National Park,Intermountain ,UT,1994,"777,178",0,"3,578,970",0,0,0,"28,835","13,039","1,267",0,"8,837"
Arches NP,ARCH,National Park,Intermountain ,UT,1994,8,"115,008",0,"478,080",0,0,0,"3,958","1,037",65,0,484,Arches NP,ARCH,National Park,Intermountain ,UT,1994,"777,178",0,"3,578,970",0,0,0,"28,835","13,039","1,267",0,"8,837"
Arches NP,ARCH,National Park,Intermountain ,UT,1994,9,"110,027",0,"472,353",0,0,0,"3,170","1,474",112,0,"1,172",Arches NP,ARCH,National Park,Intermountain ,UT,1994,"777,178",0,"3,578,970",0,0,0,"28,835","13,039","1,267",0,"8,837"
Arches NP,ARCH,National Park,Intermountain ,UT,1994,10,"61,676",0,"301,663",0,0,0,"2,297","1,464",53,0,"1,046",Arches NP,ARCH,National Park,Intermountain ,UT,1994,"777,178",0,"3,578,970",0,0,0,"28,835","13,039","1,267",0,"8,837"
Arches NP,ARCH,National Park,Intermountain ,UT,1994,11,"16,776",0,"86,861",0,0,0,850,442,18,0,213,Arches NP,ARCH,National Park,Intermountain ,UT,1994,"777,178",0,"3,578,970",0,0,0,"28,835","13,039","1,267",0,"8,837"
Arches NP,ARCH,National Park,Intermountain ,UT,1994,12,"12,007",0,"49,951",0,0,0,329,130,5,0,117,Arches NP,ARCH,National Park,Intermountain ,UT,1994,"777,178",0,"3,578,970",0,0,0,"28,835","13,039","1,267",0,"8,837"
Arches NP,ARCH,National Park,Intermountain ,UT,1995,1,"11,055",0,"41,027",0,0,0,223,74,30,0,0,Arches NP,ARCH,National Park,Intermountain ,UT,1995,"859,374",0,"3,705,909",0,0,0,"27,963","12,437",868,0,"5,723"
Arches NP,ARCH,National Park,Intermountain ,UT,1995,2,"15,813",0,"64,863",0,0,0,583,77,21,0,45,Arches NP,ARCH,National Park,Intermountain ,UT,1995,"859,374",0,"3,705,909",0,0,0,"27,963","12,437",868,0,"5,723"
Arches NP,ARCH,National Park,Intermountain ,UT,1995,3,"52,952",0,"288,322",0,0,0,"3,850","1,015",129,0,400,Arches NP,ARCH,National Park,Intermountain ,UT,1995,"859,374",0,"3,705,909",0,0,0,"27,963","12,437",868,0,"5,723"
Arches NP,ARCH,National Park,Intermountain ,UT,1995,4,"76,855",0,"374,517",0,0,0,"3,661","1,631",177,0,529,Arches NP,ARCH,National Park,Intermountain ,UT,1995,"859,374",0,"3,705,909",0,0,0,"27,963","12,437",868,0,"5,723"
Arches NP,ARCH,National Park,Intermountain ,UT,1995,5,"111,925",0,"488,290",0,0,0,"3,432","1,709",121,0,"1,093",Arches NP,ARCH,National Park,Intermountain ,UT,1995,"859,374",0,"3,705,909",0,0,0,"27,963","12,437",868,0,"5,723"
Arches NP,ARCH,National Park,Intermountain ,UT,1995,6,"116,972",0,"494,311",0,0,0,"3,189","1,547",76,0,"1,163",Arches NP,ARCH,National Park,Intermountain ,UT,1995,"859,374",0,"3,705,909",0,0,0,"27,963","12,437",868,0,"5,723"
Arches NP,ARCH,National Park,Intermountain ,UT,1995,7,"136,258",0,"529,300",0,0,0,"2,892","1,231",76,0,823,Arches NP,ARCH,National Park,Intermountain ,UT,1995,"859,374",0,"3,705,909",0,0,0,"27,963","12,437",868,0,"5,723"
Arches NP,ARCH,National Park,Intermountain ,UT,1995,8,"127,740",0,"510,929",0,0,0,"3,264","1,423",78,0,556,Arches NP,ARCH,National Park,Intermountain ,UT,1995,"859,374",0,"3,705,909",0,0,0,"27,963","12,437",868,0,"5,723"
Arches NP,ARCH,National Park,Intermountain ,UT,1995,9,"120,634",0,"487,528",0,0,0,"3,040","1,582",53,0,559,Arches NP,ARCH,National Park,Intermountain ,UT,1995,"859,374",0,"3,705,909",0,0,0,"27,963","12,437",868,0,"5,723"
Arches NP,ARCH,National Park,Intermountain ,UT,1995,10,"66,136",0,"311,386",0,0,0,"2,506","1,745",80,0,377,Arches NP,ARCH,National Park,Intermountain ,UT,1995,"859,374",0,"3,705,909",0,0,0,"27,963","12,437",868,0,"5,723"
Arches NP,ARCH,National Park,Intermountain ,UT,1995,11,"18,025",0,"95,211",0,0,0,"1,181",331,24,0,178,Arches NP,ARCH,National Park,Intermountain ,UT,1995,"859,374",0,"3,705,909",0,0,0,"27,963","12,437",868,0,"5,723"
Arches NP,ARCH,National Park,Intermountain ,UT,1995,12,"5,009",0,"20,225",0,0,0,142,72,3,0,0,Arches NP,ARCH,National Park,Intermountain ,UT,1995,"859,374",0,"3,705,909",0,0,0,"27,963","12,437",868,0,"5,723"
Arches NP,ARCH,National Park,Intermountain ,UT,1996,1,"8,183",0,"32,819",0,0,0,242,91,11,0,0,Arches NP,ARCH,National Park,Intermountain ,UT,1996,"856,016",0,"3,663,763",0,0,0,"27,266","12,905",555,0,"4,931"
Arches NP,ARCH,National Park,Intermountain ,UT,1996,2,"14,300",0,"68,642",0,0,0,874,192,7,0,0,Arches NP,ARCH,National Park,Intermountain ,UT,1996,"856,016",0,"3,663,763",0,0,0,"27,266","12,905",555,0,"4,931"
Arches NP,ARCH,National Park,Intermountain ,UT,1996,3,"58,978",0,"288,431",0,0,0,"3,321",867,77,0,381,Arches NP,ARCH,National Park,Intermountain ,UT,1996,"856,016",0,"3,663,763",0,0,0,"27,266","12,905",555,0,"4,931"
Arches NP,ARCH,National Park,Intermountain ,UT,1996,4,"79,685",0,"376,906",0,0,0,"3,216","1,898",59,0,571,Arches NP,ARCH,National Park,Intermountain ,UT,1996,"856,016",0,"3,663,763",0,0,0,"27,266","12,905",555,0,"4,931"
Arches NP,ARCH,National Park,Intermountain ,UT,1996,5,"116,552",0,"501,259",0,0,0,"3,043","1,882",148,0,"1,244",Arches NP,ARCH,National Park,Intermountain ,UT,1996,"856,016",0,"3,663,763",0,0,0,"27,266","12,905",555,0,"4,931"
Arches NP,ARCH,National Park,Intermountain ,UT,1996,6,"111,616",0,"463,978",0,0,0,"3,065","1,450",50,0,816,Arches NP,ARCH,National Park,Intermountain ,UT,1996,"856,016",0,"3,663,763",0,0,0,"27,266","12,905",555,0,"4,931"
Arches NP,ARCH,National Park,Intermountain ,UT,1996,7,"119,378",0,"494,317",0,0,0,"3,688","1,169",26,0,791,Arches NP,ARCH,National Park,Intermountain ,UT,1996,"856,016",0,"3,663,763",0,0,0,"27,266","12,905",555,0,"4,931"
Arches NP,ARCH,National Park,Intermountain ,UT,1996,8,"128,102",0,"506,473",0,0,0,"3,413","1,364",37,0,277,Arches NP,ARCH,National Park,Intermountain ,UT,1996,"856,016",0,"3,663,763",0,0,0,"27,266","12,905",555,0,"4,931"
Arches NP,ARCH,National Park,Intermountain ,UT,1996,9,"121,734",0,"485,776",0,0,0,"2,854","1,755",65,0,350,Arches NP,ARCH,National Park,Intermountain ,UT,1996,"856,016",0,"3,663,763",0,0,0,"27,266","12,905",555,0,"4,931"
Arches NP,ARCH,National Park,Intermountain ,UT,1996,10,"63,804",0,"289,942",0,0,0,"2,098","1,637",44,0,327,Arches NP,ARCH,National Park,Intermountain ,UT,1996,"856,016",0,"3,663,763",0,0,0,"27,266","12,905",555,0,"4,931"
Arches NP,ARCH,National Park,Intermountain ,UT,1996,11,"19,972",0,"104,810",0,0,0,"1,152",514,31,0,174,Arches NP,ARCH,National Park,Intermountain ,UT,1996,"856,016",0,"3,663,763",0,0,0,"27,266","12,905",555,0,"4,931"
Arches NP,ARCH,National Park,Intermountain ,UT,1996,12,"13,712",0,"50,410",0,0,0,300,86,0,0,0,Arches NP,ARCH,National Park,Intermountain ,UT,1996,"856,016",0,"3,663,763",0,0,0,"27,266","12,905",555,0,"4,931"
Arches NP,ARCH,National Park,Intermountain ,UT,1997,1,"9,422",0,"35,375",0,0,0,257,38,1,0,0,Arches NP,ARCH,National Park,Intermountain ,UT,1997,"858,525",0,"3,715,704",0,0,0,"28,229","13,284",728,0,"5,264"
Arches NP,ARCH,National Park,Intermountain ,UT,1997,2,"13,493",0,"53,372",0,0,0,415,108,14,0,0,Arches NP,ARCH,National Park,Intermountain ,UT,1997,"858,525",0,"3,715,704",0,0,0,"28,229","13,284",728,0,"5,264"
Arches NP,ARCH,National Park,Intermountain ,UT,1997,3,"64,176",0,"310,963",0,0,0,"3,286",964,151,0,534,Arches NP,ARCH,National Park,Intermountain ,UT,1997,"858,525",0,"3,715,704",0,0,0,"28,229","13,284",728,0,"5,264"
Arches NP,ARCH,National Park,Intermountain ,UT,1997,4,"70,201",0,"342,946",0,0,0,"2,889","1,725",115,0,785,Arches NP,ARCH,National Park,Intermountain ,UT,1997,"858,525",0,"3,715,704",0,0,0,"28,229","13,284",728,0,"5,264"
Arches NP,ARCH,National Park,Intermountain ,UT,1997,5,"115,568",0,"496,430",0,0,0,"2,862","2,074",136,0,"1,167",Arches NP,ARCH,National Park,Intermountain ,UT,1997,"858,525",0,"3,715,704",0,0,0,"28,229","13,284",728,0,"5,264"
Arches NP,ARCH,National Park,Intermountain ,UT,1997,6,"114,213",0,"478,390",0,0,0,"3,456","1,401",77,0,722,Arches NP,ARCH,National Park,Intermountain ,UT,1997,"858,525",0,"3,715,704",0,0,0,"28,229","13,284",728,0,"5,264"
Arches NP,ARCH,National Park,Intermountain ,UT,1997,7,"122,626",0,"514,621",0,0,0,"4,069","1,220",58,0,767,Arches NP,ARCH,National Park,Intermountain ,UT,1997,"858,525",0,"3,715,704",0,0,0,"28,229","13,284",728,0,"5,264"
Arches NP,ARCH,National Park,Intermountain ,UT,1997,8,"131,104",0,"525,883",0,0,0,"3,729","1,466",39,0,290,Arches NP,ARCH,National Park,Intermountain ,UT,1997,"858,525",0,"3,715,704",0,0,0,"28,229","13,284",728,0,"5,264"
Arches NP,ARCH,National Park,Intermountain ,UT,1997,9,"119,450",0,"487,612",0,0,0,"3,092","1,922",70,0,302,Arches NP,ARCH,National Park,Intermountain ,UT,1997,"858,525",0,"3,715,704",0,0,0,"28,229","13,284",728,0,"5,264"
Arches NP,ARCH,National Park,Intermountain ,UT,1997,10,"66,854",0,"322,362",0,0,0,"2,758","1,646",39,0,632,Arches NP,ARCH,National Park,Intermountain ,UT,1997,"858,525",0,"3,715,704",0,0,0,"28,229","13,284",728,0,"5,264"
Arches NP,ARCH,National Park,Intermountain ,UT,1997,11,"19,933",0,"105,836",0,0,0,"1,200",631,22,0,65,Arches NP,ARCH,National Park,Intermountain ,UT,1997,"858,525",0,"3,715,704",0,0,0,"28,229","13,284",728,0,"5,264"
Arches NP,ARCH,National Park,Intermountain ,UT,1997,12,"11,485",0,"41,914",0,0,0,216,89,6,0,0,Arches NP,ARCH,National Park,Intermountain ,UT,1997,"858,525",0,"3,715,704",0,0,0,"28,229","13,284",728,0,"5,264"
Arches NP,ARCH,National Park,Intermountain ,UT,1998,1,"10,450",0,"42,491",0,0,0,341,110,13,0,0,Arches NP,ARCH,National Park,Intermountain ,UT,1998,"837,161",0,"3,710,443",0,0,0,"30,348","13,618",420,0,"5,569"
Arches NP,ARCH,National Park,Intermountain ,UT,1998,2,"12,337",0,"51,229",0,0,0,398,168,7,0,19,Arches NP,ARCH,National Park,Intermountain ,UT,1998,"837,161",0,"3,710,443",0,0,0,"30,348","13,618",420,0,"5,569"
Arches NP,ARCH,National Park,Intermountain ,UT,1998,3,"52,467",0,"279,307",0,0,0,"3,364","1,096",26,0,593,Arches NP,ARCH,National Park,Intermountain ,UT,1998,"837,161",0,"3,710,443",0,0,0,"30,348","13,618",420,0,"5,569"
Arches NP,ARCH,National Park,Intermountain ,UT,1998,4,"75,236",0,"365,201",0,0,0,"3,124","1,779",49,0,860,Arches NP,ARCH,National Park,Intermountain ,UT,1998,"837,161",0,"3,710,443",0,0,0,"30,348","13,618",420,0,"5,569"
Arches NP,ARCH,National Park,Intermountain ,UT,1998,5,"119,525",0,"523,769",0,0,0,"3,497","2,101",89,0,"1,197",Arches NP,ARCH,National Park,Intermountain ,UT,1998,"837,161",0,"3,710,443",0,0,0,"30,348","13,618",420,0,"5,569"
Arches NP,ARCH,National Park,Intermountain ,UT,1998,6,"116,384",0,"506,155",0,0,0,"3,964","1,636",47,0,895,Arches NP,ARCH,National Park,Intermountain ,UT,1998,"837,161",0,"3,710,443",0,0,0,"30,348","13,618",420,0,"5,569"
Arches NP,ARCH,National Park,Intermountain ,UT,1998,7,"113,040",0,"492,883",0,0,0,"4,458","1,358",44,0,547,Arches NP,ARCH,National Park,Intermountain ,UT,1998,"837,161",0,"3,710,443",0,0,0,"30,348","13,618",420,0,"5,569"
Arches NP,ARCH,National Park,Intermountain ,UT,1998,8,"120,361",0,"485,638",0,0,0,"3,677","1,220",71,0,221,Arches NP,ARCH,National Park,Intermountain ,UT,1998,"837,161",0,"3,710,443",0,0,0,"30,348","13,618",420,0,"5,569"
Arches NP,ARCH,National Park,Intermountain ,UT,1998,9,"116,137",0,"476,566",0,0,0,"3,191","1,733",29,0,386,Arches NP,ARCH,National Park,Intermountain ,UT,1998,"837,161",0,"3,710,443",0,0,0,"30,348","13,618",420,0,"5,569"
Arches NP,ARCH,National Park,Intermountain ,UT,1998,10,"68,808",0,"337,003",0,0,0,"2,822","1,778",26,0,814,Arches NP,ARCH,National Park,Intermountain ,UT,1998,"837,161",0,"3,710,443",0,0,0,"30,348","13,618",420,0,"5,569"
Arches NP,ARCH,National Park,Intermountain ,UT,1998,11,"21,875",0,"107,884",0,0,0,"1,176",533,15,0,37,Arches NP,ARCH,National Park,Intermountain ,UT,1998,"837,161",0,"3,710,443",0,0,0,"30,348","13,618",420,0,"5,569"
Arches NP,ARCH,National Park,Intermountain ,UT,1998,12,"10,541",0,"42,317",0,0,0,336,106,4,0,0,Arches NP,ARCH,National Park,Intermountain ,UT,1998,"837,161",0,"3,710,443",0,0,0,"30,348","13,618",420,0,"5,569"
Arches NP,ARCH,National Park,Intermountain ,UT,1999,1,"11,967",0,"46,874",0,0,0,336,103,4,0,14,Arches NP,ARCH,National Park,Intermountain ,UT,1999,"869,980",0,"3,787,746",0,0,0,"26,984","15,520",817,0,"5,754"
Arches NP,ARCH,National Park,Intermountain ,UT,1999,2,"15,378",0,"67,211",0,0,0,590,245,6,0,37,Arches NP,ARCH,National Park,Intermountain ,UT,1999,"869,980",0,"3,787,746",0,0,0,"26,984","15,520",817,0,"5,754"
Arches NP,ARCH,National Park,Intermountain ,UT,1999,3,"62,198",0,"298,705",0,0,0,"2,919","1,210",166,0,377,Arches NP,ARCH,National Park,Intermountain ,UT,1999,"869,980",0,"3,787,746",0,0,0,"26,984","15,520",817,0,"5,754"
Arches NP,ARCH,National Park,Intermountain ,UT,1999,4,"69,196",0,"336,840",0,0,0,"2,546","2,165",125,0,549,Arches NP,ARCH,National Park,Intermountain ,UT,1999,"869,980",0,"3,787,746",0,0,0,"26,984","15,520",817,0,"5,754"
Arches NP,ARCH,National Park,Intermountain ,UT,1999,5,"120,213",0,"511,817",0,0,0,"2,689","2,125",174,0,"1,311",Arches NP,ARCH,National Park,Intermountain ,UT,1999,"869,980",0,"3,787,746",0,0,0,"26,984","15,520",817,0,"5,754"
Arches NP,ARCH,National Park,Intermountain ,UT,1999,6,"118,326",0,"503,910",0,0,0,"3,372","1,825",87,0,921,Arches NP,ARCH,National Park,Intermountain ,UT,1999,"869,980",0,"3,787,746",0,0,0,"26,984","15,520",817,0,"5,754"
Arches NP,ARCH,National Park,Intermountain ,UT,1999,7,"118,042",0,"492,349",0,0,0,"3,505","1,488",48,0,719,Arches NP,ARCH,National Park,Intermountain ,UT,1999,"869,980",0,"3,787,746",0,0,0,"26,984","15,520",817,0,"5,754"
Arches NP,ARCH,National Park,Intermountain ,UT,1999,8,"124,130",0,"508,499",0,0,0,"3,715","1,512",92,0,352,Arches NP,ARCH,National Park,Intermountain ,UT,1999,"869,980",0,"3,787,746",0,0,0,"26,984","15,520",817,0,"5,754"
Arches NP,ARCH,National Park,Intermountain ,UT,1999,9,"119,657",0,"492,022",0,0,0,"2,862","1,982",46,0,654,Arches NP,ARCH,National Park,Intermountain ,UT,1999,"869,980",0,"3,787,746",0,0,0,"26,984","15,520",817,0,"5,754"
Arches NP,ARCH,National Park,Intermountain ,UT,1999,10,"71,604",0,"346,490",0,0,0,"2,743","1,922",52,0,769,Arches NP,ARCH,National Park,Intermountain ,UT,1999,"869,980",0,"3,787,746",0,0,0,"26,984","15,520",817,0,"5,754"
Arches NP,ARCH,National Park,Intermountain ,UT,1999,11,"25,888",0,"127,536",0,0,0,"1,277",739,11,0,51,Arches NP,ARCH,National Park,Intermountain ,UT,1999,"869,980",0,"3,787,746",0,0,0,"26,984","15,520",817,0,"5,754"
Arches NP,ARCH,National Park,Intermountain ,UT,1999,12,"13,381",0,"55,493",0,0,0,430,204,6,0,0,Arches NP,ARCH,National Park,Intermountain ,UT,1999,"869,980",0,"3,787,746",0,0,0,"26,984","15,520",817,0,"5,754"
Arches NP,ARCH,National Park,Intermountain ,UT,2000,1,"11,505",0,"46,256",0,0,0,348,139,2,0,0,Arches NP,ARCH,National Park,Intermountain ,UT,2000,"786,429",0,"3,457,464",0,0,0,"26,940","14,116",643,0,"4,059"
Arches NP,ARCH,National Park,Intermountain ,UT,2000,2,"14,435",0,"61,569",0,0,0,442,314,3,0,2,Arches NP,ARCH,National Park,Intermountain ,UT,2000,"786,429",0,"3,457,464",0,0,0,"26,940","14,116",643,0,"4,059"
Arches NP,ARCH,National Park,Intermountain ,UT,2000,3,"52,392",0,"284,167",0,0,0,"3,572","1,312",146,0,261,Arches NP,ARCH,National Park,Intermountain ,UT,2000,"786,429",0,"3,457,464",0,0,0,"26,940","14,116",643,0,"4,059"
Arches NP,ARCH,National Park,Intermountain ,UT,2000,4,"77,012",0,"382,517",0,0,0,"3,591","2,055",104,0,562,Arches NP,ARCH,National Park,Intermountain ,UT,2000,"786,429",0,"3,457,464",0,0,0,"26,940","14,116",643,0,"4,059"
Arches NP,ARCH,National Park,Intermountain ,UT,2000,5,"107,856",0,"470,225",0,0,0,"3,267","2,001",119,0,724,Arches NP,ARCH,National Park,Intermountain ,UT,2000,"786,429",0,"3,457,464",0,0,0,"26,940","14,116",643,0,"4,059"
Arches NP,ARCH,National Park,Intermountain ,UT,2000,6,"106,198",0,"461,392",0,0,0,"3,318","1,831",49,0,752,Arches NP,ARCH,National Park,Intermountain ,UT,2000,"786,429",0,"3,457,464",0,0,0,"26,940","14,116",643,0,"4,059"
Arches NP,ARCH,National Park,Intermountain ,UT,2000,7,"110,434",0,"466,228",0,0,0,"3,691","1,296",39,0,596,Arches NP,ARCH,National Park,Intermountain ,UT,2000,"786,429",0,"3,457,464",0,0,0,"26,940","14,116",643,0,"4,059"
Arches NP,ARCH,National Park,Intermountain ,UT,2000,8,"104,487",0,"434,323",0,0,0,"3,308","1,544",62,0,122,Arches NP,ARCH,National Park,Intermountain ,UT,2000,"786,429",0,"3,457,464",0,0,0,"26,940","14,116",643,0,"4,059"
Arches NP,ARCH,National Park,Intermountain ,UT,2000,9,"104,706",0,"446,452",0,0,0,"2,900","1,898",63,0,653,Arches NP,ARCH,National Park,Intermountain ,UT,2000,"786,429",0,"3,457,464",0,0,0,"26,940","14,116",643,0,"4,059"
Arches NP,ARCH,National Park,Intermountain ,UT,2000,10,"65,675",0,"308,836",0,0,0,"2,503","1,726",43,0,387,Arches NP,ARCH,National Park,Intermountain ,UT,2000,"786,429",0,"3,457,464",0,0,0,"26,940","14,116",643,0,"4,059"
Arches NP,ARCH,National Park,Intermountain ,UT,2000,11,"19,787",0,"59,505",0,0,0,0,0,6,0,0,Arches NP,ARCH,National Park,Intermountain ,UT,2000,"786,429",0,"3,457,464",0,0,0,"26,940","14,116",643,0,"4,059"
Arches NP,ARCH,National Park,Intermountain ,UT,2000,12,"11,942",0,"35,994",0,0,0,0,0,7,0,0,Arches NP,ARCH,National Park,Intermountain ,UT,2000,"786,429",0,"3,457,464",0,0,0,"26,940","14,116",643,0,"4,059"
Arches NP,ARCH,National Park,Intermountain ,UT,2001,1,"10,566",0,"31,842",0,0,0,0,0,6,0,0,Arches NP,ARCH,National Park,Intermountain ,UT,2001,"754,026",0,"3,388,006",0,0,0,"29,711","12,466",414,0,"4,322"
Arches NP,ARCH,National Park,Intermountain ,UT,2001,2,"12,868",0,"45,334",0,0,0,149,130,2,0,0,Arches NP,ARCH,National Park,Intermountain ,UT,2001,"754,026",0,"3,388,006",0,0,0,"29,711","12,466",414,0,"4,322"
Arches NP,ARCH,National Park,Intermountain ,UT,2001,3,"55,082",0,"282,889",0,0,0,"3,448","1,018",64,0,372,Arches NP,ARCH,National Park,Intermountain ,UT,2001,"754,026",0,"3,388,006",0,0,0,"29,711","12,466",414,0,"4,322"
Arches NP,ARCH,National Park,Intermountain ,UT,2001,4,"73,213",0,"365,026",0,0,0,"3,518","1,947",108,0,485,Arches NP,ARCH,National Park,Intermountain ,UT,2001,"754,026",0,"3,388,006",0,0,0,"29,711","12,466",414,0,"4,322"
Arches NP,ARCH,National Park,Intermountain ,UT,2001,5,"112,865",0,"507,826",0,0,0,"4,031","1,879",92,0,"1,049",Arches NP,ARCH,National Park,Intermountain ,UT,2001,"754,026",0,"3,388,006",0,0,0,"29,711","12,466",414,0,"4,322"
Arches NP,ARCH,National Park,Intermountain ,UT,2001,6,"99,452",0,"432,190",0,0,0,"3,456","1,382",35,0,703,Arches NP,ARCH,National Park,Intermountain ,UT,2001,"754,026",0,"3,388,006",0,0,0,"29,711","12,466",414,0,"4,322"
Arches NP,ARCH,National Park,Intermountain ,UT,2001,7,"100,281",0,"426,757",0,0,0,"3,634","1,069",21,0,522,Arches NP,ARCH,National Park,Intermountain ,UT,2001,"754,026",0,"3,388,006",0,0,0,"29,711","12,466",414,0,"4,322"
Arches NP,ARCH,National Park,Intermountain ,UT,2001,8,"97,985",0,"417,836",0,0,0,"3,723","1,220",13,0,205,Arches NP,ARCH,National Park,Intermountain ,UT,2001,"754,026",0,"3,388,006",0,0,0,"29,711","12,466",414,0,"4,322"
Arches NP,ARCH,National Park,Intermountain ,UT,2001,9,"94,814",0,"413,629",0,0,0,"3,386","1,539",25,0,433,Arches NP,ARCH,National Park,Intermountain ,UT,2001,"754,026",0,"3,388,006",0,0,0,"29,711","12,466",414,0,"4,322"
Arches NP,ARCH,National Park,Intermountain ,UT,2001,10,"60,747",0,"300,715",0,0,0,"2,705","1,702",29,0,501,Arches NP,ARCH,National Park,Intermountain ,UT,2001,"754,026",0,"3,388,006",0,0,0,"29,711","12,466",414,0,"4,322"
Arches NP,ARCH,National Park,Intermountain ,UT,2001,11,"26,363",0,"124,406",0,0,0,"1,361",458,17,0,52,Arches NP,ARCH,National Park,Intermountain ,UT,2001,"754,026",0,"3,388,006",0,0,0,"29,711","12,466",414,0,"4,322"
Arches NP,ARCH,National Park,Intermountain ,UT,2001,12,"9,790",0,"39,556",0,0,0,300,122,2,0,0,Arches NP,ARCH,National Park,Intermountain ,UT,2001,"754,026",0,"3,388,006",0,0,0,"29,711","12,466",414,0,"4,322"
Arches NP,ARCH,National Park,Intermountain ,UT,2002,1,"9,951",0,"35,326",0,0,0,146,82,0,0,0,Arches NP,ARCH,National Park,Intermountain ,UT,2002,"769,672",0,"3,433,320",0,0,0,"29,450","12,074",402,0,"4,921"
Arches NP,ARCH,National Park,Intermountain ,UT,2002,2,"18,163",0,"62,060",0,0,0,221,82,5,0,8,Arches NP,ARCH,National Park,Intermountain ,UT,2002,"769,672",0,"3,433,320",0,0,0,"29,450","12,074",402,0,"4,921"
Arches NP,ARCH,National Park,Intermountain ,UT,2002,3,"57,348",0,"284,358",0,0,0,"3,121","1,121",48,0,390,Arches NP,ARCH,National Park,Intermountain ,UT,2002,"769,672",0,"3,433,320",0,0,0,"29,450","12,074",402,0,"4,921"
Arches NP,ARCH,National Park,Intermountain ,UT,2002,4,"76,544",0,"383,338",0,0,0,"3,667","1,955",100,0,683,Arches NP,ARCH,National Park,Intermountain ,UT,2002,"769,672",0,"3,433,320",0,0,0,"29,450","12,074",402,0,"4,921"
Arches NP,ARCH,National Park,Intermountain ,UT,2002,5,"109,130",0,"497,790",0,0,0,"4,163","1,777",93,0,"1,067",Arches NP,ARCH,National Park,Intermountain ,UT,2002,"769,672",0,"3,433,320",0,0,0,"29,450","12,074",402,0,"4,921"
Arches NP,ARCH,National Park,Intermountain ,UT,2002,6,"101,051",0,"435,500",0,0,0,"3,499","1,212",37,0,766,Arches NP,ARCH,National Park,Intermountain ,UT,2002,"769,672",0,"3,433,320",0,0,0,"29,450","12,074",402,0,"4,921"
Arches NP,ARCH,National Park,Intermountain ,UT,2002,7,"96,566",0,"419,353",0,0,0,"3,950",853,16,0,583,Arches NP,ARCH,National Park,Intermountain ,UT,2002,"769,672",0,"3,433,320",0,0,0,"29,450","12,074",402,0,"4,921"
Arches NP,ARCH,National Park,Intermountain ,UT,2002,8,"97,631",0,"418,142",0,0,0,"3,937",980,34,0,268,Arches NP,ARCH,National Park,Intermountain ,UT,2002,"769,672",0,"3,433,320",0,0,0,"29,450","12,074",402,0,"4,921"
Arches NP,ARCH,National Park,Intermountain ,UT,2002,9,"98,581",0,"431,078",0,0,0,"3,218","1,696",22,0,703,Arches NP,ARCH,National Park,Intermountain ,UT,2002,"769,672",0,"3,433,320",0,0,0,"29,450","12,074",402,0,"4,921"
Arches NP,ARCH,National Park,Intermountain ,UT,2002,10,"67,373",0,"311,447",0,0,0,"2,388","1,730",28,0,409,Arches NP,ARCH,National Park,Intermountain ,UT,2002,"769,672",0,"3,433,320",0,0,0,"29,450","12,074",402,0,"4,921"
Arches NP,ARCH,National Park,Intermountain ,UT,2002,11,"23,134",0,"102,766",0,0,0,874,454,19,0,44,Arches NP,ARCH,National Park,Intermountain ,UT,2002,"769,672",0,"3,433,320",0,0,0,"29,450","12,074",402,0,"4,921"
Arches NP,ARCH,National Park,Intermountain ,UT,2002,12,"14,200",0,"52,162",0,0,0,266,132,0,0,0,Arches NP,ARCH,National Park,Intermountain ,UT,2002,"769,672",0,"3,433,320",0,0,0,"29,450","12,074",402,0,"4,921"
Arches NP,ARCH,National Park,Intermountain ,UT,2003,1,"13,326",0,"54,089",0,0,0,415,173,0,0,0,Arches NP,ARCH,National Park,Intermountain ,UT,2003,"757,781",0,"3,344,489",0,0,0,"28,308","11,974",341,0,"4,008"
Arches NP,ARCH,National Park,Intermountain ,UT,2003,2,"13,760",0,"53,866",0,0,0,305,214,6,0,0,Arches NP,ARCH,National Park,Intermountain ,UT,2003,"757,781",0,"3,344,489",0,0,0,"28,308","11,974",341,0,"4,008"
Arches NP,ARCH,National Park,Intermountain ,UT,2003,3,"50,242",0,"258,439",0,0,0,"3,213",864,69,0,342,Arches NP,ARCH,National Park,Intermountain ,UT,2003,"757,781",0,"3,344,489",0,0,0,"28,308","11,974",341,0,"4,008"
Arches NP,ARCH,National Park,Intermountain ,UT,2003,4,"70,795",0,"359,400",0,0,0,"3,607","1,760",81,0,677,Arches NP,ARCH,National Park,Intermountain ,UT,2003,"757,781",0,"3,344,489",0,0,0,"28,308","11,974",341,0,"4,008"
Arches NP,ARCH,National Park,Intermountain ,UT,2003,5,"106,873",0,"485,891",0,0,0,"4,304","1,580",74,0,929,Arches NP,ARCH,National Park,Intermountain ,UT,2003,"757,781",0,"3,344,489",0,0,0,"28,308","11,974",341,0,"4,008"
Arches NP,ARCH,National Park,Intermountain ,UT,2003,6,"101,997",0,"433,619",0,0,0,"3,526","1,272",30,0,490,Arches NP,ARCH,National Park,Intermountain ,UT,2003,"757,781",0,"3,344,489",0,0,0,"28,308","11,974",341,0,"4,008"
Arches NP,ARCH,National Park,Intermountain ,UT,2003,7,"95,296",0,"382,823",0,0,0,"3,213",756,5,0,65,Arches NP,ARCH,National Park,Intermountain ,UT,2003,"757,781",0,"3,344,489",0,0,0,"28,308","11,974",341,0,"4,008"
Arches NP,ARCH,National Park,Intermountain ,UT,2003,8,"99,352",0,"418,971",0,0,0,"3,645","1,096",15,0,282,Arches NP,ARCH,National Park,Intermountain ,UT,2003,"757,781",0,"3,344,489",0,0,0,"28,308","11,974",341,0,"4,008"
Arches NP,ARCH,National Park,Intermountain ,UT,2003,9,"99,639",0,"414,932",0,0,0,"2,651","1,696",15,0,472,Arches NP,ARCH,National Park,Intermountain ,UT,2003,"757,781",0,"3,344,489",0,0,0,"28,308","11,974",341,0,"4,008"
Arches NP,ARCH,National Park,Intermountain ,UT,2003,10,"72,875",0,"343,103",0,0,0,"2,467","1,934",34,0,751,Arches NP,ARCH,National Park,Intermountain ,UT,2003,"757,781",0,"3,344,489",0,0,0,"28,308","11,974",341,0,"4,008"
Arches NP,ARCH,National Park,Intermountain ,UT,2003,11,"21,343",0,"94,346",0,0,0,751,504,8,0,0,Arches NP,ARCH,National Park,Intermountain ,UT,2003,"757,781",0,"3,344,489",0,0,0,"28,308","11,974",341,0,"4,008"
Arches NP,ARCH,National Park,Intermountain ,UT,2003,12,"12,283",0,"45,010",0,0,0,211,125,4,0,0,Arches NP,ARCH,National Park,Intermountain ,UT,2003,"757,781",0,"3,344,489",0,0,0,"28,308","11,974",341,0,"4,008"
Arches NP,ARCH,National Park,Intermountain ,UT,2004,1,"11,571",0,"39,638",0,0,0,122,77,6,0,0,Arches NP,ARCH,National Park,Intermountain ,UT,2004,"733,131",0,"3,360,965",0,0,0,"29,524","13,616",378,0,"4,883"
Arches NP,ARCH,National Park,Intermountain ,UT,2004,2,"11,378",0,"41,564",0,0,0,168,142,0,0,0,Arches NP,ARCH,National Park,Intermountain ,UT,2004,"733,131",0,"3,360,965",0,0,0,"29,524","13,616",378,0,"4,883"
Arches NP,ARCH,National Park,Intermountain ,UT,2004,3,"58,919",0,"291,166",0,0,0,"3,227","1,121",78,0,342,Arches NP,ARCH,National Park,Intermountain ,UT,2004,"733,131",0,"3,360,965",0,0,0,"29,524","13,616",378,0,"4,883"
Arches NP,ARCH,National Park,Intermountain ,UT,2004,4,"79,069",0,"401,949",0,0,0,"3,969","1,879",56,0,960,Arches NP,ARCH,National Park,Intermountain ,UT,2004,"733,131",0,"3,360,965",0,0,0,"29,524","13,616",378,0,"4,883"
Arches NP,ARCH,National Park,Intermountain ,UT,2004,5,"113,248",0,"495,320",0,0,0,"3,856","1,785",86,0,756,Arches NP,ARCH,National Park,Intermountain ,UT,2004,"733,131",0,"3,360,965",0,0,0,"29,524","13,616",378,0,"4,883"
Arches NP,ARCH,National Park,Intermountain ,UT,2004,6,"94,638",0,"433,970",0,0,0,"3,964","1,434",36,0,819,Arches NP,ARCH,National Park,Intermountain ,UT,2004,"733,131",0,"3,360,965",0,0,0,"29,524","13,616",378,0,"4,883"
Arches NP,ARCH,National Park,Intermountain ,UT,2004,7,"93,569",0,"425,969",0,0,0,"4,204","1,218",33,0,598,Arches NP,ARCH,National Park,Intermountain ,UT,2004,"733,131",0,"3,360,965",0,0,0,"29,524","13,616",378,0,"4,883"
Arches NP,ARCH,National Park,Intermountain ,UT,2004,8,"83,585",0,"376,552",0,0,0,"3,553","1,382",34,0,272,Arches NP,ARCH,National Park,Intermountain ,UT,2004,"733,131",0,"3,360,965",0,0,0,"29,524","13,616",378,0,"4,883"
Arches NP,ARCH,National Park,Intermountain ,UT,2004,9,"95,276",0,"412,618",0,0,0,"2,746","1,998",29,0,510,Arches NP,ARCH,National Park,Intermountain ,UT,2004,"733,131",0,"3,360,965",0,0,0,"29,524","13,616",378,0,"4,883"
Arches NP,ARCH,National Park,Intermountain ,UT,2004,10,"58,743",0,"309,351",0,0,0,"2,940","1,961",20,0,626,Arches NP,ARCH,National Park,Intermountain ,UT,2004,"733,131",0,"3,360,965",0,0,0,"29,524","13,616",378,0,"4,883"
Arches NP,ARCH,National Park,Intermountain ,UT,2004,11,"21,208",0,"90,176",0,0,0,614,492,0,0,0,Arches NP,ARCH,National Park,Intermountain ,UT,2004,"733,131",0,"3,360,965",0,0,0,"29,524","13,616",378,0,"4,883"
Arches NP,ARCH,National Park,Intermountain ,UT,2004,12,"11,927",0,"42,692",0,0,0,161,127,0,0,0,Arches NP,ARCH,National Park,Intermountain ,UT,2004,"733,131",0,"3,360,965",0,0,0,"29,524","13,616",378,0,"4,883"
Arches NP,ARCH,National Park,Intermountain ,UT,2005,1,"9,894",0,"38,553",0,0,0,214,156,0,0,0,Arches NP,ARCH,National Park,Intermountain ,UT,2005,"781,670",0,"3,607,089",0,0,0,"32,040","14,380",471,0,"5,697"
Arches NP,ARCH,National Park,Intermountain ,UT,2005,2,"16,168",0,"59,221",0,0,0,302,139,5,0,0,Arches NP,ARCH,National Park,Intermountain ,UT,2005,"781,670",0,"3,607,089",0,0,0,"32,040","14,380",471,0,"5,697"
Arches NP,ARCH,National Park,Intermountain ,UT,2005,3,"62,843",0,"328,150",0,0,0,"3,829","1,369",50,0,570,Arches NP,ARCH,National Park,Intermountain ,UT,2005,"781,670",0,"3,607,089",0,0,0,"32,040","14,380",471,0,"5,697"
Arches NP,ARCH,National Park,Intermountain ,UT,2005,4,"71,709",0,"393,365",0,0,0,"4,442","2,087",42,0,856,Arches NP,ARCH,National Park,Intermountain ,UT,2005,"781,670",0,"3,607,089",0,0,0,"32,040","14,380",471,0,"5,697"
Arches NP,ARCH,National Park,Intermountain ,UT,2005,5,"111,718",0,"519,139",0,0,0,"4,776","1,731",138,0,"1,021",Arches NP,ARCH,National Park,Intermountain ,UT,2005,"781,670",0,"3,607,089",0,0,0,"32,040","14,380",471,0,"5,697"
Arches NP,ARCH,National Park,Intermountain ,UT,2005,6,"110,517",0,"497,951",0,0,0,"4,377","1,561",41,0,955,Arches NP,ARCH,National Park,Intermountain ,UT,2005,"781,670",0,"3,607,089",0,0,0,"32,040","14,380",471,0,"5,697"
Arches NP,ARCH,National Park,Intermountain ,UT,2005,7,"106,555",0,"468,206",0,0,0,"3,899","1,436",21,0,833,Arches NP,ARCH,National Park,Intermountain ,UT,2005,"781,670",0,"3,607,089",0,0,0,"32,040","14,380",471,0,"5,697"
Arches NP,ARCH,National Park,Intermountain ,UT,2005,8,"103,403",0,"426,145",0,0,0,"2,948","1,609",22,0,251,Arches NP,ARCH,National Park,Intermountain ,UT,2005,"781,670",0,"3,607,089",0,0,0,"32,040","14,380",471,0,"5,697"
Arches NP,ARCH,National Park,Intermountain ,UT,2005,9,"88,218",0,"402,905",0,0,0,"3,151","1,796",38,0,776,Arches NP,ARCH,National Park,Intermountain ,UT,2005,"781,670",0,"3,607,089",0,0,0,"32,040","14,380",471,0,"5,697"
Arches NP,ARCH,National Park,Intermountain ,UT,2005,10,"63,626",0,"315,811",0,0,0,"2,993","1,697",83,0,433,Arches NP,ARCH,National Park,Intermountain ,UT,2005,"781,670",0,"3,607,089",0,0,0,"32,040","14,380",471,0,"5,697"
Arches NP,ARCH,National Park,Intermountain ,UT,2005,11,"23,813",0,"109,581",0,0,0,912,655,20,0,2,Arches NP,ARCH,National Park,Intermountain ,UT,2005,"781,670",0,"3,607,089",0,0,0,"32,040","14,380",471,0,"5,697"
Arches NP,ARCH,National Park,Intermountain ,UT,2005,12,"13,206",0,"48,062",0,0,0,197,144,11,0,0,Arches NP,ARCH,National Park,Intermountain ,UT,2005,"781,670",0,"3,607,089",0,0,0,"32,040","14,380",471,0,"5,697"
Arches NP,ARCH,National Park,Intermountain ,UT,2006,1,"12,841",0,"45,549",0,0,0,206,74,12,0,0,Arches NP,ARCH,National Park,Intermountain ,UT,2006,"833,049",0,"3,743,632",0,0,0,"30,090","15,454",286,0,"6,025"
Arches NP,ARCH,National Park,Intermountain ,UT,2006,2,"20,728",0,"73,565",0,0,0,223,228,1,0,22,Arches NP,ARCH,National Park,Intermountain ,UT,2006,"833,049",0,"3,743,632",0,0,0,"30,090","15,454",286,0,"6,025"
Arches NP,ARCH,National Park,Intermountain ,UT,2006,3,"67,550",0,"333,228",0,0,0,"3,394","1,253",71,0,723,Arches NP,ARCH,National Park,Intermountain ,UT,2006,"833,049",0,"3,743,632",0,0,0,"30,090","15,454",286,0,"6,025"
Arches NP,ARCH,National Park,Intermountain ,UT,2006,4,"84,244",0,"414,366",0,0,0,"3,748","2,222",27,0,738,Arches NP,ARCH,National Park,Intermountain ,UT,2006,"833,049",0,"3,743,632",0,0,0,"30,090","15,454",286,0,"6,025"
Arches NP,ARCH,National Park,Intermountain ,UT,2006,5,"110,564",0,"506,619",0,0,0,"4,061","2,152",69,0,"1,007",Arches NP,ARCH,National Park,Intermountain ,UT,2006,"833,049",0,"3,743,632",0,0,0,"30,090","15,454",286,0,"6,025"
Arches NP,ARCH,National Park,Intermountain ,UT,2006,6,"102,061",0,"469,516",0,0,0,"4,212","1,580",3,0,"1,011",Arches NP,ARCH,National Park,Intermountain ,UT,2006,"833,049",0,"3,743,632",0,0,0,"30,090","15,454",286,0,"6,025"
Arches NP,ARCH,National Park,Intermountain ,UT,2006,7,"101,297",0,"443,303",0,0,0,"3,440","1,539",13,0,817,Arches NP,ARCH,National Park,Intermountain ,UT,2006,"833,049",0,"3,743,632",0,0,0,"30,090","15,454",286,0,"6,025"
Arches NP,ARCH,National Park,Intermountain ,UT,2006,8,"107,176",0,"457,313",0,0,0,"3,761","1,561",9,0,327,Arches NP,ARCH,National Park,Intermountain ,UT,2006,"833,049",0,"3,743,632",0,0,0,"30,090","15,454",286,0,"6,025"
Arches NP,ARCH,National Park,Intermountain ,UT,2006,9,"112,335",0,"488,755",0,0,0,"3,389","2,246",19,0,669,Arches NP,ARCH,National Park,Intermountain ,UT,2006,"833,049",0,"3,743,632",0,0,0,"30,090","15,454",286,0,"6,025"
Arches NP,ARCH,National Park,Intermountain ,UT,2006,10,"72,615",0,"342,164",0,0,0,"2,597","1,951",50,0,582,Arches NP,ARCH,National Park,Intermountain ,UT,2006,"833,049",0,"3,743,632",0,0,0,"30,090","15,454",286,0,"6,025"
Arches NP,ARCH,National Park,Intermountain ,UT,2006,11,"28,087",0,"120,209",0,0,0,862,547,12,0,77,Arches NP,ARCH,National Park,Intermountain ,UT,2006,"833,049",0,"3,743,632",0,0,0,"30,090","15,454",286,0,"6,025"
Arches NP,ARCH,National Park,Intermountain ,UT,2006,12,"13,551",0,"49,045",0,0,0,197,101,0,0,52,Arches NP,ARCH,National Park,Intermountain ,UT,2006,"833,049",0,"3,743,632",0,0,0,"30,090","15,454",286,0,"6,025"
Arches NP,ARCH,National Park,Intermountain ,UT,2007,1,"10,681",0,"36,641",0,0,0,110,79,2,0,0,Arches NP,ARCH,National Park,Intermountain ,UT,2007,"860,181",0,"3,799,550",0,0,0,"29,023","15,081",277,0,"6,412"
Arches NP,ARCH,National Park,Intermountain ,UT,2007,2,"15,453",0,"56,554",0,0,0,276,137,1,0,11,Arches NP,ARCH,National Park,Intermountain ,UT,2007,"860,181",0,"3,799,550",0,0,0,"29,023","15,081",277,0,"6,412"
Arches NP,ARCH,National Park,Intermountain ,UT,2007,3,"63,618",0,"335,159",0,0,0,"3,893","1,374",46,0,699,Arches NP,ARCH,National Park,Intermountain ,UT,2007,"860,181",0,"3,799,550",0,0,0,"29,023","15,081",277,0,"6,412"
Arches NP,ARCH,National Park,Intermountain ,UT,2007,4,"90,031",0,"451,535",0,0,0,"4,196","2,184",72,0,"1,108",Arches NP,ARCH,National Park,Intermountain ,UT,2007,"860,181",0,"3,799,550",0,0,0,"29,023","15,081",277,0,"6,412"
Arches NP,ARCH,National Park,Intermountain ,UT,2007,5,"111,652",0,"509,732",0,0,0,"4,199","1,901",69,0,"1,114",Arches NP,ARCH,National Park,Intermountain ,UT,2007,"860,181",0,"3,799,550",0,0,0,"29,023","15,081",277,0,"6,412"
Arches NP,ARCH,National Park,Intermountain ,UT,2007,6,"109,027",0,"478,157",0,0,0,"3,804","1,642",8,0,841,Arches NP,ARCH,National Park,Intermountain ,UT,2007,"860,181",0,"3,799,550",0,0,0,"29,023","15,081",277,0,"6,412"
Arches NP,ARCH,National Park,Intermountain ,UT,2007,7,"112,167",0,"479,018",0,0,0,"3,540","1,472",23,0,904,Arches NP,ARCH,National Park,Intermountain ,UT,2007,"860,181",0,"3,799,550",0,0,0,"29,023","15,081",277,0,"6,412"
Arches NP,ARCH,National Park,Intermountain ,UT,2007,8,"106,047",0,"434,757",0,0,0,"2,757","1,698",3,0,401,Arches NP,ARCH,National Park,Intermountain ,UT,2007,"860,181",0,"3,799,550",0,0,0,"29,023","15,081",277,0,"6,412"
Arches NP,ARCH,National Park,Intermountain ,UT,2007,9,"120,301",0,"482,766",0,0,0,"2,660","1,709",3,0,706,Arches NP,ARCH,National Park,Intermountain ,UT,2007,"860,181",0,"3,799,550",0,0,0,"29,023","15,081",277,0,"6,412"
Arches NP,ARCH,National Park,Intermountain ,UT,2007,10,"77,963",0,"350,116",0,0,0,"2,206","2,119",45,0,473,Arches NP,ARCH,National Park,Intermountain ,UT,2007,"860,181",0,"3,799,550",0,0,0,"29,023","15,081",277,0,"6,412"
Arches NP,ARCH,National Park,Intermountain ,UT,2007,11,"30,536",0,"140,548",0,0,0,"1,219",660,5,0,155,Arches NP,ARCH,National Park,Intermountain ,UT,2007,"860,181",0,"3,799,550",0,0,0,"29,023","15,081",277,0,"6,412"
Arches NP,ARCH,National Park,Intermountain ,UT,2007,12,"12,705",0,"44,567",0,0,0,163,106,0,0,0,Arches NP,ARCH,National Park,Intermountain ,UT,2007,"860,181",0,"3,799,550",0,0,0,"29,023","15,081",277,0,"6,412"
Arches NP,ARCH,National Park,Intermountain ,UT,2008,1,"9,095",0,"29,866",0,0,0,70,36,2,0,0,Arches NP,ARCH,National Park,Intermountain ,UT,2008,"928,795",0,"4,006,852",0,0,0,"29,299","14,595",366,0,"6,595"
Arches NP,ARCH,National Park,Intermountain ,UT,2008,2,"13,435",0,"49,910",0,0,0,250,142,9,0,0,Arches NP,ARCH,National Park,Intermountain ,UT,2008,"928,795",0,"4,006,852",0,0,0,"29,299","14,595",366,0,"6,595"
Arches NP,ARCH,National Park,Intermountain ,UT,2008,3,"66,408",0,"332,267",0,0,0,"3,578","1,396",31,0,539,Arches NP,ARCH,National Park,Intermountain ,UT,2008,"928,795",0,"4,006,852",0,0,0,"29,299","14,595",366,0,"6,595"
Arches NP,ARCH,National Park,Intermountain ,UT,2008,4,"83,695",0,"420,415",0,0,0,"3,945","2,055",45,0,"1,011",Arches NP,ARCH,National Park,Intermountain ,UT,2008,"928,795",0,"4,006,852",0,0,0,"29,299","14,595",366,0,"6,595"
Arches NP,ARCH,National Park,Intermountain ,UT,2008,5,"133,195",0,"575,060",0,0,0,"4,328","1,868",106,0,"1,009",Arches NP,ARCH,National Park,Intermountain ,UT,2008,"928,795",0,"4,006,852",0,0,0,"29,299","14,595",366,0,"6,595"
Arches NP,ARCH,National Park,Intermountain ,UT,2008,6,"124,451",0,"507,697",0,0,0,"3,337","1,229",68,0,964,Arches NP,ARCH,National Park,Intermountain ,UT,2008,"928,795",0,"4,006,852",0,0,0,"29,299","14,595",366,0,"6,595"
Arches NP,ARCH,National Park,Intermountain ,UT,2008,7,"121,038",0,"487,615",0,0,0,"2,965","1,485",14,0,724,Arches NP,ARCH,National Park,Intermountain ,UT,2008,"928,795",0,"4,006,852",0,0,0,"29,299","14,595",366,0,"6,595"
Arches NP,ARCH,National Park,Intermountain ,UT,2008,8,"129,843",0,"523,825",0,0,0,"3,159","1,804",43,0,590,Arches NP,ARCH,National Park,Intermountain ,UT,2008,"928,795",0,"4,006,852",0,0,0,"29,299","14,595",366,0,"6,595"
Arches NP,ARCH,National Park,Intermountain ,UT,2008,9,"124,268",0,"535,601",0,0,0,"3,866","1,820",10,0,"1,087",Arches NP,ARCH,National Park,Intermountain ,UT,2008,"928,795",0,"4,006,852",0,0,0,"29,299","14,595",366,0,"6,595"
Arches NP,ARCH,National Park,Intermountain ,UT,2008,10,"80,194",0,"364,393",0,0,0,"2,484","2,009",33,0,633,Arches NP,ARCH,National Park,Intermountain ,UT,2008,"928,795",0,"4,006,852",0,0,0,"29,299","14,595",366,0,"6,595"
Arches NP,ARCH,National Park,Intermountain ,UT,2008,11,"29,604",0,"131,954",0,0,0,"1,118",643,3,0,33,Arches NP,ARCH,National Park,Intermountain ,UT,2008,"928,795",0,"4,006,852",0,0,0,"29,299","14,595",366,0,"6,595"
Arches NP,ARCH,National Park,Intermountain ,UT,2008,12,"13,569",0,"48,249",0,0,0,199,108,2,0,5,Arches NP,ARCH,National Park,Intermountain ,UT,2008,"928,795",0,"4,006,852",0,0,0,"29,299","14,595",366,0,"6,595"
Arches NP,ARCH,National Park,Intermountain ,UT,2009,1,"11,684",0,"41,206",0,0,0,180,74,2,0,0,Arches NP,ARCH,National Park,Intermountain ,UT,2009,"996,312",0,"4,291,467",0,0,0,"30,542","16,411",808,0,"6,513"
Arches NP,ARCH,National Park,Intermountain ,UT,2009,2,"15,488",0,"57,006",0,0,0,274,154,12,0,0,Arches NP,ARCH,National Park,Intermountain ,UT,2009,"996,312",0,"4,291,467",0,0,0,"30,542","16,411",808,0,"6,513"
Arches NP,ARCH,National Park,Intermountain ,UT,2009,3,"66,898",0,"328,659",0,0,0,"3,378","1,393",101,0,460,Arches NP,ARCH,National Park,Intermountain ,UT,2009,"996,312",0,"4,291,467",0,0,0,"30,542","16,411",808,0,"6,513"
Arches NP,ARCH,National Park,Intermountain ,UT,2009,4,"91,114",0,"432,816",0,0,0,"3,559","2,203",152,0,731,Arches NP,ARCH,National Park,Intermountain ,UT,2009,"996,312",0,"4,291,467",0,0,0,"30,542","16,411",808,0,"6,513"
Arches NP,ARCH,National Park,Intermountain ,UT,2009,5,"139,332",0,"598,604",0,0,0,"4,115","2,147",173,0,"1,091",Arches NP,ARCH,National Park,Intermountain ,UT,2009,"996,312",0,"4,291,467",0,0,0,"30,542","16,411",808,0,"6,513"
Arches NP,ARCH,National Park,Intermountain ,UT,2009,6,"140,161",0,"600,166",0,0,0,"4,571","1,731",116,0,"1,069",Arches NP,ARCH,National Park,Intermountain ,UT,2009,"996,312",0,"4,291,467",0,0,0,"30,542","16,411",808,0,"6,513"
Arches NP,ARCH,National Park,Intermountain ,UT,2009,7,"133,854",0,"560,551",0,0,0,"3,839","1,825",48,0,912,Arches NP,ARCH,National Park,Intermountain ,UT,2009,"996,312",0,"4,291,467",0,0,0,"30,542","16,411",808,0,"6,513"
Arches NP,ARCH,National Park,Intermountain ,UT,2009,8,"133,880",0,"541,774",0,0,0,"3,402","1,828",60,0,549,Arches NP,ARCH,National Park,Intermountain ,UT,2009,"996,312",0,"4,291,467",0,0,0,"30,542","16,411",808,0,"6,513"
Arches NP,ARCH,National Park,Intermountain ,UT,2009,9,"131,913",0,"544,614",0,0,0,"3,132","2,276",46,0,749,Arches NP,ARCH,National Park,Intermountain ,UT,2009,"996,312",0,"4,291,467",0,0,0,"30,542","16,411",808,0,"6,513"
Arches NP,ARCH,National Park,Intermountain ,UT,2009,10,"86,601",0,"388,058",0,0,0,"2,594","1,906",75,0,769,Arches NP,ARCH,National Park,Intermountain ,UT,2009,"996,312",0,"4,291,467",0,0,0,"30,542","16,411",808,0,"6,513"
Arches NP,ARCH,National Park,Intermountain ,UT,2009,11,"31,714",0,"151,982",0,0,0,"1,366",797,23,0,183,Arches NP,ARCH,National Park,Intermountain ,UT,2009,"996,312",0,"4,291,467",0,0,0,"30,542","16,411",808,0,"6,513"
Arches NP,ARCH,National Park,Intermountain ,UT,2009,12,"13,673",0,"46,031",0,0,0,132,77,0,0,0,Arches NP,ARCH,National Park,Intermountain ,UT,2009,"996,312",0,"4,291,467",0,0,0,"30,542","16,411",808,0,"6,513"
Arches NP,ARCH,National Park,Intermountain ,UT,2010,1,"8,713",0,"29,215",0,0,0,96,31,1,0,0,Arches NP,ARCH,National Park,Intermountain ,UT,2010,"1,014,405",0,"4,173,920",0,0,0,"23,616","15,478",923,0,"7,095"
Arches NP,ARCH,National Park,Intermountain ,UT,2010,2,"11,746",0,"41,774",0,0,0,163,79,5,0,25,Arches NP,ARCH,National Park,Intermountain ,UT,2010,"1,014,405",0,"4,173,920",0,0,0,"23,616","15,478",923,0,"7,095"
Arches NP,ARCH,National Park,Intermountain ,UT,2010,3,"57,623",0,"271,316",0,0,0,"2,425","1,050",105,0,522,Arches NP,ARCH,National Park,Intermountain ,UT,2010,"1,014,405",0,"4,173,920",0,0,0,"23,616","15,478",923,0,"7,095"
Arches NP,ARCH,National Park,Intermountain ,UT,2010,4,"93,999",0,"417,250",0,0,0,"2,614","2,133",198,0,691,Arches NP,ARCH,National Park,Intermountain ,UT,2010,"1,014,405",0,"4,173,920",0,0,0,"23,616","15,478",923,0,"7,095"
Arches NP,ARCH,National Park,Intermountain ,UT,2010,5,"135,670",0,"549,494",0,0,0,"2,908","1,971",213,0,845,Arches NP,ARCH,National Park,Intermountain ,UT,2010,"1,014,405",0,"4,173,920",0,0,0,"23,616","15,478",923,0,"7,095"
Arches NP,ARCH,National Park,Intermountain ,UT,2010,6,"151,209",0,"599,709",0,0,0,"2,859","1,733",141,0,"1,353",Arches NP,ARCH,National Park,Intermountain ,UT,2010,"1,014,405",0,"4,173,920",0,0,0,"23,616","15,478",923,0,"7,095"
Arches NP,ARCH,National Park,Intermountain ,UT,2010,7,"145,489",0,"579,033",0,0,0,"2,994","1,890",56,0,"1,000",Arches NP,ARCH,National Park,Intermountain ,UT,2010,"1,014,405",0,"4,173,920",0,0,0,"23,616","15,478",923,0,"7,095"
Arches NP,ARCH,National Park,Intermountain ,UT,2010,8,"139,304",0,"543,792",0,0,0,"2,635","1,793",46,0,771,Arches NP,ARCH,National Park,Intermountain ,UT,2010,"1,014,405",0,"4,173,920",0,0,0,"23,616","15,478",923,0,"7,095"
Arches NP,ARCH,National Park,Intermountain ,UT,2010,9,"138,442",0,"554,004",0,0,0,"2,684","2,030",66,0,998,Arches NP,ARCH,National Park,Intermountain ,UT,2010,"1,014,405",0,"4,173,920",0,0,0,"23,616","15,478",923,0,"7,095"
Arches NP,ARCH,National Park,Intermountain ,UT,2010,10,"89,929",0,"408,800",0,0,0,"2,978","1,949",69,0,796,Arches NP,ARCH,National Park,Intermountain ,UT,2010,"1,014,405",0,"4,173,920",0,0,0,"23,616","15,478",923,0,"7,095"
Arches NP,ARCH,National Park,Intermountain ,UT,2010,11,"29,343",0,"128,925",0,0,0,890,706,14,0,94,Arches NP,ARCH,National Park,Intermountain ,UT,2010,"1,014,405",0,"4,173,920",0,0,0,"23,616","15,478",923,0,"7,095"
Arches NP,ARCH,National Park,Intermountain ,UT,2010,12,"12,938",0,"50,608",0,0,0,370,113,9,0,0,Arches NP,ARCH,National Park,Intermountain ,UT,2010,"1,014,405",0,"4,173,920",0,0,0,"23,616","15,478",923,0,"7,095"
Arches NP,ARCH,National Park,Intermountain ,UT,2011,1,"10,182",0,"34,832",0,0,0,132,46,1,0,0,Arches NP,ARCH,National Park,Intermountain ,UT,2011,"1,040,758",0,"4,344,187",0,0,0,"26,264","16,643","1,192",0,"6,816"
Arches NP,ARCH,National Park,Intermountain ,UT,2011,2,"12,932",0,"48,521",0,0,0,221,134,6,0,44,Arches NP,ARCH,National Park,Intermountain ,UT,2011,"1,040,758",0,"4,344,187",0,0,0,"26,264","16,643","1,192",0,"6,816"
Arches NP,ARCH,National Park,Intermountain ,UT,2011,3,"61,950",0,"311,484",0,0,0,"3,189","1,331",175,0,540,Arches NP,ARCH,National Park,Intermountain ,UT,2011,"1,040,758",0,"4,344,187",0,0,0,"26,264","16,643","1,192",0,"6,816"
Arches NP,ARCH,National Park,Intermountain ,UT,2011,4,"96,537",0,"435,155",0,0,0,"2,711","2,425",112,0,817,Arches NP,ARCH,National Park,Intermountain ,UT,2011,"1,040,758",0,"4,344,187",0,0,0,"26,264","16,643","1,192",0,"6,816"
Arches NP,ARCH,National Park,Intermountain ,UT,2011,5,"142,251",0,"580,092",0,0,0,"3,051","2,230",274,0,834,Arches NP,ARCH,National Park,Intermountain ,UT,2011,"1,040,758",0,"4,344,187",0,0,0,"26,264","16,643","1,192",0,"6,816"
Arches NP,ARCH,National Park,Intermountain ,UT,2011,6,"155,481",0,"619,644",0,0,0,"3,197","1,858",202,0,"1,127",Arches NP,ARCH,National Park,Intermountain ,UT,2011,"1,040,758",0,"4,344,187",0,0,0,"26,264","16,643","1,192",0,"6,816"
Arches NP,ARCH,National Park,Intermountain ,UT,2011,7,"147,426",0,"575,755",0,0,0,"2,754","1,966",84,0,758,Arches NP,ARCH,National Park,Intermountain ,UT,2011,"1,040,758",0,"4,344,187",0,0,0,"26,264","16,643","1,192",0,"6,816"
Arches NP,ARCH,National Park,Intermountain ,UT,2011,8,"138,600",0,"559,921",0,0,0,"3,362","1,696",92,0,856,Arches NP,ARCH,National Park,Intermountain ,UT,2011,"1,040,758",0,"4,344,187",0,0,0,"26,264","16,643","1,192",0,"6,816"
Arches NP,ARCH,National Park,Intermountain ,UT,2011,9,"136,246",0,"561,530",0,0,0,"3,394","1,922",82,0,968,Arches NP,ARCH,National Park,Intermountain ,UT,2011,"1,040,758",0,"4,344,187",0,0,0,"26,264","16,643","1,192",0,"6,816"
Arches NP,ARCH,National Park,Intermountain ,UT,2011,10,"92,728",0,"417,769",0,0,0,"2,729","2,143",124,0,820,Arches NP,ARCH,National Park,Intermountain ,UT,2011,"1,040,758",0,"4,344,187",0,0,0,"26,264","16,643","1,192",0,"6,816"
Arches NP,ARCH,National Park,Intermountain ,UT,2011,11,"30,863",0,"134,943",0,0,0,"1,034",650,28,0,52,Arches NP,ARCH,National Park,Intermountain ,UT,2011,"1,040,758",0,"4,344,187",0,0,0,"26,264","16,643","1,192",0,"6,816"
Arches NP,ARCH,National Park,Intermountain ,UT,2011,12,"15,562",0,"64,541",0,0,0,490,242,12,0,0,Arches NP,ARCH,National Park,Intermountain ,UT,2011,"1,040,758",0,"4,344,187",0,0,0,"26,264","16,643","1,192",0,"6,816"
Arches NP,ARCH,National Park,Intermountain ,UT,2012,1,"14,961",0,"54,781",0,0,0,266,96,28,0,22,Arches NP,ARCH,National Park,Intermountain ,UT,2012,"1,070,577",0,"4,397,956",0,0,0,"27,002","14,742",851,0,"6,832"
Arches NP,ARCH,National Park,Intermountain ,UT,2012,2,"17,870",0,"59,926",0,0,0,146,89,28,0,0,Arches NP,ARCH,National Park,Intermountain ,UT,2012,"1,070,577",0,"4,397,956",0,0,0,"27,002","14,742",851,0,"6,832"
Arches NP,ARCH,National Park,Intermountain ,UT,2012,3,"72,273",0,"321,771",0,0,0,"2,600","1,180",183,0,410,Arches NP,ARCH,National Park,Intermountain ,UT,2012,"1,070,577",0,"4,397,956",0,0,0,"27,002","14,742",851,0,"6,832"
Arches NP,ARCH,National Park,Intermountain ,UT,2012,4,"103,800",0,"462,894",0,0,0,"3,229","2,187",109,0,787,Arches NP,ARCH,National Park,Intermountain ,UT,2012,"1,070,577",0,"4,397,956",0,0,0,"27,002","14,742",851,0,"6,832"
Arches NP,ARCH,National Park,Intermountain ,UT,2012,5,"142,876",0,"605,653",0,0,0,"3,910","2,165",156,0,"1,145",Arches NP,ARCH,National Park,Intermountain ,UT,2012,"1,070,577",0,"4,397,956",0,0,0,"27,002","14,742",851,0,"6,832"
Arches NP,ARCH,National Park,Intermountain ,UT,2012,6,"143,482",0,"592,340",0,0,0,"3,929","1,520",74,0,"1,223",Arches NP,ARCH,National Park,Intermountain ,UT,2012,"1,070,577",0,"4,397,956",0,0,0,"27,002","14,742",851,0,"6,832"
Arches NP,ARCH,National Park,Intermountain ,UT,2012,7,"145,696",0,"559,679",0,0,0,"2,670","1,561",42,0,835,Arches NP,ARCH,National Park,Intermountain ,UT,2012,"1,070,577",0,"4,397,956",0,0,0,"27,002","14,742",851,0,"6,832"
Arches NP,ARCH,National Park,Intermountain ,UT,2012,8,"139,036",0,"522,954",0,0,0,"2,222","1,466",68,0,654,Arches NP,ARCH,National Park,Intermountain ,UT,2012,"1,070,577",0,"4,397,956",0,0,0,"27,002","14,742",851,0,"6,832"
Arches NP,ARCH,National Park,Intermountain ,UT,2012,9,"139,801",0,"572,413",0,0,0,"3,818","1,777",78,0,703,Arches NP,ARCH,National Park,Intermountain ,UT,2012,"1,070,577",0,"4,397,956",0,0,0,"27,002","14,742",851,0,"6,832"
Arches NP,ARCH,National Park,Intermountain ,UT,2012,10,"96,310",0,"425,374",0,0,0,"2,926","1,774",70,0,916,Arches NP,ARCH,National Park,Intermountain ,UT,2012,"1,070,577",0,"4,397,956",0,0,0,"27,002","14,742",851,0,"6,832"
Arches NP,ARCH,National Park,Intermountain ,UT,2012,11,"36,170",0,"157,316",0,0,0,"1,068",814,15,0,137,Arches NP,ARCH,National Park,Intermountain ,UT,2012,"1,070,577",0,"4,397,956",0,0,0,"27,002","14,742",851,0,"6,832"
Arches NP,ARCH,National Park,Intermountain ,UT,2012,12,"18,302",0,"62,855",0,0,0,218,113,0,0,0,Arches NP,ARCH,National Park,Intermountain ,UT,2012,"1,070,577",0,"4,397,956",0,0,0,"27,002","14,742",851,0,"6,832"
Arches NP,ARCH,National Park,Intermountain ,UT,2013,1,"11,099",0,"36,676",0,0,0,110,26,4,0,0,Arches NP,ARCH,National Park,Intermountain ,UT,2013,"1,082,866",0,"4,432,558",0,0,0,"27,705","14,431",953,0,"6,241"
Arches NP,ARCH,National Park,Intermountain ,UT,2013,2,"16,426",0,"51,869",0,0,0,82,26,0,0,0,Arches NP,ARCH,National Park,Intermountain ,UT,2013,"1,082,866",0,"4,432,558",0,0,0,"27,705","14,431",953,0,"6,241"
Arches NP,ARCH,National Park,Intermountain ,UT,2013,3,"73,935",0,"364,682",0,0,0,"3,756","1,310",143,0,745,Arches NP,ARCH,National Park,Intermountain ,UT,2013,"1,082,866",0,"4,432,558",0,0,0,"27,705","14,431",953,0,"6,241"
Arches NP,ARCH,National Park,Intermountain ,UT,2013,4,"108,086",0,"470,189",0,0,0,"3,202","2,022",170,0,686,Arches NP,ARCH,National Park,Intermountain ,UT,2013,"1,082,866",0,"4,432,558",0,0,0,"27,705","14,431",953,0,"6,241"
Arches NP,ARCH,National Park,Intermountain ,UT,2013,5,"149,321",0,"618,653",0,0,0,"3,726","2,195",231,0,960,Arches NP,ARCH,National Park,Intermountain ,UT,2013,"1,082,866",0,"4,432,558",0,0,0,"27,705","14,431",953,0,"6,241"
Arches NP,ARCH,National Park,Intermountain ,UT,2013,6,"154,505",0,"614,966",0,0,0,"3,510","1,787",100,0,913,Arches NP,ARCH,National Park,Intermountain ,UT,2013,"1,082,866",0,"4,432,558",0,0,0,"27,705","14,431",953,0,"6,241"
Arches NP,ARCH,National Park,Intermountain ,UT,2013,7,"156,182",0,"593,824",0,0,0,"2,670","1,561",42,0,947,Arches NP,ARCH,National Park,Intermountain ,UT,2013,"1,082,866",0,"4,432,558",0,0,0,"27,705","14,431",953,0,"6,241"
Arches NP,ARCH,National Park,Intermountain ,UT,2013,8,"147,259",0,"577,061",0,0,0,"3,129","1,606",117,0,784,Arches NP,ARCH,National Park,Intermountain ,UT,2013,"1,082,866",0,"4,432,558",0,0,0,"27,705","14,431",953,0,"6,241"
Arches NP,ARCH,National Park,Intermountain ,UT,2013,9,"143,755",0,"585,785",0,0,0,"3,845","1,804",77,0,713,Arches NP,ARCH,National Park,Intermountain ,UT,2013,"1,082,866",0,"4,432,558",0,0,0,"27,705","14,431",953,0,"6,241"
Arches NP,ARCH,National Park,Intermountain ,UT,2013,10,"57,446",0,"261,144",0,0,0,"2,117","1,154",34,0,395,Arches NP,ARCH,National Park,Intermountain ,UT,2013,"1,082,866",0,"4,432,558",0,0,0,"27,705","14,431",953,0,"6,241"
Arches NP,ARCH,National Park,Intermountain ,UT,2013,11,"43,928",0,"188,956",0,0,0,"1,409",842,33,0,98,Arches NP,ARCH,National Park,Intermountain ,UT,2013,"1,082,866",0,"4,432,558",0,0,0,"27,705","14,431",953,0,"6,241"
Arches NP,ARCH,National Park,Intermountain ,UT,2013,12,"20,924",0,"68,753",0,0,0,149,98,2,0,0,Arches NP,ARCH,National Park,Intermountain ,UT,2013,"1,082,866",0,"4,432,558",0,0,0,"27,705","14,431",953,0,"6,241"
Arches NP,ARCH,National Park,Intermountain ,UT,2014,1,"17,038",0,"54,420",0,0,0,101,36,1,0,0,Arches NP,ARCH,National Park,Intermountain ,UT,2014,"1,284,767",0,"5,005,854",0,0,0,"25,252","15,436","1,211",0,"6,085"
Arches NP,ARCH,National Park,Intermountain ,UT,2014,2,"22,559",0,"87,490",0,0,0,473,353,0,0,0,Arches NP,ARCH,National Park,Intermountain ,UT,2014,"1,284,767",0,"5,005,854",0,0,0,"25,252","15,436","1,211",0,"6,085"
Arches NP,ARCH,National Park,Intermountain ,UT,2014,3,"89,841",0,"404,730",0,0,0,"3,726","1,156",220,0,532,Arches NP,ARCH,National Park,Intermountain ,UT,2014,"1,284,767",0,"5,005,854",0,0,0,"25,252","15,436","1,211",0,"6,085"
Arches NP,ARCH,National Park,Intermountain ,UT,2014,4,"122,186",0,"517,673",0,0,0,"3,205","1,966",155,0,971,Arches NP,ARCH,National Park,Intermountain ,UT,2014,"1,284,767",0,"5,005,854",0,0,0,"25,252","15,436","1,211",0,"6,085"
Arches NP,ARCH,National Park,Intermountain ,UT,2014,5,"165,379",0,"668,271",0,0,0,"3,721","2,217",235,0,"1,000",Arches NP,ARCH,National Park,Intermountain ,UT,2014,"1,284,767",0,"5,005,854",0,0,0,"25,252","15,436","1,211",0,"6,085"
Arches NP,ARCH,National Park,Intermountain ,UT,2014,6,"170,286",0,"663,257",0,0,0,"3,521","1,790",118,0,921,Arches NP,ARCH,National Park,Intermountain ,UT,2014,"1,284,767",0,"5,005,854",0,0,0,"25,252","15,436","1,211",0,"6,085"
Arches NP,ARCH,National Park,Intermountain ,UT,2014,7,"169,844",0,"632,517",0,0,0,"2,684","1,588",126,0,727,Arches NP,ARCH,National Park,Intermountain ,UT,2014,"1,284,767",0,"5,005,854",0,0,0,"25,252","15,436","1,211",0,"6,085"
Arches NP,ARCH,National Park,Intermountain ,UT,2014,8,"173,416",0,"629,281",0,0,0,"2,265","1,488",121,0,669,Arches NP,ARCH,National Park,Intermountain ,UT,2014,"1,284,767",0,"5,005,854",0,0,0,"25,252","15,436","1,211",0,"6,085"
Arches NP,ARCH,National Park,Intermountain ,UT,2014,9,"165,222",0,"600,116",0,0,0,"1,450","2,257",75,0,570,Arches NP,ARCH,National Park,Intermountain ,UT,2014,"1,284,767",0,"5,005,854",0,0,0,"25,252","15,436","1,211",0,"6,085"
Arches NP,ARCH,National Park,Intermountain ,UT,2014,10,"115,545",0,"456,363",0,0,0,"2,400","1,572",108,0,492,Arches NP,ARCH,National Park,Intermountain ,UT,2014,"1,284,767",0,"5,005,854",0,0,0,"25,252","15,436","1,211",0,"6,085"
Arches NP,ARCH,National Park,Intermountain ,UT,2014,11,"46,940",0,"198,114",0,0,0,"1,368",859,41,0,119,Arches NP,ARCH,National Park,Intermountain ,UT,2014,"1,284,767",0,"5,005,854",0,0,0,"25,252","15,436","1,211",0,"6,085"
Arches NP,ARCH,National Park,Intermountain ,UT,2014,12,"26,511",0,"93,622",0,0,0,338,154,11,0,84,Arches NP,ARCH,National Park,Intermountain ,UT,2014,"1,284,767",0,"5,005,854",0,0,0,"25,252","15,436","1,211",0,"6,085"
Arches NP,ARCH,National Park,Intermountain ,UT,2015,1,"20,699",0,"73,205",0,0,0,288,137,14,0,24,Arches NP,ARCH,National Park,Intermountain ,UT,2015,"1,399,247",0,"5,420,170",0,0,0,"27,158","16,565","1,208",0,"6,005"
Arches NP,ARCH,National Park,Intermountain ,UT,2015,2,"34,255",0,"136,062",0,0,0,842,432,25,0,88,Arches NP,ARCH,National Park,Intermountain ,UT,2015,"1,399,247",0,"5,420,170",0,0,0,"27,158","16,565","1,208",0,"6,005"
Arches NP,ARCH,National Park,Intermountain ,UT,2015,3,"103,649",0,"453,777",0,0,0,"3,853","1,401",230,0,467,Arches NP,ARCH,National Park,Intermountain ,UT,2015,"1,399,247",0,"5,420,170",0,0,0,"27,158","16,565","1,208",0,"6,005"
Arches NP,ARCH,National Park,Intermountain ,UT,2015,4,"138,903",0,"573,009",0,0,0,"3,364","2,157",219,0,772,Arches NP,ARCH,National Park,Intermountain ,UT,2015,"1,399,247",0,"5,420,170",0,0,0,"27,158","16,565","1,208",0,"6,005"
Arches NP,ARCH,National Park,Intermountain ,UT,2015,5,"179,804",0,"713,642",0,0,0,"3,745","2,271",236,0,"1,008",Arches NP,ARCH,National Park,Intermountain ,UT,2015,"1,399,247",0,"5,420,170",0,0,0,"27,158","16,565","1,208",0,"6,005"
Arches NP,ARCH,National Park,Intermountain ,UT,2015,6,"189,073",0,"723,265",0,0,0,"3,548","1,817",116,0,"1,021",Arches NP,ARCH,National Park,Intermountain ,UT,2015,"1,399,247",0,"5,420,170",0,0,0,"27,158","16,565","1,208",0,"6,005"
Arches NP,ARCH,National Park,Intermountain ,UT,2015,7,"195,748",0,"711,334",0,0,0,"2,684","1,588",99,0,800,Arches NP,ARCH,National Park,Intermountain ,UT,2015,"1,399,247",0,"5,420,170",0,0,0,"27,158","16,565","1,208",0,"6,005"
Arches NP,ARCH,National Park,Intermountain ,UT,2015,8,"173,186",0,"648,544",0,0,0,"2,692","1,904",84,0,695,Arches NP,ARCH,National Park,Intermountain ,UT,2015,"1,399,247",0,"5,420,170",0,0,0,"27,158","16,565","1,208",0,"6,005"
Arches NP,ARCH,National Park,Intermountain ,UT,2015,9,"171,711",0,"613,908",0,0,0,"1,971","1,723",67,0,355,Arches NP,ARCH,National Park,Intermountain ,UT,2015,"1,399,247",0,"5,420,170",0,0,0,"27,158","16,565","1,208",0,"6,005"
Arches NP,ARCH,National Park,Intermountain ,UT,2015,10,"115,859",0,"474,225",0,0,0,"2,570","2,026",89,0,592,Arches NP,ARCH,National Park,Intermountain ,UT,2015,"1,399,247",0,"5,420,170",0,0,0,"27,158","16,565","1,208",0,"6,005"
Arches NP,ARCH,National Park,Intermountain ,UT,2015,11,"49,087",0,"202,971",0,0,0,"1,282",838,19,0,183,Arches NP,ARCH,National Park,Intermountain ,UT,2015,"1,399,247",0,"5,420,170",0,0,0,"27,158","16,565","1,208",0,"6,005"
Arches NP,ARCH,National Park,Intermountain ,UT,2015,12,"27,273",0,"96,228",0,0,0,319,271,10,0,0,Arches NP,ARCH,National Park,Intermountain ,UT,2015,"1,399,247",0,"5,420,170",0,0,0,"27,158","16,565","1,208",0,"6,005"
Arches NP,ARCH,National Park,Intermountain ,UT,2016,1,"20,311",0,"72,727",0,0,0,274,197,21,0,0,Arches NP,ARCH,National Park,Intermountain ,UT,2016,"1,585,718",0,"6,049,250",0,0,0,"28,046","18,658","1,174",0,"5,959"
Arches NP,ARCH,National Park,Intermountain ,UT,2016,2,"33,200",0,"132,404",0,0,0,850,451,34,0,32,Arches NP,ARCH,National Park,Intermountain ,UT,2016,"1,585,718",0,"6,049,250",0,0,0,"28,046","18,658","1,174",0,"5,959"
Arches NP,ARCH,National Park,Intermountain ,UT,2016,3,"119,122",0,"486,543",0,0,0,"2,786","1,674",314,0,608,Arches NP,ARCH,National Park,Intermountain ,UT,2016,"1,585,718",0,"6,049,250",0,0,0,"28,046","18,658","1,174",0,"5,959"
Arches NP,ARCH,National Park,Intermountain ,UT,2016,4,"151,112",0,"611,948",0,0,0,"3,172","2,157",199,0,"1,080",Arches NP,ARCH,National Park,Intermountain ,UT,2016,"1,585,718",0,"6,049,250",0,0,0,"28,046","18,658","1,174",0,"5,959"
Arches NP,ARCH,National Park,Intermountain ,UT,2016,5,"201,718",0,"771,336",0,0,0,"3,632","2,217",296,0,780,Arches NP,ARCH,National Park,Intermountain ,UT,2016,"1,585,718",0,"6,049,250",0,0,0,"28,046","18,658","1,174",0,"5,959"
Arches NP,ARCH,National Park,Intermountain ,UT,2016,6,"211,706",0,"782,674",0,0,0,"3,356","1,520",123,0,"1,149",Arches NP,ARCH,National Park,Intermountain ,UT,2016,"1,585,718",0,"6,049,250",0,0,0,"28,046","18,658","1,174",0,"5,959"
Arches NP,ARCH,National Park,Intermountain ,UT,2016,7,"210,359",0,"742,619",0,0,0,"2,740","1,709",87,0,111,Arches NP,ARCH,National Park,Intermountain ,UT,2016,"1,585,718",0,"6,049,250",0,0,0,"28,046","18,658","1,174",0,"5,959"
Arches NP,ARCH,National Park,Intermountain ,UT,2016,8,"188,340",0,"699,903",0,0,0,"2,946","2,273",84,0,317,Arches NP,ARCH,National Park,Intermountain ,UT,2016,"1,585,718",0,"6,049,250",0,0,0,"28,046","18,658","1,174",0,"5,959"
Arches NP,ARCH,National Park,Intermountain ,UT,2016,9,"200,906",0,"750,232",0,0,0,"3,027","2,217",16,0,887,Arches NP,ARCH,National Park,Intermountain ,UT,2016,"1,585,718",0,"6,049,250",0,0,0,"28,046","18,658","1,174",0,"5,959"
Arches NP,ARCH,National Park,Intermountain ,UT,2016,10,"146,250",0,"574,264",0,0,0,"2,808","2,150",0,0,688,Arches NP,ARCH,National Park,Intermountain ,UT,2016,"1,585,718",0,"6,049,250",0,0,0,"28,046","18,658","1,174",0,"5,959"
Arches NP,ARCH,National Park,Intermountain ,UT,2016,11,"69,404",0,"311,656",0,0,0,"2,047","1,956",0,0,307,Arches NP,ARCH,National Park,Intermountain ,UT,2016,"1,585,718",0,"6,049,250",0,0,0,"28,046","18,658","1,174",0,"5,959"
Arches NP,ARCH,National Park,Intermountain ,UT,2016,12,"33,290",0,"112,944",0,0,0,408,137,0,0,0,Arches NP,ARCH,National Park,Intermountain ,UT,2016,"1,585,718",0,"6,049,250",0,0,0,"28,046","18,658","1,174",0,"5,959"
Arches NP,ARCH,National Park,Intermountain ,UT,2017,1,"21,549",0,"75,475",0,0,0,338,113,0,0,0,Arches NP,ARCH,National Park,Intermountain ,UT,2017,"1,539,028",0,"4,672,677",0,0,0,"1,426",826,65,0,0
Arches NP,ARCH,National Park,Intermountain ,UT,2017,2,"38,248",0,"149,247",0,0,0,886,552,0,0,0,Arches NP,ARCH,National Park,Intermountain ,UT,2017,"1,539,028",0,"4,672,677",0,0,0,"1,426",826,65,0,0
Arches NP,ARCH,National Park,Intermountain ,UT,2017,3,"128,508",0,"385,669",0,0,0,0,0,6,0,0,Arches NP,ARCH,National Park,Intermountain ,UT,2017,"1,539,028",0,"4,672,677",0,0,0,"1,426",826,65,0,0
Arches NP,ARCH,National Park,Intermountain ,UT,2017,4,"155,286",0,"466,003",0,0,0,0,0,6,0,0,Arches NP,ARCH,National Park,Intermountain ,UT,2017,"1,539,028",0,"4,672,677",0,0,0,"1,426",826,65,0,0
Arches NP,ARCH,National Park,Intermountain ,UT,2017,5,"188,726",0,"566,777",0,0,0,0,0,25,0,0,Arches NP,ARCH,National Park,Intermountain ,UT,2017,"1,539,028",0,"4,672,677",0,0,0,"1,426",826,65,0,0
Arches NP,ARCH,National Park,Intermountain ,UT,2017,6,"193,060",0,"579,253",0,0,0,0,0,3,0,0,Arches NP,ARCH,National Park,Intermountain ,UT,2017,"1,539,028",0,"4,672,677",0,0,0,"1,426",826,65,0,0
Arches NP,ARCH,National Park,Intermountain ,UT,2017,7,"192,767",0,"578,374",0,0,0,0,0,3,0,0,Arches NP,ARCH,National Park,Intermountain ,UT,2017,"1,539,028",0,"4,672,677",0,0,0,"1,426",826,65,0,0
Arches NP,ARCH,National Park,Intermountain ,UT,2017,8,"177,764",0,"533,461",0,0,0,0,0,7,0,0,Arches NP,ARCH,National Park,Intermountain ,UT,2017,"1,539,028",0,"4,672,677",0,0,0,"1,426",826,65,0,0
Arches NP,ARCH,National Park,Intermountain ,UT,2017,9,"187,603",0,"563,025",0,0,0,0,0,9,0,0,Arches NP,ARCH,National Park,Intermountain ,UT,2017,"1,539,028",0,"4,672,677",0,0,0,"1,426",826,65,0,0
Arches NP,ARCH,National Park,Intermountain ,UT,2017,10,"138,325",0,"415,096",0,0,0,0,0,5,0,0,Arches NP,ARCH,National Park,Intermountain ,UT,2017,"1,539,028",0,"4,672,677",0,0,0,"1,426",826,65,0,0
Arches NP,ARCH,National Park,Intermountain ,UT,2017,11,"72,867",0,"218,600",0,0,0,0,0,0,0,0,Arches NP,ARCH,National Park,Intermountain ,UT,2017,"1,539,028",0,"4,672,677",0,0,0,"1,426",826,65,0,0
Arches NP,ARCH,National Park,Intermountain ,UT,2017,12,"44,325",0,"141,697",0,0,0,202,161,1,0,0,Arches NP,ARCH,National Park,Intermountain ,UT,2017,"1,539,028",0,"4,672,677",0,0,0,"1,426",826,65,0,0
Arches NP,ARCH,National Park,Intermountain ,UT,2018,1,"31,810",0,"107,123",0,0,0,230,257,0,0,0,Arches NP,ARCH,National Park,Intermountain ,UT,2018,"1,663,557",0,"5,906,859",0,0,0,"17,938","16,157",368,0,"3,711"
Arches NP,ARCH,National Park,Intermountain ,UT,2018,2,"40,325",0,"155,111",0,0,0,732,602,6,0,82,Arches NP,ARCH,National Park,Intermountain ,UT,2018,"1,663,557",0,"5,906,859",0,0,0,"17,938","16,157",368,0,"3,711"
Arches NP,ARCH,National Park,Intermountain ,UT,2018,3,"134,951",0,"438,754",0,0,0,559,408,40,0,406,Arches NP,ARCH,National Park,Intermountain ,UT,2018,"1,663,557",0,"5,906,859",0,0,0,"17,938","16,157",368,0,"3,711"
Arches NP,ARCH,National Park,Intermountain ,UT,2018,4,"167,156",0,"611,537",0,0,0,"1,631","2,219",40,0,696,Arches NP,ARCH,National Park,Intermountain ,UT,2018,"1,663,557",0,"5,906,859",0,0,0,"17,938","16,157",368,0,"3,711"
Arches NP,ARCH,National Park,Intermountain ,UT,2018,5,"215,255",0,"757,596",0,0,0,"1,720","2,271",90,0,579,Arches NP,ARCH,National Park,Intermountain ,UT,2018,"1,663,557",0,"5,906,859",0,0,0,"17,938","16,157",368,0,"3,711"
Arches NP,ARCH,National Park,Intermountain ,UT,2018,6,"214,443",0,"754,762",0,0,0,"2,562","1,631",32,0,418,Arches NP,ARCH,National Park,Intermountain ,UT,2018,"1,663,557",0,"5,906,859",0,0,0,"17,938","16,157",368,0,"3,711"
Arches NP,ARCH,National Park,Intermountain ,UT,2018,7,"205,493",0,"728,454",0,0,0,"2,244","1,801",23,0,598,Arches NP,ARCH,National Park,Intermountain ,UT,2018,"1,663,557",0,"5,906,859",0,0,0,"17,938","16,157",368,0,"3,711"
Arches NP,ARCH,National Park,Intermountain ,UT,2018,8,"183,840",0,"646,442",0,0,0,"2,060","1,431",47,0,417,Arches NP,ARCH,National Park,Intermountain ,UT,2018,"1,663,557",0,"5,906,859",0,0,0,"17,938","16,157",368,0,"3,711"
Arches NP,ARCH,National Park,Intermountain ,UT,2018,9,"206,254",0,"683,816",0,0,0,"1,334","1,253",28,0,96,Arches NP,ARCH,National Park,Intermountain ,UT,2018,"1,663,557",0,"5,906,859",0,0,0,"17,938","16,157",368,0,"3,711"
Arches NP,ARCH,National Park,Intermountain ,UT,2018,10,"147,996",0,"563,609",0,0,0,"2,618","2,165",33,0,168,Arches NP,ARCH,National Park,Intermountain ,UT,2018,"1,663,557",0,"5,906,859",0,0,0,"17,938","16,157",368,0,"3,711"
Arches NP,ARCH,National Park,Intermountain ,UT,2018,11,"74,155",0,"322,920",0,0,0,"2,006","1,903",25,0,251,Arches NP,ARCH,National Park,Intermountain ,UT,2018,"1,663,557",0,"5,906,859",0,0,0,"17,938","16,157",368,0,"3,711"
Arches NP,ARCH,National Park,Intermountain ,UT,2018,12,"41,879",0,"136,735",0,0,0,242,216,4,0,0,Arches NP,ARCH,National Park,Intermountain ,UT,2018,"1,663,557",0,"5,906,859",0,0,0,"17,938","16,157",368,0,"3,711"
Arches NP,ARCH,National Park,Intermountain ,UT,2019,1,"21,499",0,"66,975",0,0,0,48,55,0,0,0,Arches NP,ARCH,National Park,Intermountain ,UT,2019,"1,659,702",0,"5,912,819",0,0,0,"17,523","16,290",405,0,"4,688"
Arches NP,ARCH,National Park,Intermountain ,UT,2019,2,"30,239",0,"90,766",0,0,0,0,0,2,0,0,Arches NP,ARCH,National Park,Intermountain ,UT,2019,"1,659,702",0,"5,912,819",0,0,0,"17,523","16,290",405,0,"4,688"
Arches NP,ARCH,National Park,Intermountain ,UT,2019,3,"132,191",0,"432,543",0,0,0,578,451,64,0,406,Arches NP,ARCH,National Park,Intermountain ,UT,2019,"1,659,702",0,"5,912,819",0,0,0,"17,523","16,290",405,0,"4,688"
Arches NP,ARCH,National Park,Intermountain ,UT,2019,4,"168,788",0,"610,290",0,0,0,"1,612","2,130",46,0,542,Arches NP,ARCH,National Park,Intermountain ,UT,2019,"1,659,702",0,"5,912,819",0,0,0,"17,523","16,290",405,0,"4,688"
Arches NP,ARCH,National Park,Intermountain ,UT,2019,5,"217,474",0,"763,628",0,0,0,"1,720","2,271",64,0,579,Arches NP,ARCH,National Park,Intermountain ,UT,2019,"1,659,702",0,"5,912,819",0,0,0,"17,523","16,290",405,0,"4,688"
Arches NP,ARCH,National Park,Intermountain ,UT,2019,6,"225,206",0,"792,881",0,0,0,"2,754","1,828",59,0,245,Arches NP,ARCH,National Park,Intermountain ,UT,2019,"1,659,702",0,"5,912,819",0,0,0,"17,523","16,290",405,0,"4,688"
Arches NP,ARCH,National Park,Intermountain ,UT,2019,7,"208,993",0,"753,288",0,0,0,"2,916","1,855",23,0,469,Arches NP,ARCH,National Park,Intermountain ,UT,2019,"1,659,702",0,"5,912,819",0,0,0,"17,523","16,290",405,0,"4,688"
Arches NP,ARCH,National Park,Intermountain ,UT,2019,8,"184,890",0,"652,632",0,0,0,"2,025","1,704",47,0,306,Arches NP,ARCH,National Park,Intermountain ,UT,2019,"1,659,702",0,"5,912,819",0,0,0,"17,523","16,290",405,0,"4,688"
Arches NP,ARCH,National Park,Intermountain ,UT,2019,9,"207,857",0,"729,850",0,0,0,"2,128","1,650",28,0,623,Arches NP,ARCH,National Park,Intermountain ,UT,2019,"1,659,702",0,"5,912,819",0,0,0,"17,523","16,290",405,0,"4,688"
Arches NP,ARCH,National Park,Intermountain ,UT,2019,10,"149,764",0,"589,552",0,0,0,"2,340","2,371",45,0,"1,088",Arches NP,ARCH,National Park,Intermountain ,UT,2019,"1,659,702",0,"5,912,819",0,0,0,"17,523","16,290",405,0,"4,688"
Arches NP,ARCH,National Park,Intermountain ,UT,2019,11,"73,420",0,"297,890",0,0,0,"1,121","1,745",25,0,344,Arches NP,ARCH,National Park,Intermountain ,UT,2019,"1,659,702",0,"5,912,819",0,0,0,"17,523","16,290",405,0,"4,688"
Arches NP,ARCH,National Park,Intermountain ,UT,2019,12,"39,381",0,"132,524",0,0,0,281,230,2,0,86,Arches NP,ARCH,National Park,Intermountain ,UT,2019,"1,659,702",0,"5,912,819",0,0,0,"17,523","16,290",405,0,"4,688"
Arches NP,ARCH,National Park,Intermountain ,UT,2020,1,"28,462",0,"89,937",0,0,0,48,142,0,0,0,Arches NP,ARCH,National Park,Intermountain ,UT,2020,"1,238,083",0,"4,288,859",0,0,0,"10,382","10,621",34,0,"2,904"
Arches NP,ARCH,National Park,Intermountain ,UT,2020,2,"42,416",0,"153,428",0,0,0,641,444,6,0,0,Arches NP,ARCH,National Park,Intermountain ,UT,2020,"1,238,083",0,"4,288,859",0,0,0,"10,382","10,621",34,0,"2,904"
Arches NP,ARCH,National Park,Intermountain ,UT,2020,3,"81,623",0,"279,597",0,0,0,597,726,28,0,96,Arches NP,ARCH,National Park,Intermountain ,UT,2020,"1,238,083",0,"4,288,859",0,0,0,"10,382","10,621",34,0,"2,904"
Arches NP,ARCH,National Park,Intermountain ,UT,2020,4,0,0,0,0,0,0,0,0,0,0,0,Arches NP,ARCH,National Park,Intermountain ,UT,2020,"1,238,083",0,"4,288,859",0,0,0,"10,382","10,621",34,0,"2,904"
Arches NP,ARCH,National Park,Intermountain ,UT,2020,5,"13,832",0,"41,496",0,0,0,0,0,0,0,0,Arches NP,ARCH,National Park,Intermountain ,UT,2020,"1,238,083",0,"4,288,859",0,0,0,"10,382","10,621",34,0,"2,904"
Arches NP,ARCH,National Park,Intermountain ,UT,2020,6,"163,699",0,"491,098",0,0,0,0,0,0,0,0,Arches NP,ARCH,National Park,Intermountain ,UT,2020,"1,238,083",0,"4,288,859",0,0,0,"10,382","10,621",34,0,"2,904"
Arches NP,ARCH,National Park,Intermountain ,UT,2020,7,"193,824",0,"630,813",0,0,0,"1,058",770,0,0,228,Arches NP,ARCH,National Park,Intermountain ,UT,2020,"1,238,083",0,"4,288,859",0,0,0,"10,382","10,621",34,0,"2,904"
Arches NP,ARCH,National Park,Intermountain ,UT,2020,8,"164,539",0,"600,106",0,0,0,"2,068","1,874",0,0,495,Arches NP,ARCH,National Park,Intermountain ,UT,2020,"1,238,083",0,"4,288,859",0,0,0,"10,382","10,621",34,0,"2,904"
Arches NP,ARCH,National Park,Intermountain ,UT,2020,9,"203,866",0,"752,195",0,0,0,"2,740","2,406",0,0,712,Arches NP,ARCH,National Park,Intermountain ,UT,2020,"1,238,083",0,"4,288,859",0,0,0,"10,382","10,621",34,0,"2,904"
Arches NP,ARCH,National Park,Intermountain ,UT,2020,10,"177,864",0,"650,219",0,0,0,"1,896","2,294",0,0,669,Arches NP,ARCH,National Park,Intermountain ,UT,2020,"1,238,083",0,"4,288,859",0,0,0,"10,382","10,621",34,0,"2,904"
Arches NP,ARCH,National Park,Intermountain ,UT,2020,11,"103,916",0,"398,570",0,0,0,"1,142","1,771",0,0,704,Arches NP,ARCH,National Park,Intermountain ,UT,2020,"1,238,083",0,"4,288,859",0,0,0,"10,382","10,621",34,0,"2,904"
Arches NP,ARCH,National Park,Intermountain ,UT,2020,12,"64,042",0,"201,400",0,0,0,192,194,0,0,0,Arches NP,ARCH,National Park,Intermountain ,UT,2020,"1,238,083",0,"4,288,859",0,0,0,"10,382","10,621",34,0,"2,904"
Arches NP,ARCH,National Park,Intermountain ,UT,2021,1,"48,725",0,"146,174",0,0,0,0,0,0,0,0,Arches NP,ARCH,National Park,Intermountain ,UT,2021,"1,806,865",0,"6,272,244",0,0,0,"13,746","15,294",312,0,"6,132"
Arches NP,ARCH,National Park,Intermountain ,UT,2021,2,"53,986",0,"161,957",0,0,0,0,0,0,0,0,Arches NP,ARCH,National Park,Intermountain ,UT,2021,"1,806,865",0,"6,272,244",0,0,0,"13,746","15,294",312,0,"6,132"
Arches NP,ARCH,National Park,Intermountain ,UT,2021,3,"151,077",0,"489,725",0,0,0,664,518,0,0,338,Arches NP,ARCH,National Park,Intermountain ,UT,2021,"1,806,865",0,"6,272,244",0,0,0,"13,746","15,294",312,0,"6,132"
Arches NP,ARCH,National Park,Intermountain ,UT,2021,4,"193,914",0,"699,058",0,0,0,"1,863","2,465",38,0,522,Arches NP,ARCH,National Park,Intermountain ,UT,2021,"1,806,865",0,"6,272,244",0,0,0,"13,746","15,294",312,0,"6,132"
Arches NP,ARCH,National Park,Intermountain ,UT,2021,5,"225,789",0,"762,232",0,0,0,"1,493","1,458",60,0,525,Arches NP,ARCH,National Park,Intermountain ,UT,2021,"1,806,865",0,"6,272,244",0,0,0,"13,746","15,294",312,0,"6,132"
Arches NP,ARCH,National Park,Intermountain ,UT,2021,6,"238,499",0,"803,670",0,0,0,"1,636","1,461",56,0,521,Arches NP,ARCH,National Park,Intermountain ,UT,2021,"1,806,865",0,"6,272,244",0,0,0,"13,746","15,294",312,0,"6,132"
Arches NP,ARCH,National Park,Intermountain ,UT,2021,7,"211,928",0,"718,285",0,0,0,"1,536","1,293",20,0,588,Arches NP,ARCH,National Park,Intermountain ,UT,2021,"1,806,865",0,"6,272,244",0,0,0,"13,746","15,294",312,0,"6,132"
Arches NP,ARCH,National Park,Intermountain ,UT,2021,8,"167,686",0,"620,902",0,0,0,"2,279","1,779",33,0,819,Arches NP,ARCH,National Park,Intermountain ,UT,2021,"1,806,865",0,"6,272,244",0,0,0,"13,746","15,294",312,0,"6,132"
Arches NP,ARCH,National Park,Intermountain ,UT,2021,9,"193,002",0,"690,157",0,0,0,"1,415","2,120",37,0,"1,060",Arches NP,ARCH,National Park,Intermountain ,UT,2021,"1,806,865",0,"6,272,244",0,0,0,"13,746","15,294",312,0,"6,132"
Arches NP,ARCH,National Park,Intermountain ,UT,2021,10,"169,983",0,"618,457",0,0,0,"1,166","2,081",42,0,"1,232",Arches NP,ARCH,National Park,Intermountain ,UT,2021,"1,806,865",0,"6,272,244",0,0,0,"13,746","15,294",312,0,"6,132"
Arches NP,ARCH,National Park,Intermountain ,UT,2021,11,"98,362",0,"374,501",0,0,0,"1,159","1,661",26,0,463,Arches NP,ARCH,National Park,Intermountain ,UT,2021,"1,806,865",0,"6,272,244",0,0,0,"13,746","15,294",312,0,"6,132"
Arches NP,ARCH,National Park,Intermountain ,UT,2021,12,"53,914",0,"187,126",0,0,0,535,458,0,0,64,Arches NP,ARCH,National Park,Intermountain ,UT,2021,"1,806,865",0,"6,272,244",0,0,0,"13,746","15,294",312,0,"6,132"
Arches NP,ARCH,National Park,Intermountain ,UT,2022,1,"40,621",0,"144,789",0,0,0,430,526,0,0,0,Arches NP,ARCH,National Park,Intermountain ,UT,2022,"1,460,652",0,"5,413,594",0,0,0,"14,913","20,216",272,0,"7,585"
Arches NP,ARCH,National Park,Intermountain ,UT,2022,2,"51,568",0,"168,389",0,0,0,257,302,11,0,0,Arches NP,ARCH,National Park,Intermountain ,UT,2022,"1,460,652",0,"5,413,594",0,0,0,"14,913","20,216",272,0,"7,585"
Arches NP,ARCH,National Park,Intermountain ,UT,2022,3,"141,866",0,"463,840",0,0,0,645,575,36,0,337,Arches NP,ARCH,National Park,Intermountain ,UT,2022,"1,460,652",0,"5,413,594",0,0,0,"14,913","20,216",272,0,"7,585"
Arches NP,ARCH,National Park,Intermountain ,UT,2022,4,"148,996",0,"616,374",0,0,0,"1,852","3,559",61,0,"1,586",Arches NP,ARCH,National Park,Intermountain ,UT,2022,"1,460,652",0,"5,413,594",0,0,0,"14,913","20,216",272,0,"7,585"
Arches NP,ARCH,National Park,Intermountain ,UT,2022,5,"172,114",0,"633,420",0,0,0,"1,355","2,252",92,0,"1,179",Arches NP,ARCH,National Park,Intermountain ,UT,2022,"1,460,652",0,"5,413,594",0,0,0,"14,913","20,216",272,0,"7,585"
Arches NP,ARCH,National Park,Intermountain ,UT,2022,6,"171,859",0,"625,563",0,0,0,"1,966","1,844",11,0,762,Arches NP,ARCH,National Park,Intermountain ,UT,2022,"1,460,652",0,"5,413,594",0,0,0,"14,913","20,216",272,0,"7,585"
Arches NP,ARCH,National Park,Intermountain ,UT,2022,7,"158,925",0,"597,413",0,0,0,"1,906","2,138",21,0,961,Arches NP,ARCH,National Park,Intermountain ,UT,2022,"1,460,652",0,"5,413,594",0,0,0,"14,913","20,216",272,0,"7,585"
Arches NP,ARCH,National Park,Intermountain ,UT,2022,8,"142,790",0,"539,406",0,0,0,"1,696","2,314",14,0,603,Arches NP,ARCH,National Park,Intermountain ,UT,2022,"1,460,652",0,"5,413,594",0,0,0,"14,913","20,216",272,0,"7,585"
Arches NP,ARCH,National Park,Intermountain ,UT,2022,9,"158,728",0,"590,489",0,0,0,"1,539","2,379",8,0,837,Arches NP,ARCH,National Park,Intermountain ,UT,2022,"1,460,652",0,"5,413,594",0,0,0,"14,913","20,216",272,0,"7,585"
Arches NP,ARCH,National Park,Intermountain ,UT,2022,10,"146,986",0,"540,749",0,0,0,"1,332","1,956",11,0,859,Arches NP,ARCH,National Park,Intermountain ,UT,2022,"1,460,652",0,"5,413,594",0,0,0,"14,913","20,216",272,0,"7,585"
Arches NP,ARCH,National Park,Intermountain ,UT,2022,11,"83,239",0,"349,432",0,0,0,"1,690","1,999",5,0,461,Arches NP,ARCH,National Park,Intermountain ,UT,2022,"1,460,652",0,"5,413,594",0,0,0,"14,913","20,216",272,0,"7,585"
Arches NP,ARCH,National Park,Intermountain ,UT,2022,12,"42,960",0,"143,730",0,0,0,245,372,2,0,0,Arches NP,ARCH,National Park,Intermountain ,UT,2022,"1,460,652",0,"5,413,594",0,0,0,"14,913","20,216",272,0,"7,585"
Arches NP,ARCH,National Park,Intermountain ,UT,2023,1,"31,427",0,"106,709",0,0,0,245,264,2,0,7,Arches NP,ARCH,National Park,Intermountain ,UT,2023,"1,482,045",0,"5,462,987",0,0,0,"14,885","19,602",175,0,"7,708"
Arches NP,ARCH,National Park,Intermountain ,UT,2023,2,"41,264",0,"138,599",0,0,0,247,341,1,0,28,Arches NP,ARCH,National Park,Intermountain ,UT,2023,"1,482,045",0,"5,462,987",0,0,0,"14,885","19,602",175,0,"7,708"
Arches NP,ARCH,National Park,Intermountain ,UT,2023,3,"132,502",0,"426,657",0,0,0,424,497,16,0,278,Arches NP,ARCH,National Park,Intermountain ,UT,2023,"1,482,045",0,"5,462,987",0,0,0,"14,885","19,602",175,0,"7,708"
Arches NP,ARCH,National Park,Intermountain ,UT,2023,4,"151,232",0,"568,728",0,0,0,"1,512","2,349",27,0,905,Arches NP,ARCH,National Park,Intermountain ,UT,2023,"1,482,045",0,"5,462,987",0,0,0,"14,885","19,602",175,0,"7,708"
Arches NP,ARCH,National Park,Intermountain ,UT,2023,5,"188,274",0,"690,000",0,0,0,"1,447","2,524",18,0,"1,226",Arches NP,ARCH,National Park,Intermountain ,UT,2023,"1,482,045",0,"5,462,987",0,0,0,"14,885","19,602",175,0,"7,708"
Arches NP,ARCH,National Park,Intermountain ,UT,2023,6,"180,782",0,"715,594",0,0,0,"2,603","2,908",12,0,"1,696",Arches NP,ARCH,National Park,Intermountain ,UT,2023,"1,482,045",0,"5,462,987",0,0,0,"14,885","19,602",175,0,"7,708"
Arches NP,ARCH,National Park,Intermountain ,UT,2023,7,"165,671",0,"603,369",0,0,0,"2,030","1,871",3,0,527,Arches NP,ARCH,National Park,Intermountain ,UT,2023,"1,482,045",0,"5,462,987",0,0,0,"14,885","19,602",175,0,"7,708"
Arches NP,ARCH,National Park,Intermountain ,UT,2023,8,"144,080",0,"543,500",0,0,0,"1,947","2,068",7,0,614,Arches NP,ARCH,National Park,Intermountain ,UT,2023,"1,482,045",0,"5,462,987",0,0,0,"14,885","19,602",175,0,"7,708"
Arches NP,ARCH,National Park,Intermountain ,UT,2023,9,"174,673",0,"645,617",0,0,0,"1,501","2,435",30,0,"1,100",Arches NP,ARCH,National Park,Intermountain ,UT,2023,"1,482,045",0,"5,462,987",0,0,0,"14,885","19,602",175,0,"7,708"
Arches NP,ARCH,National Park,Intermountain ,UT,2023,10,"140,260",0,"522,401",0,0,0,"1,222","2,110",42,0,861,Arches NP,ARCH,National Park,Intermountain ,UT,2023,"1,482,045",0,"5,462,987",0,0,0,"14,885","19,602",175,0,"7,708"
Arches NP,ARCH,National Park,Intermountain ,UT,2023,11,"83,843",0,"336,140",0,0,0,"1,373","1,702",8,0,443,Arches NP,ARCH,National Park,Intermountain ,UT,2023,"1,482,045",0,"5,462,987",0,0,0,"14,885","19,602",175,0,"7,708"
Arches NP,ARCH,National Park,Intermountain ,UT,2023,12,"48,037",0,"165,673",0,0,0,334,533,9,0,23,Arches NP,ARCH,National Park,Intermountain ,UT,2023,"1,482,045",0,"5,462,987",0,0,0,"14,885","19,602",175,0,"7,708"
Arches NP,ARCH,National Park,Intermountain ,UT,2024,1,"28,088",2,"182,778",2,0,0,228,482,0,0,0,Arches NP,ARCH,National Park,Intermountain ,UT,2024,"1,466,528","7,459","9,782,311","25,856",0,0,"14,588","25,619",140,0,"8,610"
Arches NP,ARCH,National Park,Intermountain ,UT,2024,2,"51,510",48,"338,902",48,0,0,473,"1,003",1,0,0,Arches NP,ARCH,National Park,Intermountain ,UT,2024,"1,466,528","7,459","9,782,311","25,856",0,0,"14,588","25,619",140,0,"8,610"
Arches NP,ARCH,National Park,Intermountain ,UT,2024,3,"143,166",492,"905,924",492,0,0,654,751,36,0,989,Arches NP,ARCH,National Park,Intermountain ,UT,2024,"1,466,528","7,459","9,782,311","25,856",0,0,"14,588","25,619",140,0,"8,610"
Arches NP,ARCH,National Park,Intermountain ,UT,2024,4,"156,720",855,"1,051,783",855,0,0,"1,411","2,989",29,0,"1,101",Arches NP,ARCH,National Park,Intermountain ,UT,2024,"1,466,528","7,459","9,782,311","25,856",0,0,"14,588","25,619",140,0,"8,610"
Arches NP,ARCH,National Park,Intermountain ,UT,2024,5,"195,379","1,209","1,283,085","1,209",0,0,"1,662","2,889",28,0,"1,036",Arches NP,ARCH,National Park,Intermountain ,UT,2024,"1,466,528","7,459","9,782,311","25,856",0,0,"14,588","25,619",140,0,"8,610"
Arches NP,ARCH,National Park,Intermountain ,UT,2024,6,"180,563","1,104","1,173,154","1,104",0,0,"1,281","2,216",14,0,"1,030",Arches NP,ARCH,National Park,Intermountain ,UT,2024,"1,466,528","7,459","9,782,311","25,856",0,0,"14,588","25,619",140,0,"8,610"
Arches NP,ARCH,National Park,Intermountain ,UT,2024,7,"156,052",636,"1,136,373",636,0,0,"3,588","4,596",6,0,"1,455",Arches NP,ARCH,National Park,Intermountain ,UT,2024,"1,466,528","7,459","9,782,311","25,856",0,0,"14,588","25,619",140,0,"8,610"
Arches NP,ARCH,National Park,Intermountain ,UT,2024,8,"143,726",693,"989,693",693,0,0,"1,584","3,296",5,0,"1,355",Arches NP,ARCH,National Park,Intermountain ,UT,2024,"1,466,528","7,459","9,782,311","25,856",0,0,"14,588","25,619",140,0,"8,610"
Arches NP,ARCH,National Park,Intermountain ,UT,2024,9,"148,366","1,356","976,340","1,356",0,0,"1,192","2,352",9,0,890,Arches NP,ARCH,National Park,Intermountain ,UT,2024,"1,466,528","7,459","9,782,311","25,856",0,0,"14,588","25,619",140,0,"8,610"
Arches NP,ARCH,National Park,Intermountain ,UT,2024,10,"135,716",790,"918,246",790,0,0,"1,562","2,877",8,0,739,Arches NP,ARCH,National Park,Intermountain ,UT,2024,"1,466,528","7,459","9,782,311","25,856",0,0,"14,588","25,619",140,0,"8,610"
Arches NP,ARCH,National Park,Intermountain ,UT,2024,11,"78,397",180,"515,807",180,0,0,677,"1,570",3,0,11,Arches NP,ARCH,National Park,Intermountain ,UT,2024,"1,466,528","7,459","9,782,311","25,856",0,0,"14,588","25,619",140,0,"8,610"
Arches NP,ARCH,National Park,Intermountain ,UT,2024,12,"48,845",94,"310,226",94,0,0,276,598,1,0,4,Arches NP,ARCH,National Park,Intermountain ,UT,2024,"1,466,528","7,459","9,782,311","25,856",0,0,"14,588","25,619",140,0,"8,610"

