Date,TempMax,TempMin,TempMean,Precipitation,PrecipHours,WindSpeed,SunshineDuration
1979-01-01,15.7,-4.3,7.1,0,0,9.7,30651.81
1979-01-02,19.9,-8.9,5.8,0,0,4.4,30697.04
1979-01-03,28,4.8,16.1,0,0,3,30745.88
1979-01-04,33.3,11,23,0.004,1,4.2,26770.6
1979-01-05,33.9,11.7,23.3,0.091,9,2.9,4452.86
1979-01-06,33.3,24.7,28.7,0.106,11,3.6,24559.35
1979-01-07,28.5,13.6,21.8,0,0,2.2,30975.97
1979-01-08,26.9,0.8,14.4,0.004,1,3.2,31041.82
1979-01-09,28.8,8,19.4,0.067,6,3.8,7581
1979-01-10,29.4,15.7,22.1,0,0,4.6,31185.47
1979-01-11,35.6,18.6,26.9,0.075,5,2.5,25952.58
1979-01-12,34.2,21.8,28.5,0.087,8,6.7,21724.8
1979-01-13,29.5,7.4,21.4,0,0,5.6,31430.89
1979-01-14,26.4,-6.4,12.2,0.028,5,4.7,4166.17
1979-01-15,34.4,16.4,26.1,0.043,3,2.5,25562.88
1979-01-16,38,25.5,32.6,0.039,7,4.1,25469.48
1979-01-17,35.3,19.1,28.3,0.213,14,5.2,264.42
1979-01-18,36.7,25.8,31.9,0.126,10,5.2,31907.88
1979-01-19,31.6,21.3,26.4,0.13,11,5.9,32011.89
1979-01-20,28.3,3.6,17.4,0,0,3.5,32118.4
1979-01-21,28.7,3.8,16.5,0,0,3.2,32227.21
1979-01-22,27.7,13.8,20.7,0,0,13.2,32338.19
1979-01-23,21.9,-2.7,10.5,0,0,3.3,32397.25
1979-01-24,24.5,-2.1,11.8,0,0,3.4,28802.47
1979-01-25,28.5,17.1,22.2,0.031,5,3.4,15856.6
1979-01-26,28.4,17.3,22.8,0.287,20,5.4,1494.73
1979-01-27,20.9,5.9,14.5,0,0,2.5,32553.93
1979-01-28,20.2,-5.3,8.6,0.028,3,3.8,30011.4
1979-01-29,18.6,9.2,13.4,0.067,7,9.4,29952.08
1979-01-30,11.8,0.5,6.2,0,0,2.4,32806.09
1979-01-31,16.3,-12.9,3.9,0.13,10,3.4,21804.65
1979-02-01,22.8,13.1,17.5,0.098,10,2.9,29716.87
1979-02-02,22.5,12.1,17,0,0,2.6,31025.53
1979-02-03,15.6,-1.7,9.9,0,0,3.8,33028.02
1979-02-04,18.9,-3,8.5,0,0,2.7,30002.43
1979-02-05,18.5,-9.6,8.5,0,0,3.1,33633.5
1979-02-06,23.8,1.2,11.4,0,0,3.4,33717.63
1979-02-07,30.8,1.9,16.3,0,0,3.6,31767.4
1979-02-08,32.6,10.3,21.4,0,0,2.7,33032.72
1979-02-09,32.7,5.6,20.4,0,0,3.2,34449.58
1979-02-10,31.9,7.1,20.2,0,0,3.8,34499.88
1979-02-11,32.6,13.3,23.5,0,0,3,33033.87
1979-02-12,35,15.4,26.4,0,0,3.1,31561.14
1979-02-13,44.3,18,30.9,0,0,4,35045.57
1979-02-14,45.2,21.9,33.2,0,0,16.9,35351.23
1979-02-15,40,24.3,33,0.004,1,3.4,35528.14
1979-02-16,39.7,18.9,29.9,0,0,3.9,35217.6
1979-02-17,37.8,20.9,29.1,0,0,4,35658.95
1979-02-18,42.4,13.6,27.9,0,0,3.4,34745.43
1979-02-19,42.4,20.9,31.4,0.126,8,3.1,6194.71
1979-02-20,40.7,28.3,32.9,0.02,2,5.5,31230.18
1979-02-21,41.5,30.4,34.9,0.224,15,12.8,16800.46
1979-02-22,40.5,24.5,32,0.012,2,12,35729.14
1979-02-23,37.7,19.9,28.6,0.287,17,9.2,17075.3
1979-02-24,35,19.1,28.3,0.024,2,6.2,36872
1979-02-25,38.7,15.3,26.8,0,0,3.6,35000.78
1979-02-26,42.3,20.4,31.2,0,0,4,26626.39
1979-02-27,43.3,27.7,34.8,0,0,5.9,37335.19
1979-02-28,45.1,19.6,32.5,0,0,4.9,31132.02
1979-03-01,47,25.8,35.8,0.118,8,11.9,22196.57
1979-03-02,44.4,29.4,36.3,0.087,11,10.6,31501.27
1979-03-03,39.2,25.1,31.4,0,0,8.5,37956.09
1979-03-04,41.5,19.3,31.2,0,0,2.9,38111.1
1979-03-05,45.6,20,34.2,0,0,3.5,38265.79
1979-03-06,51,29.7,40.4,0,0,3.8,38420.06
1979-03-07,55.1,29.9,42.8,0,0,2.9,38573.79
1979-03-08,56.9,29.4,41.6,0,0,15.8,38726.87
1979-03-09,44,27.5,35.1,0,0,8.4,38879.18
1979-03-10,45.5,20.1,33.5,0,0,4.3,39031
1979-03-11,50.4,22.4,37,0,0,3.2,39183.41
1979-03-12,54.5,25.8,40.1,0,0,5.3,39336.42
1979-03-13,56.3,27.6,41.6,0,0,7.4,39446.48
1979-03-14,54.2,28.1,40.4,0.028,4,8.8,33290.8
1979-03-15,53.7,34.1,42.4,0.016,3,7.8,39567.06
1979-03-16,55.7,30.9,42.9,0.059,4,17.9,28750.24
1979-03-17,49,30.7,40.8,0,0,8.1,39638.54
1979-03-18,47.5,32.5,39,0.004,1,8.1,39735.94
1979-03-19,48.9,28.2,38.2,0.122,5,7.3,36027.06
1979-03-20,48,29.9,38.6,0.311,17,7.1,24493.86
1979-03-21,44.5,34.1,39.2,0.28,22,6.5,16344.22
1979-03-22,48.1,34.5,40,0.122,13,5.9,37746.68
1979-03-23,49.2,29.9,39.6,0.016,3,9.1,40295.37
1979-03-24,51.8,29.9,41.2,0,0,6.2,40591.06
1979-03-25,55.3,28.4,43.2,0,0,8,40860.57
1979-03-26,57.9,32.1,46.2,0,0,11.4,39953.15
1979-03-27,60,37.7,48.7,0.039,5,18.7,27813.96
1979-03-28,54.5,39.9,46,0.744,20,12.3,26819.93
1979-03-29,47.7,36.8,41.8,0.228,11,16.7,31956.21
1979-03-30,50.9,30.9,41.1,0.094,9,9.1,41237.28
1979-03-31,45,31.1,37.8,0.059,5,12.3,34184.84
1979-04-01,42.2,29,35,0,0,11.4,41739.85
1979-04-02,41.3,26.3,34.3,0.016,3,7.4,41670.73
1979-04-03,44.7,25.1,35.4,0,0,10.6,42191.75
1979-04-04,51,27.3,40.1,0,0,13.2,42385.79
1979-04-05,59,30.2,46,0,0,5.5,42954.89
1979-04-06,67.5,31.1,49.8,0,0,12.8,42310.39
1979-04-07,66.9,42,53.8,0,0,12.8,42405.15
1979-04-08,62.6,41.6,51.9,0,0,4.7,43396.58
1979-04-09,63,35.1,47.8,0.228,6,15.8,27623.31
1979-04-10,42.6,35.7,40.5,0.35,14,13.7,7415.36
1979-04-11,45.1,33.1,38.3,0,0,12.9,37630.38
1979-04-12,47.4,31.3,39.2,0.004,1,11.9,43971.77
1979-04-13,60.1,27.9,44.8,0,0,10.8,44113.33
1979-04-14,67.8,32.5,50.9,0,0,7.2,44253.82
1979-04-15,72.8,36.7,55.6,0,0,7.9,44393.11
1979-04-16,75.3,38.2,57.3,0,0,12.7,44531.1
1979-04-17,75.3,43.2,59.9,0,0,20.9,44667.71
1979-04-18,69.6,44.3,57.1,0,0,23.5,44802.82
1979-04-19,58.9,38.8,48.6,0.004,1,13.4,44936.64
1979-04-20,61.9,36.6,49.2,0,0,6.2,45070.08
1979-04-21,71.7,34.6,55.1,0,0,8.1,44368.36
1979-04-22,75.2,38,58.7,0,0,15.8,43352.62
1979-04-23,76.3,41.8,61.2,0,0,17.9,44567.22
1979-04-24,71.2,50.4,61.4,0,0,16.5,37702.05
1979-04-25,64.2,43.2,54.7,0,0,10.3,43200
1979-04-26,65,44.4,55.5,0,0,9.1,44875.77
1979-04-27,69.3,45,57.2,0.043,3,11.9,45579.67
1979-04-28,69.5,49.3,58.9,0,0,14.1,45634.02
1979-04-29,69.2,42.8,57,0.004,1,10.7,45579.87
1979-04-30,70.2,41.2,58.5,0,0,11.5,43351.58
1979-05-01,74.3,45.4,62,0,0,15.7,45828.08
1979-05-02,65,47.6,57.8,0,0,8.7,44492.41
1979-05-03,63.2,44.8,54,0,0,9.1,45996.57
1979-05-04,71.6,41.5,58,0,0,6.3,46354.79
1979-05-05,81.5,45.6,66.2,0,0,19.9,45593.35
1979-05-06,77.9,52.5,66.5,0,0,24.2,43677.84
1979-05-07,57.1,43.6,50.8,0.047,5,12.7,39855.77
1979-05-08,50.7,35.3,43.9,0.224,12,9.7,44771.27
1979-05-09,46.2,35.8,41.1,0.343,18,7.7,35547.17
1979-05-10,53,35.7,45,0,0,7.2,47017.04
1979-05-11,58,37.2,48.1,0.016,1,8.5,47285.27
1979-05-12,62.3,38.5,51.5,0,0,4.7,47459.27
1979-05-13,71.5,38.6,57.7,0,0,7.2,47744.05
1979-05-14,79.5,43.2,63.3,0,0,7.2,47818.47
1979-05-15,82.9,43.5,66,0,0,5.9,48042.86
1979-05-16,82.1,54.1,68.9,0,0,9.9,46818.31
1979-05-17,81.3,49.5,68,0,0,8.1,48239.12
1979-05-18,85.3,51,71.1,0,0,13.9,48334.44
1979-05-19,79.9,59.2,70.1,0,0,7.4,48427.73
1979-05-20,84.4,52.2,70.4,0,0,9,48518.89
1979-05-21,83,52.4,69.7,0,0,12.5,48589.57
1979-05-22,85.4,55.7,72.8,0,0,8.8,48629.16
1979-05-23,85.4,55.7,74.6,0,0,6.1,48667.12
1979-05-24,76.6,59.8,67.9,0.28,7,10.2,36323.46
1979-05-25,70.4,55.7,63.9,0,0,4.5,48318.79
1979-05-26,75.5,54.6,65.8,0,0,7.9,47600.83
1979-05-27,80.6,54.7,67.5,0.094,3,12.7,45664.54
1979-05-28,81.8,55.5,68.2,0.059,4,16.9,46412.26
1979-05-29,72.6,55.8,64.5,0.012,2,16.2,48858.58
1979-05-30,69.5,49.3,59.6,0,0,18.1,48884.08
1979-05-31,69.2,47.2,58.8,0,0,7.1,48949.83
1979-06-01,74.9,45.6,62.4,0,0,11.3,48971.91
1979-06-02,77.8,46.4,65.5,0,0,7.2,48991.74
1979-06-03,82.5,50.5,69.2,0,0,9.7,49009.39
1979-06-04,84.3,53.7,71.8,0,0,5.7,49024.91
1979-06-05,88.6,54.7,75.3,0,0,10.9,49097.97
1979-06-06,92,67.2,79.3,0,0,18.4,49011.73
1979-06-07,71.9,59.4,66.9,0.051,4,16.7,45227.41
1979-06-08,58.9,44.7,50.2,0.205,15,9.2,5083.33
1979-06-09,66.4,42.7,54.7,0.016,2,8.3,49281.09
1979-06-10,76.3,41.8,61.4,0,0,5.4,49291.63
1979-06-11,86.1,48.6,69.9,0,0,4.7,49300.09
1979-06-12,92.3,53.3,76.1,0,0,5.1,49381.92
1979-06-13,96.5,57.3,80.3,0,0,15.4,49234.06
1979-06-14,93.9,66.2,82.6,0,0,20.4,49392.46
1979-06-15,93.2,65,81.2,0,0,21.4,48046.3
1979-06-16,89.8,60.5,77.7,0,0,19.4,49558.09
1979-06-17,87.3,58.2,75.1,0,0,22,49049.04
1979-06-18,74.5,58.4,67.6,0,0,22.6,46812.45
1979-06-19,75,49,62.9,0,0,13.8,49554.62
1979-06-20,85.4,54.4,71.6,0,0,8.4,49548.8
1979-06-21,90.6,53.1,75.2,0,0,11.6,49627.06
1979-06-22,91.7,54.4,77.2,0,0,9.1,49356.03
1979-06-23,91.2,63.5,79.1,0,0,7.9,49430.01
1979-06-24,93.5,60,79.4,0,0,7,49503.18
1979-06-25,96.7,61.6,81.9,0,0,11.1,49664.14
1979-06-26,98.7,61.4,83.4,0,0,16,48933.39
1979-06-27,97.6,70.1,86.2,0,0,9.3,49269.03
1979-06-28,99.1,66,85.3,0,0,8.6,49515.22
1979-06-29,101,63.2,84.9,0,0,16.8,47808.94
1979-06-30,92.9,71.3,82,0.028,2,17.3,47865.33
1979-07-01,91.7,66.8,79.2,0.012,2,17,44125.23
1979-07-02,89.6,61.2,77.7,0,0,15.7,48786.16
1979-07-03,87.3,61.6,76,0.004,1,16.3,48512.48
1979-07-04,89.3,57.5,75.7,0,0,7.5,49348.33
1979-07-05,93.7,58.5,79.1,0,0,11.2,49227.65
1979-07-06,91.1,62.7,79.2,0,0,18.8,48371.59
1979-07-07,95,59.3,79.8,0,0,7.4,49330.75
1979-07-08,97,60.9,82.2,0,0,12.5,49207.64
1979-07-09,98.3,68.6,84.8,0,0,5.9,47507.48
1979-07-10,99.6,62.5,84.6,0,0,9.1,48698.02
1979-07-11,97.4,74.6,87.1,0,0,8.2,48678.23
1979-07-12,99,68.9,86.9,0,0,8.1,48958.62
1979-07-13,97.2,74.2,86.4,0,0,11.2,48912.87
1979-07-14,99,72,86.9,0,0,10.4,48636.9
1979-07-15,100.6,71.8,87.9,0,0,9.6,48593.29
1979-07-16,91.3,75.3,82.4,0,0,12.3,30463.35
1979-07-17,96.4,65.1,82.7,0,0,16.4,46972.95
1979-07-18,94.6,69.8,82.4,0,0,15.4,47384.77
1979-07-19,91.6,65.1,80.4,0,0,6.1,47907.41
1979-07-20,91.6,67.1,81.4,0,0,9.6,47786.41
1979-07-21,88.5,69.6,80.3,0,0,13.3,47164.89
1979-07-22,92.5,66,80.5,0,0,9.8,47556.08
1979-07-23,90.9,69.5,80.6,0.004,1,16.3,47543
1979-07-24,91.1,68.3,80.6,0,0,6.5,47526.94
1979-07-25,96.2,66.1,83.7,0,0,7.7,47555.7
1979-07-26,98.5,67.1,85.6,0,0,9,47410.95
1979-07-27,99.5,68,86.4,0,0,11.5,47142.44
1979-07-28,99.8,69.3,87,0,0,11.8,47338.39
1979-07-29,96.7,68.4,85.3,0,0,9.7,47214.76
1979-07-30,97,70.2,85.5,0,0,9.3,47198.54
1979-07-31,94,71.9,84,0,0,6.1,47114.29
1979-08-01,96.5,64.3,83.7,0,0,10.1,47105.1
1979-08-02,96.8,68.7,85.3,0,0,7.4,47028.98
1979-08-03,97.2,74.5,86.2,0,0,9.4,47021.39
1979-08-04,101,62.3,85.4,0,0,4.7,46953.52
1979-08-05,99.7,67,86,0,0,10.6,46772.16
1979-08-06,98.2,69.5,86.4,0,0,9.3,46655.17
1979-08-07,94.3,70.9,83.1,0.008,1,13.9,46303.56
1979-08-08,93,71.3,83,0,0,14.1,46485
1979-08-09,94.3,67.4,82.1,0,0,12.5,46418.88
1979-08-10,91.8,68.3,81,0.024,1,10.7,46350.05
1979-08-11,94.4,65.6,82.3,0,0,7,46281.02
1979-08-12,87.4,68.6,77.5,0.528,10,12.6,45578.49
1979-08-13,79.5,66.1,72.2,0.146,8,12.6,45049.38
1979-08-14,81.2,62.6,71.5,0,0,10.8,46068.45
1979-08-15,75.9,61.2,68.8,0.161,4,7.6,42403.2
1979-08-16,73.1,59.6,65.1,0.142,12,8.7,32250.89
1979-08-17,77.6,54.9,66.6,0,0,8.3,45823.58
1979-08-18,76.4,54.3,65.8,0.008,1,12.5,44485.02
1979-08-19,75.2,54.5,65.6,0.004,1,10.1,45496.71
1979-08-20,76.4,54.6,67.1,0,0,11.6,45439.71
1979-08-21,82.6,52.6,69.5,0,0,7.6,45308.81
1979-08-22,86.6,53,72.6,0,0,5.7,45176.58
1979-08-23,89.7,54.9,74.8,0,0,8.4,45043.16
1979-08-24,89.3,60.1,76,0,0,8.5,44908.62
1979-08-25,90.3,58,76.8,0,0,8.8,39383.52
1979-08-26,88.7,62.3,77.7,0,0,8.9,44420.1
1979-08-27,92,57.9,76.9,0,0,12.8,43354.61
1979-08-28,93.1,60.7,79.1,0,0,14.1,44361.43
1979-08-29,92.4,58.7,77.5,0,0,13.6,44222.82
1979-08-30,87.5,62,75.7,0,0,13.3,44083.7
1979-08-31,88.4,63.3,76.4,0,0,11.6,43944.12
1979-09-01,91.9,57.3,76.4,0,0,11.2,43804.21
1979-09-02,91.3,61.9,78.2,0,0,12.9,43664.03
1979-09-03,93.2,58.4,77.9,0,0,13,43502.25
1979-09-04,92.2,64.6,79.1,0,0,11.2,43313.19
1979-09-05,93.5,57.4,77.8,0,0,7.6,43129.87
1979-09-06,93.9,58.9,78.6,0,0,7.7,42873
1979-09-07,95.4,57.6,79.1,0,0,10.4,42486.31
1979-09-08,95.4,60.1,80.5,0,0,10.1,42052.32
1979-09-09,94.7,64.3,81.2,0.008,1,12,42000.71
1979-09-10,91.8,64.5,80.6,0,0,9,41212.51
1979-09-11,91.5,66.8,79.8,0,0,12.6,41897.19
1979-09-12,83.3,58.5,72.9,0,0,9.5,41921.84
1979-09-13,81.8,58.7,69.9,0,0,14.9,41827.61
1979-09-14,75.7,55.2,65.9,0,0,14.5,41747.41
1979-09-15,77.7,49.7,65.3,0,0,5.4,41688.61
1979-09-16,81.8,52,68.8,0,0,4.9,41636.07
1979-09-17,87.9,56.5,74.4,0,0,5,41493.8
1979-09-18,86,53.1,72,0,0,5,41344.22
1979-09-19,84.9,58.3,72.6,0.004,1,10,41194.51
1979-09-20,80.8,61.6,71.7,0,0,8.1,40147.45
1979-09-21,81.5,53.4,69.1,0,0,7.2,40895.05
1979-09-22,85.7,53.1,71.2,0,0,7.9,40745.49
1979-09-23,87.1,53.1,72.1,0,0,9.2,40596.16
1979-09-24,87.5,54.3,72.8,0,0,8.6,40447.15
1979-09-25,87.7,57.4,74,0,0,15.7,40298.55
1979-09-26,81.9,62.4,72.3,0.024,3,11.4,37039.55
1979-09-27,80.2,54,68.3,0,0,9.7,39110.79
1979-09-28,82.1,53.3,69.1,0,0,8.9,39633.92
1979-09-29,83.4,53.7,69.7,0,0,8.2,39697.91
1979-09-30,83.8,52.8,70.5,0,0,5.6,39545.98
1979-10-01,84.9,54.2,70.8,0,0,4.8,39278.38
1979-10-02,85.9,54.7,71.9,0,0,12.5,39063.96
1979-10-03,80.8,60.8,71.6,0,0,6.6,38853.95
1979-10-04,81.3,53,68.2,0,0,6.7,35871.86
1979-10-05,81.5,59.7,70.8,0,0,4.5,38530.92
1979-10-06,81.3,57.8,69.2,0,0,7.2,37208.11
1979-10-07,84.4,50,68.9,0,0,5.7,37915.25
1979-10-08,83.2,51.2,68.4,0,0,10.4,37954.5
1979-10-09,77.8,53.3,66.5,0,0,7.1,37239.09
1979-10-10,79.9,52.8,66.7,0,0,6.1,37603.18
1979-10-11,78.4,58,68,0,0,6.1,34918.37
1979-10-12,78.4,51.3,65.4,0,0,4,37137.46
1979-10-13,81,46.6,65.7,0,0,7.4,36088.46
1979-10-14,74.9,50.1,63,0,0,13,34814.03
1979-10-15,75.8,44.7,61.5,0,0,9.7,36582.7
1979-10-16,70.8,54,62.1,0,0,6,36306.88
1979-10-17,73.3,44.6,60.9,0,0,12.2,32944.45
1979-10-18,73.6,49.9,63.3,0,0,13.8,33750.88
1979-10-19,72.7,61.3,66.2,0,0,21.1,30866.32
1979-10-20,67.7,47.8,58.6,0.051,5,26.9,32950.43
1979-10-21,55,39.9,46.9,0.02,3,10.3,36074.62
1979-10-22,58.3,31.7,45.7,0,0,4.7,35939.22
1979-10-23,63,36.2,50.6,0,0,3.3,35873.18
1979-10-24,68,42.8,56.2,0,0,3.5,35806.7
1979-10-25,74.9,37.9,57.2,0,0,7.8,35739.82
1979-10-26,71.2,47.3,58.8,0,0,10.4,35618.9
1979-10-27,62.8,44.9,53.4,0,0,5.5,35471.3
1979-10-28,67.2,33.8,51.6,0.008,1,10.5,35324.6
1979-10-29,47.2,40.2,43.9,0.126,9,16.3,14496.13
1979-10-30,46.4,31.6,39.3,0,0,16.2,35034.48
1979-10-31,44.3,29.9,36.1,0,0,5.4,34891.36
1979-11-01,45.2,27.4,36.4,0,0,6.9,34749.76
1979-11-02,46.5,28.4,38.6,0,0,3.8,34609.83
1979-11-03,57.7,27.1,41.9,0,0,5.5,34471.73
1979-11-04,57.1,40.1,47.2,0.012,2,16.2,31774.53
1979-11-05,53,38.4,44.7,0,0,5.9,34200.98
1979-11-06,58.4,30.1,44.3,0,0,4.2,32140.19
1979-11-07,57.7,39.2,48.4,0,0,5.4,26349.04
1979-11-08,49.7,38,44.2,0.165,14,8.2,32482.15
1979-11-09,51,34,41.9,0,0,10.1,32124.36
1979-11-10,47.5,34.8,40,0,0,7.3,33536.78
1979-11-11,48.8,29.7,38.6,0,0,7.3,33406.73
1979-11-12,47.2,31.2,38.8,0,0,4.8,33277.98
1979-11-13,49.4,26,38.4,0,0,2.7,33150.69
1979-11-14,52.8,30.1,41.8,0,0,4,33025.02
1979-11-15,53.3,30.4,42.2,0,0,2.6,32901.16
1979-11-16,54.6,29.6,42.8,0,0,3.9,32779.27
1979-11-17,57.9,25.7,42,0.004,1,7.1,31463.5
1979-11-18,50.8,34.1,42.7,0.169,14,10.9,32230.48
1979-11-19,39.9,32.5,36.1,0.232,12,10.3,20455.05
1979-11-20,34,25.9,30.6,0.24,16,9,4343.38
1979-11-21,28.6,16.4,21.8,0,0,12,31824.31
1979-11-22,29.3,16.3,22.3,0,0,4.2,32099.67
1979-11-23,25.8,18.1,22.4,0.094,8,3,2231.36
1979-11-24,32.1,7.7,20,0,0,4.2,27263.52
1979-11-25,36.4,13.2,24.7,0,0,7.8,31782.7
1979-11-26,40.5,23.9,32.4,0.118,13,8.8,28560.37
1979-11-27,29.4,9.2,22,0,0,9.2,31561.19
1979-11-28,25.5,7.4,15,0,0,5.8,31413.5
1979-11-29,26.6,6.9,15.7,0,0,3,31192.85
1979-11-30,29.2,8.7,17.8,0,0,2.9,31143.81
1979-12-01,32.4,10.6,20.4,0,0,3.1,31022.55
1979-12-02,37.3,9.4,24,0,0,3.1,28440.08
1979-12-03,41.7,21.2,29.8,0,0,2.5,30449.35
1979-12-04,45.6,22.7,31.9,0,0,2.7,30658.98
1979-12-05,43.2,24.3,32.8,0,0,7.2,30636.32
1979-12-06,41.1,24.8,32.3,0,0,3.6,30565.98
1979-12-07,43.8,25.3,33.6,0.004,1,2.5,30506.65
1979-12-08,47.5,25.7,35.3,0,0,2.9,26815.55
1979-12-09,49.2,25.2,36.1,0,0,2.5,30455.27
1979-12-10,49.7,25.2,35.8,0.012,1,4.1,30453.44
1979-12-11,36.2,19.3,29,0.055,4,8.1,30421.37
1979-12-12,32.9,17.3,24.4,0,0,4.9,30454.12
1979-12-13,38,22.7,28.8,0,0,2.3,30436.09
1979-12-14,39.6,18.6,29.3,0,0,2.7,30451.63
1979-12-15,43.3,21.6,32,0,0,2.6,30459.8
1979-12-16,47.3,22.2,34,0,0,3.1,30475.76
1979-12-17,48.2,24.4,35.2,0,0,3.1,30457.53
1979-12-18,46.2,26.3,35.9,0,0,3.1,30441.47
1979-12-19,47.7,23.1,35.1,0,0,3.3,30429.45
1979-12-20,47.6,24.5,35,0,0,3.4,30421.45
1979-12-21,44.2,25.8,34,0.224,17,5,10283.23
1979-12-22,40.3,29.6,34.6,0.169,12,11.3,26709.77
1979-12-23,36.2,22.7,29.5,0,0,3.8,30421.63
1979-12-24,39.8,20,28.1,0,0,4.1,24121.21
1979-12-25,43.5,22.1,31.5,0,0,3.6,30441.73
1979-12-26,35.3,26.4,30.7,0.13,11,5.2,0
1979-12-27,34.4,25.1,29.9,0.067,8,7.7,22937.29
1979-12-28,31.1,13.5,22.9,0,0,4,30501.53
1979-12-29,29.9,1.9,16.8,0,0,3.6,29416.67
1979-12-30,29.7,3.6,18.2,0,0,4,30560.91
1979-12-31,31.2,8.7,20.7,0,0,3.5,29695.63
1980-01-01,37.2,16.5,26.5,0.039,4,3.4,30635.62
1980-01-02,39.2,22.6,30.1,0,0,4.5,30678.64
1980-01-03,37.2,18.7,26.2,0,0,6.4,30725.41
1980-01-04,37.8,19.1,28,0,0,4,30776.46
1980-01-05,41.9,19.9,29.5,0,0,5.8,30831.98
1980-01-06,41.7,25.5,32.8,0,0,6,30891.79
1980-01-07,40.9,22.7,29.9,0.008,2,6.5,30955.74
1980-01-08,43.9,29.3,35.6,0.004,1,16.2,31023.67
1980-01-09,41,32.6,36.5,0.138,10,11.1,8622.73
1980-01-10,46.6,25.7,39.5,0.02,3,27.8,31170.83
1980-01-11,34.1,23.7,30.4,0.063,7,4,10177.59
1980-01-12,45.8,34.4,39.6,0.118,8,9.4,4286.25
1980-01-13,52,35.3,42.5,0,0,10.4,25392.01
1980-01-14,47.2,35.4,42.8,0.299,10,14.1,545.7
1980-01-15,46.7,29.9,37.3,0,0,4,31597.44
1980-01-16,45.4,26.2,34.7,0.11,7,4.9,31691.6
1980-01-17,47.7,29,37.3,0.142,15,8.4,30053.19
1980-01-18,47.1,29.7,38.4,0.335,24,13,23560.8
1980-01-19,41.1,28.5,34.1,0.193,13,8.2,20359.31
1980-01-20,38.5,24.7,31.4,0.043,5,2.9,29375.74
1980-01-21,36.8,20.6,27.7,0,0,5.4,29010.14
1980-01-22,38.4,21.3,28.7,0,0,7.6,32308.75
1980-01-23,36.3,14.3,25,0,0,4.1,32382.21
1980-01-24,38.9,17.2,27.8,0,0,4.4,32417.5
1980-01-25,44.3,20.3,31.7,0,0,12.1,32407.22
1980-01-26,44.8,22.9,32.7,0,0,16.2,32492.17
1980-01-27,43.7,32.6,37.5,0,0,21.4,29239.22
1980-01-28,43.2,35.8,38.8,0.051,6,21.7,26097.21
1980-01-29,45.5,34.7,40,0.177,15,24,24923.46
1980-01-30,38.7,25.8,33.5,0.063,5,6.8,32638.51
1980-01-31,40.3,20.2,30,0,0,3.1,32380.04
1980-02-01,43.6,23.4,33.1,0,0,3.4,32565.13
1980-02-02,47.2,24.5,35.4,0,0,4,27903.46
1980-02-03,50.4,27.7,37.2,0,0,3.5,31156.64
1980-02-04,50.6,30.1,39.3,0,0,9.3,33507.57
1980-02-05,47,25.9,35.7,0,0,4.3,33617.02
1980-02-06,49.7,27.9,37.6,0.024,3,7.3,22829.68
1980-02-07,40.1,28.7,35,0.118,13,16.5,5415.41
1980-02-08,38,22.6,29.6,0.012,3,13.3,24176.42
1980-02-09,39,21.3,29.6,0,0,4.3,34587.86
1980-02-10,42.5,20.5,31.6,0,0,5.2,34764.96
1980-02-11,44.4,23.2,33.1,0,0,5.7,33831.99
1980-02-12,49,21.5,34.5,0,0,6.7,33545.13
1980-02-13,49.8,26.6,37.2,0.039,2,13.8,35015.38
1980-02-14,45.7,32.8,39.8,0.736,24,9.7,1883.97
1980-02-15,51.6,35.5,43.3,0.142,12,12.6,34022.58
1980-02-16,49.6,35.9,42.3,0.02,3,5.7,32983.37
1980-02-17,49.9,37.6,42.6,0.118,7,11.6,25463.95
1980-02-18,55.1,38.7,46.1,0.213,11,19.6,34686.1
1980-02-19,53.6,33.3,44.1,0.083,5,16.1,34671.66
1980-02-20,46.1,36.9,42.1,0.122,12,16.4,28386.59
1980-02-21,47.9,30.8,38.3,0.201,13,14.6,22093.74
1980-02-22,48.7,30.9,39.8,0,0,11,36534.46
1980-02-23,46.4,33,38.6,0.016,2,12.7,34991.6
1980-02-24,45.6,29.7,37.2,0,0,6.5,36841.74
1980-02-25,48.4,28.6,37.8,0,0,5.1,36995.75
1980-02-26,52.2,26.4,39.9,0,0,4,37149.83
1980-02-27,58.4,28.3,42.9,0,0,3.6,37303.86
1980-02-28,61.6,27.8,44.5,0,0,12.7,35820.7
1980-02-29,49.7,35.3,41.9,0,0,11.6,37611.3
1980-03-01,50.4,32.6,40.5,0,0,6.2,37764.46
1980-03-02,56.8,29.7,42.4,0,0,7.7,29123.44
1980-03-03,50.2,38,43.2,0.106,9,19.6,17079.42
1980-03-04,48.2,35.2,40.9,0.012,3,11.9,33055.57
1980-03-05,52,28.1,40.8,0.008,2,18.2,31916.77
1980-03-06,49.1,35.3,41.7,0.366,18,17.4,26367.67
1980-03-07,44.3,33.6,38.3,0.354,23,15.2,31222.34
1980-03-08,44.4,28.6,36,0.02,3,6.9,38834.51
1980-03-09,47.7,23.6,35.6,0,0,8.8,38989.27
1980-03-10,51,24.5,38.3,0,0,4,39144.36
1980-03-11,46.7,30.1,38.1,0.028,4,6.9,31875.91
1980-03-12,42.6,32.2,36.6,0.126,5,15.8,39430.71
1980-03-13,49.8,24.1,36.6,0,0,4.3,39497
1980-03-14,59.3,26.6,42.2,0,0,9,39558.05
1980-03-15,57,35.4,45.6,0,0,19.7,39219.93
1980-03-16,39.6,28.3,34.7,0.055,6,12.9,38789.48
1980-03-17,43.8,24.6,33,0,0,4.5,39787.25
1980-03-18,54.5,24.2,38.8,0,0,7.9,39635.42
1980-03-19,53.3,32.4,42.1,0,0,11.8,39785.88
1980-03-20,53.9,31.9,42.3,0,0,6.6,40068.88
1980-03-21,57,31.5,44.2,0.047,6,20.6,40135.22
1980-03-22,48.5,31.8,39.5,0.441,17,13.4,24755.44
1980-03-23,48.5,33.7,41.1,0.008,2,8.7,39600
1980-03-24,52.4,29,41,0.122,6,12.6,40300.84
1980-03-25,42.3,30.4,35.4,0.067,8,12,32473.19
1980-03-26,43.8,28.3,35.4,0,0,4.3,41263.39
1980-03-27,48.4,27.8,36.8,0.024,4,8.5,41024.93
1980-03-28,45.2,28.8,35.9,0.094,9,15.8,29171.39
1980-03-29,47,30.6,37.5,0.02,4,5.2,41658.24
1980-03-30,51.1,26.3,35.4,0.047,5,20.3,25093.26
1980-03-31,38.8,22.8,31.3,0,0,8.4,42031.96
1980-04-01,44,21.8,33.5,0.043,5,8.1,40423.02
1980-04-02,39.9,26.3,32.3,0.354,14,8,21411.12
1980-04-03,48.7,20.5,34.9,0,0,8.1,42719.49
1980-04-04,55.6,25.5,40.8,0,0,5.7,42928.36
1980-04-05,60.9,34.3,47,0.016,3,16,35407.97
1980-04-06,60.3,36.2,47.9,0.004,1,17.5,43221.21
1980-04-07,46.5,33.5,40.1,0,0,20.1,43366.38
1980-04-08,52.4,26.9,40.7,0,0,3.8,43510.58
1980-04-09,63.7,28.1,46.8,0,0,10.1,43653.73
1980-04-10,60.4,37.1,49.9,0.035,3,20.2,43795.7
1980-04-11,48.7,31.6,40.2,0,0,23.3,43282.39
1980-04-12,49.8,29.1,39.8,0,0,14.9,43830.97
1980-04-13,52.9,29.1,40.7,0,0,8,44213.92
1980-04-14,62.5,29.2,47.1,0,0,4.7,44351.86
1980-04-15,68.9,33.2,52.3,0,0,13.6,44489.57
1980-04-16,64.6,41.4,53,0,0,6.6,44626.96
1980-04-17,70.2,33.6,53.4,0,0,5.8,44763.95
1980-04-18,75.6,35.3,57.3,0,0,6.3,44900.43
1980-04-19,79,37.6,60,0,0,6.5,45036.31
1980-04-20,81.4,40.1,62.9,0,0,11.9,45171.5
1980-04-21,75.6,46.1,61.3,0.091,6,13.2,36000
1980-04-22,72.7,43.1,57.6,0.087,4,12.7,40461.27
1980-04-23,53.8,46.1,50.2,0.469,13,14.8,38862.25
1980-04-24,58.9,41.9,51.2,0.016,3,9,37215.36
1980-04-25,64.5,39.1,53,0,0,7.9,45512.6
1980-04-26,65.9,41.8,55.3,0,0,6,45605.65
1980-04-27,69.3,38.1,56.1,0,0,5.3,45660.32
1980-04-28,74,42.6,59.6,0,0,7.9,45230.46
1980-04-29,69.5,46.9,56.5,0.24,13,15.8,42468.86
1980-04-30,61.4,45.5,53.9,0,0,8.6,36509.68
1980-05-01,57.5,47.7,51.5,0.335,12,7,27362.45
1980-05-02,64.6,40.9,53.9,0,0,6.5,46123.55
1980-05-03,68,41.3,55.5,0,0,10.6,46182.65
1980-05-04,70.3,43.4,58.1,0.016,1,10.1,44406.34
1980-05-05,70.8,47.3,59.7,0,0,10.7,42900.64
1980-05-06,73.9,46.5,60.6,0.035,1,11.5,43629.98
1980-05-07,67,47.4,57.4,0.228,14,7.5,39564.01
1980-05-08,67.7,45.1,58.2,0,0,10.7,46555.04
1980-05-09,68.4,45.1,58.2,0,0,21.7,38387.56
1980-05-10,68,51.7,59.6,0.024,4,24.1,46766.04
1980-05-11,56.9,44.9,50.6,0.327,11,18.4,30111.62
1980-05-12,55.8,38.2,46.8,0.106,9,12.9,44099.98
1980-05-13,61.9,36.3,50.4,0.008,2,8.2,47803.88
1980-05-14,64,40.3,52.8,0,0,6,31710.97
1980-05-15,61.5,44.7,54.1,0.031,3,4.1,45045.83
1980-05-16,69.5,43.7,57.2,0.083,5,14.7,46755.45
1980-05-17,63.6,41.5,53.4,0.012,1,10.2,46453.35
1980-05-18,68.8,44,57.2,0,0,6.2,48409.52
1980-05-19,75.3,47.8,63.9,0,0,7.4,48500.27
1980-05-20,80.3,48.9,67.4,0,0,5.6,48583.19
1980-05-21,84,48.2,69.5,0,0,8,48622.83
1980-05-22,84.2,51.6,68.8,0.031,2,13.2,48660.62
1980-05-23,76,54.6,66.6,0.016,2,22.9,48103.64
1980-05-24,68.6,46.2,58.7,0,0,27.8,48730.71
1980-05-25,59.9,39.8,50.3,0.024,4,18.2,48763.14
1980-05-26,72.1,40.8,57.4,0,0,10.6,48195.32
1980-05-27,77.1,42.2,63.2,0,0,18.5,48827.7
1980-05-28,79.4,47.1,64.8,0,0,18.3,48850.09
1980-05-29,73,49.8,62.8,0,0,12.3,48875.66
1980-05-30,80.2,51,67,0,0,17.5,48941.55
1980-05-31,76.2,50.4,65.8,0,0,15,48921.78
1980-06-01,76.6,52.4,66.2,0,0,16.8,48942.34
1980-06-02,79.7,47.9,66.3,0,0,18,49056.56
1980-06-03,83.9,54.1,70.4,0,0,17.5,49075.91
1980-06-04,84.9,54.2,71.6,0,0,18.7,49152.4
1980-06-05,85.6,55.1,73.1,0,0,20.5,49170.23
1980-06-06,83.9,56.1,72.3,0,0,21.6,49185.93
1980-06-07,85.4,58.1,72.4,0,0,8.9,49031.29
1980-06-08,89,53.5,74.2,0,0,9.8,49040.48
1980-06-09,89.2,57.8,76.2,0,0,7.4,49362.76
1980-06-10,93.7,53.9,77.4,0,0,14.6,49374.27
1980-06-11,92.4,58.4,78.6,0,0,17.3,49383.63
1980-06-12,89.1,60.5,77.4,0,0,19.7,49390.9
1980-06-13,89.9,58.7,76.6,0,0,19,49473.64
1980-06-14,86.3,56.4,74.2,0,0,19.7,49556.96
1980-06-15,80,57.5,70.3,0,0,9,49479.21
1980-06-16,84.1,58.4,71.7,0,0,8.8,47291.59
1980-06-17,92,56.9,77.3,0,0,8.5,49558.77
1980-06-18,93.8,57.8,79.7,0,0,15.5,49470.45
1980-06-19,91.1,64.4,80,0,0,10,49548.6
1980-06-20,93.4,57.8,79.3,0,0,16,49626.58
1980-06-21,91.1,62.9,79.4,0,0,14,49530.1
1980-06-22,93.6,58.6,79.4,0,0,12.8,49693.38
1980-06-23,95.1,59.3,80.5,0,0,21.6,49592.18
1980-06-24,94,62.8,80.7,0,0,15.8,49665.64
1980-06-25,96.3,59,81,0,0,15.1,49559.57
1980-06-26,97.3,65,84,0,0,20,49540.62
1980-06-27,89.3,71.3,81.9,0,0,11.2,49609.62
1980-06-28,92.7,63,79.9,0,0,7.3,49497.63
1980-06-29,98.5,61.2,83.6,0,0,11.3,49384.11
1980-06-30,92.7,69.2,83.8,0,0,12.8,48822.35
1980-07-01,87.7,68.7,78.3,0.004,1,14.1,47280.33
1980-07-02,87.7,65.9,77.8,0,0,13.8,48771.05
1980-07-03,92,63.7,79.7,0,0,14.4,49186.32
1980-07-04,94.6,65.6,82.2,0,0,14.7,49417.42
1980-07-05,97,61.1,82.4,0,0,15.2,49382
1980-07-06,98.2,63.2,84.3,0,0,12,48651.12
1980-07-07,92.8,68.5,80.7,0,0,18.4,46119.21
1980-07-08,91.4,63.2,79.6,0,0,13.1,48928.23
1980-07-09,94.4,66.9,83,0,0,8.1,48972.07
1980-07-10,97.3,65,84.1,0,0,9.4,48507.05
1980-07-11,97.3,68,85.1,0.008,2,8.6,48225.13
1980-07-12,92.8,69.5,81.3,0.02,1,12.9,47066.4
1980-07-13,89.9,65,79,0,0,14.1,48235.56
1980-07-14,91.8,64.2,80,0,0,15.3,48712.45
1980-07-15,92.9,64.9,81.4,0,0,8,48701.55
1980-07-16,95.4,64.7,82.9,0,0,7.3,48651.63
1980-07-17,99.7,62.2,84.9,0,0,11,48227.55
1980-07-18,99.2,69.2,86.6,0,0,11,48182.29
1980-07-19,96.7,74,87.2,0,0,14.6,47929.46
1980-07-20,95.4,70.4,84.6,0,0,6.7,48094.66
1980-07-21,98.2,66.2,85.2,0,0,5.2,47911.9
1980-07-22,97.4,69.6,84.6,0,0,17.6,47644.01
1980-07-23,96,66.2,84,0,0,10.8,47345.8
1980-07-24,95.1,69.6,83.4,0,0,16.3,46800
1980-07-25,97.4,65.5,81.6,0.008,1,18.8,47415.76
1980-07-26,92.6,65.1,80.8,0.012,2,12.8,47057.55
1980-07-27,94.8,62.8,81.9,0,0,4.6,47225.17
1980-07-28,98.3,67.2,85.7,0,0,6.8,47292.09
1980-07-29,93.1,69.7,83,0,0,15.3,41679.36
1980-07-30,93.6,69.7,82.4,0,0,8.9,46800
1980-07-31,94.4,67.3,82.7,0,0,9.2,46966.91
1980-08-01,97.3,70.4,84.8,0.012,1,14.4,43675.31
1980-08-02,94.2,70.9,82.7,0,0,13.1,46959.93
1980-08-03,96.6,70.1,82.8,0.047,1,19.3,46847.79
1980-08-04,92.2,67.2,81.3,0,0,11.9,46785.09
1980-08-05,96.2,67.6,84,0,0,13.1,46720.42
1980-08-06,96.9,68.4,85.1,0,0,13.8,46606.04
1980-08-07,97.8,67.6,85.3,0,0,8.6,46541.64
1980-08-08,99.1,65.8,85.6,0,0,10.9,46436.16
1980-08-09,96.4,67.7,84.5,0,0,12.7,46372.59
1980-08-10,98.1,70.4,85.6,0,0,12.3,46307.35
1980-08-11,95.3,69.1,83.3,0,0,5.8,46239.95
1980-08-12,97.4,66.8,83.5,0,0,12,46163.33
1980-08-13,92.9,67.3,81.9,0.008,1,8.1,44925.05
1980-08-14,88.4,67.8,78,0.075,5,13.1,44294.44
1980-08-15,83.8,61.4,73.1,0.205,5,16.6,45685.98
1980-08-16,82.6,58.5,71.7,0,0,10.3,45856.56
1980-08-17,88.3,58.1,75,0,0,11.9,45728.41
1980-08-18,88.9,59.1,76.6,0,0,20.2,45598.99
1980-08-19,84.1,64.3,74.3,0,0,22,45468.41
1980-08-20,78.9,56,67.8,0,0,7.7,45336.77
1980-08-21,87.2,52.8,72.8,0,0,5.4,45204.18
1980-08-22,92.4,55.2,76.7,0,0,16.5,45070.72
1980-08-23,80.6,67,73,0.232,9,10.8,39233.8
1980-08-24,72.6,61.5,66.5,0.264,16,3.8,41236.14
1980-08-25,78.5,60.1,68.6,0.083,8,13.3,44437.97
1980-08-26,78.7,58.7,68.6,0,0,5.4,44530.14
1980-08-27,83.9,53.3,69.9,0,0,10.9,44393.78
1980-08-28,86.7,57.4,73.1,0,0,15.3,44257.12
1980-08-29,86,59.6,74.1,0,0,15,40346.7
1980-08-30,84.7,57.8,71.8,0,0,16.8,42217.68
1980-08-31,81.7,57.9,70.3,0,0,10.9,43845.42
1980-09-01,82.6,58,70.5,0,0,6.5,43706.3
1980-09-02,89.1,52.1,73.3,0,0,13,43145.35
1980-09-03,87.8,61.9,75.9,0,0,9.1,43340.63
1980-09-04,90.5,54,75.1,0,0,7.5,43156.11
1980-09-05,89.6,57.1,76.2,0,0,12.3,42169.22
1980-09-06,83.6,65.9,73.9,0.126,5,7.7,42117.8
1980-09-07,81.3,62.2,71.3,0.091,8,9.1,40812.29
1980-09-08,76.4,60.3,68.9,0.122,8,5.9,40092.5
1980-09-09,70.5,60.6,65.6,0.524,13,6.8,27413.44
1980-09-10,70.3,59.7,64.2,0.925,15,9.2,28838.07
1980-09-11,72.7,54.9,63.8,0,0,12.5,41859.08
1980-09-12,72.5,58.3,65.1,0,0,5.9,41810.62
1980-09-13,78.9,51.8,65.2,0,0,13.5,41760.93
1980-09-14,79.6,51.3,66.1,0,0,9.9,41702.19
1980-09-15,79.6,51,65.7,0,0,9.5,41649.55
1980-09-16,78.8,58,68.2,0,0,13.6,41528.62
1980-09-17,79.6,58.7,69.1,0,0,8.3,41380.92
1980-09-18,88,49.1,70,0,0,15.9,41233.44
1980-09-19,85.9,61.7,74.1,0,0,22.1,41086.25
1980-09-20,76.7,56.3,65.7,0,0,7.4,40938.68
1980-09-21,79.1,52.7,64.6,0,0,16.8,40790.11
1980-09-22,69.3,49.5,59.2,0,0,7.2,40640.68
1980-09-23,72.6,45.8,60.6,0,0,7.2,40490.45
1980-09-24,74,52.4,64,0,0,7.6,40339.54
1980-09-25,76.4,53.2,65.2,0,0,5.1,40188.02
1980-09-26,79.3,44.7,64.2,0,0,6.1,40036
1980-09-27,80.1,48.7,66.5,0,0,5.9,39883.56
1980-09-28,82.2,50.7,68.4,0,0,7.2,39730.8
1980-09-29,80.4,59.6,69.9,0,0,4.2,39577.83
1980-09-30,84,54.2,70.1,0,0,8,39397.83
1980-10-01,83.2,61.1,72,0,0,4.9,39179.7
1980-10-02,79.1,54.3,67.1,0,0,9.3,38966.22
1980-10-03,80,55.2,67.3,0,0,4,38757.71
1980-10-04,81.3,54.3,68,0,0,5.4,38554.58
1980-10-05,80.4,58.4,68.9,0,0,4.8,38357.23
1980-10-06,80.3,52.3,68.2,0,0,4.7,38089.97
1980-10-07,81.6,55.2,69.5,0,0,4.7,37981.38
1980-10-08,82.7,57.2,70.3,0,0,5,37803.85
1980-10-09,79.9,61.2,69.1,0,0,5.3,37633.89
1980-10-10,78.6,55.4,67,0,0,4.9,37471.24
1980-10-11,79.8,45.5,64.2,0,0,8,37237.25
1980-10-12,74.3,51.4,61,0.138,4,13.6,30109.07
1980-10-13,67.7,49.7,58.8,0.043,4,13.2,36702.75
1980-10-14,67.7,46.6,55,0.28,8,17.1,34469.54
1980-10-15,50,41.3,45.9,0.22,15,16.5,35862.7
1980-10-16,48.8,38.6,42.7,0.142,9,13.5,24896.6
1980-10-17,51.1,36.4,43.7,0,0,10.6,36035.81
1980-10-18,53.6,36,45.3,0,0,4.8,36143.24
1980-10-19,58.7,36.4,47.6,0,0,5.4,36085.25
1980-10-20,59,37.7,48.7,0,0,4,36076.48
1980-10-21,59.9,35,48.3,0,0,3.8,35988.3
1980-10-22,63,37.3,49.4,0,0,10.2,35894.4
1980-10-23,50.5,32.6,42.4,0,0,6.4,35827.52
1980-10-24,55.1,29.1,42.3,0,0,3.7,35755.3
1980-10-25,59.2,29,44.6,0,0,3.5,35649.84
1980-10-26,50.9,39.8,44.4,0.197,14,14.9,0
1980-10-27,46.3,35.8,40.9,0.035,4,10.2,26354.81
1980-10-28,48.6,30.9,38.6,0,0,9.4,35216.52
1980-10-29,52,28.2,40.7,0,0,2.9,35075.23
1980-10-30,56.3,29.4,43.2,0,0,4.1,34935
1980-10-31,58.7,30.8,45.1,0,0,2.9,33260.49
1980-11-01,60.3,33.9,47,0,0,2.9,34654.97
1980-11-02,62.9,35.3,49.1,0,0,5.5,32646.48
1980-11-03,63.4,41.9,51.7,0,0,5.4,34376.33
1980-11-04,64.8,39.5,52.6,0,0,3.2,34237.9
1980-11-05,66.4,39.2,53.5,0,0,2.8,34100.25
1980-11-06,67.3,35.9,52.5,0,0,5.6,33963.55
1980-11-07,69.2,37.1,53,0,0,7,33827.95
1980-11-08,68.7,40,54.8,0,0,9.1,33693.62
1980-11-09,71.1,35.2,52.4,0,0,6.2,33560.72
1980-11-10,71.6,37.3,53.5,0,0,6.3,33429.41
1980-11-11,69.4,37.3,53.3,0,0,10.9,31068.22
1980-11-12,64.6,46.9,54.5,0.126,10,16.7,32329.5
1980-11-13,50.6,40,45.1,0.008,1,7.8,32806.94
1980-11-14,44.3,31.9,38.2,0,0,8.3,32923.77
1980-11-15,42.7,26.4,33.5,0,0,8.8,32803.17
1980-11-16,37.7,24,30.1,0,0,13.4,32685.26
1980-11-17,40.1,23.7,31.6,0,0,6.1,32570.25
1980-11-18,42.7,26,33.8,0,0,2.8,32458.34
1980-11-19,45,28.6,36.2,0,0,3.1,32349.19
1980-11-20,48.8,32,39.2,0,0,3.5,31503.72
1980-11-21,49.7,25.7,37.9,0,0,3.8,32136.04
1980-11-22,47.9,27.2,38,0,0,6.5,30571.92
1980-11-23,49.1,32.5,40.9,0.051,4,7.3,26564.71
1980-11-24,42.9,33.5,38.6,0.094,12,11.2,12669.09
1980-11-25,41.6,28.4,33.7,0,0,6,31547.72
1980-11-26,43.5,24.5,33.4,0,0,4.8,31488.23
1980-11-27,43.9,23.8,32.8,0,0,4.2,31342.37
1980-11-28,49.7,24.3,35.5,0,0,3.6,31205.21
1980-11-29,56.9,25.4,38.3,0,0,4.3,29452.95
1980-11-30,56.1,32,42.9,0,0,9.4,24496.11
1980-12-01,48.8,29.3,41,0,0,10.6,30849.47
1980-12-02,55.6,27.2,39.3,0,0,12.4,30688.91
1980-12-03,57.9,32.9,44.5,0,0,9.6,27702.66
1980-12-04,57.4,37.8,46.2,0,0,17.2,30197.46
1980-12-05,50.6,34.2,41.4,0.138,11,14.5,30421.39
1980-12-06,48.8,29.4,37.8,0.039,5,15.4,30505.52
1980-12-07,38.9,29.4,33.4,0.571,22,5.1,13823.79
1980-12-08,38,24.5,30.2,0,0,5.8,28584.24
1980-12-09,38.3,21.8,28.3,0,0,6,30412.27
1980-12-10,39.1,19.2,27.7,0,0,3.6,30449.93
1980-12-11,42.8,20.9,30.4,0,0,3.5,30431
1980-12-12,45.1,22.4,32.3,0,0,4.3,30439.78
1980-12-13,44.3,27,34,0,0,3.5,30444.83
1980-12-14,44.3,23.2,32.2,0,0,3.2,30459.37
1980-12-15,47.2,25.3,34.4,0,0,2.8,30476.32
1980-12-16,51.2,27,36.7,0,0,2.8,30467.16
1980-12-17,52.6,26.6,38.4,0,0,3.6,30449.07
1980-12-18,51.8,27.2,38.3,0,0,3.4,30434.91
1980-12-19,49.2,26.7,37.3,0,0,3.1,30424.71
1980-12-20,48.2,26.3,36.7,0,0,3.2,30418.5
1980-12-21,48.8,29.1,37.8,0,0,3.8,30416.31
1980-12-22,49.9,29.8,40.1,0,0,3,28711.62
1980-12-23,47.7,33.4,40.7,0.02,2,8.6,30424.06
1980-12-24,47,25.3,35.7,0,0,3.6,23773.3
1980-12-25,49.1,28.1,38,0,0,3.4,26163.29
1980-12-26,51.7,31,40.7,0,0,3.6,30466.26
1980-12-27,53.6,30.3,41.5,0,0,3.4,30488.54
1980-12-28,52.1,36.6,43.5,0,0,2.5,28207.52
1980-12-29,52.6,33.9,42.3,0,0,3.1,30545.93
1980-12-30,50.6,25.5,37.8,0,0,3.4,30581.5
1980-12-31,51.6,33.3,41,0,0,2.9,30621.48
1981-01-01,52.3,31.2,40.2,0,0,3,30665.75
1981-01-02,51.5,28.1,38.8,0.004,1,3.4,30714.2
1981-01-03,51,29.5,39.4,0,0,3.2,30766.68
1981-01-04,52.5,32.5,41.9,0.004,1,3.8,30823.08
1981-01-05,43.2,33.4,38.7,0.134,5,7,30883.27
1981-01-06,44.8,30.9,36.7,0,0,2.3,30947.12
1981-01-07,43.6,24.5,34.1,0,0,3.6,31014.51
1981-01-08,44.9,30.3,36.7,0,0,3.7,31085.31
1981-01-09,45.3,28.7,36.2,0,0,3.2,31159.39
1981-01-10,47.1,26.5,36.7,0,0,2.7,31236.63
1981-01-11,48.9,28.3,38.3,0,0,4.4,31316.88
1981-01-12,48.7,30.8,38.9,0,0,3.8,30310.59
1981-01-13,48.9,32.2,39.1,0,0,3.3,31485.97
1981-01-14,48.2,25.4,36.5,0,0,2.9,31574.56
1981-01-15,46.6,31.3,37.6,0,0,2.8,31665.66
1981-01-16,44.2,27.1,35.4,0.047,5,3.4,31759.18
1981-01-17,46.6,31.5,38.3,0.016,3,4,26795.48
1981-01-18,47.3,29.7,38.6,0,0,4,31953.69
1981-01-19,47.2,29.9,38.8,0,0,3.3,32056.01
1981-01-20,49.7,28.2,37.8,0,0,3.7,32161.76
1981-01-21,51.5,29.1,40.2,0,0,4.3,32270.73
1981-01-22,50.8,27.9,38.6,0,0,3.4,32373.2
1981-01-23,53.6,26.3,39.5,0,0,4.1,32400.9
1981-01-24,49.8,29.8,38.2,0,0,17.1,32427.88
1981-01-25,42.1,31.2,35.6,0,0,7.7,32462.33
1981-01-26,41.5,27.4,34.3,0,0,5.9,32025.27
1981-01-27,46.7,23.9,35.4,0,0,3.9,32407.3
1981-01-28,51.8,30.2,39.4,0.083,7,12.4,29696.42
1981-01-29,48.3,30.8,38.1,0,0,13.7,32531.97
1981-01-30,43.3,29.1,36.6,0.039,5,18.5,32058.06
1981-01-31,35.7,22.7,29.4,0,0,11.9,28545.35
1981-02-01,39.8,23.5,30.5,0,0,13.2,32956.53
1981-02-02,39.8,22.1,30.2,0,0,5.8,33413.53
1981-02-03,43.7,22.3,33.2,0,0,3.5,32540.21
1981-02-04,44.2,25.9,35.1,0,0,5.5,33611.83
1981-02-05,43.8,25.3,34.1,0,0,4.1,33878.83
1981-02-06,47,23.6,35.1,0,0,7.2,33391.87
1981-02-07,45.4,29.1,36.7,0,0,11.2,34290.09
1981-02-08,49.5,26.3,37.6,0,0,8.2,33187.01
1981-02-09,45.2,33.2,37.8,0.236,15,10,18263.27
1981-02-10,33.1,19.2,29.3,0,0,23,34511.79
1981-02-11,40.8,16.5,27.9,0,0,4.7,33197.99
1981-02-12,45.6,20.5,33,0,0,3.7,35151.95
1981-02-13,51.9,21.2,35.5,0,0,4.1,35299.04
1981-02-14,55.1,26.2,39.2,0,0,4.7,26742.36
1981-02-15,55.6,35.8,44.6,0,0,7.2,32106.58
1981-02-16,55.3,31,44,0,0,4.1,35719.97
1981-02-17,57,29.2,43.2,0,0,6.4,28138.46
1981-02-18,59.2,34.8,47.1,0,0,6.4,36048.48
1981-02-19,64.1,28.4,46.6,0,0,7.9,31983.58
1981-02-20,50.9,35.1,44,0,0,15.3,30120.22
1981-02-21,46.9,28.7,37.1,0,0,7,36504.16
1981-02-22,50.6,28.6,39.6,0,0,3.7,36656.25
1981-02-23,59.1,25.4,42.5,0,0,4.3,36808.2
1981-02-24,65.1,28.3,45.7,0,0,13.7,36959.91
1981-02-25,63.2,29.9,47.3,0,0,16.5,37111.25
1981-02-26,52,35.8,42.9,0.146,5,19.6,34079.22
1981-02-27,50.8,27.9,39.9,0,0,5.9,37412.79
1981-02-28,54.2,29.1,42.5,0,0,5.2,37251.91
1981-03-01,53.3,31.5,43.2,0,0,9.2,37717.03
1981-03-02,49.1,30.7,37.9,0.228,14,7.6,21793.88
1981-03-03,45.9,29.3,37.6,0.02,3,8.4,38024.54
1981-03-04,49.9,30.9,39.9,0.004,1,4.5,38179.22
1981-03-05,54.3,27.2,40.8,0,0,5.8,38053.55
1981-03-06,45.6,31.8,38.1,0.213,8,8.8,12410.54
1981-03-07,46.8,29.9,38.1,0.012,1,5.7,38645.54
1981-03-08,49.3,30.6,39.9,0.008,1,4.9,38801.37
1981-03-09,50.7,29.2,40.6,0,0,4,38957.2
1981-03-10,51.5,29.2,40.4,0.024,3,6.7,39112.94
1981-03-11,46.1,34.1,38.6,0.236,16,3.6,26290.72
1981-03-12,49.6,31,40.3,0.024,4,5.8,39415.76
1981-03-13,52.5,28.9,40.8,0.071,6,7,39476.55
1981-03-14,48.5,33.9,40.6,0.154,14,7,34511.88
1981-03-15,52.8,29.3,42.6,0,0,4.9,39601.76
1981-03-16,57.2,29.6,44.1,0.051,7,14.6,37161.6
1981-03-17,45.6,30.4,38.2,0.075,3,13.6,39684.3
1981-03-18,46,27.4,36.2,0,0,5.7,39795.61
1981-03-19,55.2,26.5,41.2,0,0,5.1,27575.24
1981-03-20,49.3,37.4,42.7,0.126,8,17,18000
1981-03-21,52.4,32.4,42,0,0,10.4,39943.7
1981-03-22,56,33.3,44.6,0,0,6.3,40038.83
1981-03-23,59.4,32.6,46.4,0,0,4.7,40097.06
1981-03-24,58.6,39.2,48.3,0,0,13.3,40162.6
1981-03-25,63.6,29.4,47.4,0,0,11.5,37632.56
1981-03-26,69.5,43.9,55.6,0.031,2,22.1,39691.39
1981-03-27,50.2,37.1,43.6,0.067,5,16.6,40072.96
1981-03-28,49.7,32.3,40.2,0.055,7,9,27151.91
1981-03-29,58.2,30.7,45.2,0,0,9.8,41424.62
1981-03-30,47.2,34.6,42.4,0.146,8,14,31278.6
1981-03-31,52.8,29.8,40.4,0,0,8.3,41854.61
1981-04-01,63.8,29.1,47,0,0,17.5,41102.48
1981-04-02,67,35.2,53,0.016,2,20.3,40195.71
1981-04-03,49.2,37,43.9,0.008,2,18.2,42167.23
1981-04-04,50.2,30.2,40.1,0,0,19.3,42813.76
1981-04-05,57,30.3,44,0,0,3.9,43041.01
1981-04-06,69.6,30.3,51.9,0,0,16,43044.08
1981-04-07,68.6,40.5,54.7,0.035,4,20.5,34486.33
1981-04-08,58.6,38.9,48.7,0.11,5,7.2,43469.43
1981-04-09,72.9,34.1,55.5,0,0,14.3,43611.6
1981-04-10,74.9,42.4,60.4,0,0,18.3,43753.23
1981-04-11,73,43.7,60.4,0,0,18.8,43693.39
1981-04-12,72.7,46.3,60.6,0,0,14.4,42447.06
1981-04-13,71.4,43.6,59.7,0,0,7.4,44176.68
1981-04-14,71.3,40.4,56.5,0.185,8,11.7,39131.31
1981-04-15,67.7,48.4,57.1,0.252,10,9.9,42787.48
1981-04-16,72.4,41.3,58.2,0,0,8.4,44596.03
1981-04-17,75.5,42.5,60.2,0,0,8.2,44557.01
1981-04-18,74.9,45,59.4,0.024,4,13.2,32686.55
1981-04-19,65.8,45.2,57.1,0.004,1,21.4,43081.42
1981-04-20,65.9,44.6,55.8,0,0,14.9,45138.32
1981-04-21,69.6,45.9,58,0,0,15.4,45067.06
1981-04-22,68.3,42.5,55.8,0,0,7.3,45335.66
1981-04-23,72.8,47.8,61.2,0,0,5.6,45389.77
1981-04-24,79.6,44.2,65.3,0,0,7,45443.73
1981-04-25,83,47.5,68.6,0,0,16.5,45501.94
1981-04-26,82.1,52.1,69.3,0,0,18.2,45589.7
1981-04-27,80,55,68.1,0,0,15.2,45175.71
1981-04-28,75.9,47.9,63.1,0,0,6.9,45747.01
1981-04-29,81.5,54.6,69.4,0,0,7.4,45859.38
1981-04-30,83.4,59,71.4,0,0,14,45920.23
1981-05-01,85.5,55.7,72.7,0,0,10.7,46044.8
1981-05-02,82.5,57.8,70.4,0.043,2,19.8,42506.15
1981-05-03,72.3,50.5,60.1,0.244,12,19.5,46167.92
1981-05-04,68.6,46.1,57.6,0,0,5.1,46384.51
1981-05-05,76.7,42.9,62,0,0,16.4,43368.73
1981-05-06,74.3,47.4,61.6,0,0,21.4,46687.36
1981-05-07,62.7,41.7,52.3,0,0,12.5,46937.32
1981-05-08,62,41.6,52.9,0,0,25.1,47105.52
1981-05-09,65.2,37.8,53.3,0,0,10.4,47181.16
1981-05-10,74.9,39.1,60.5,0,0,9.6,47054.39
1981-05-11,68.3,51.7,59.4,0.035,3,16.8,39148.42
1981-05-12,74.9,39.8,58.1,0,0,18.7,47500.7
1981-05-13,67.2,40.3,55.9,0,0,6.2,47896.1
1981-05-14,81.8,42.8,65.9,0,0,17.6,47971.35
1981-05-15,73.1,53.7,64.9,0.024,3,19.9,40854.2
1981-05-16,59.8,47.6,52.7,0.043,5,13.5,45448.2
1981-05-17,61.8,44.5,53,0.11,8,13.1,43462.3
1981-05-18,69.3,45.4,58.3,0,0,5.1,48382.61
1981-05-19,79.9,45.4,65,0,0,18.2,43675.31
1981-05-20,68.5,50.3,60.7,0.043,3,23.4,20814.8
1981-05-21,68,42.4,56.4,0.016,3,14.7,48611.78
1981-05-22,70.7,51.5,61.3,0,0,12.3,48649.52
1981-05-23,73.1,50.9,62.4,0,0,8.8,48685.68
1981-05-24,78.6,49.3,66.5,0,0,13.3,46211.34
1981-05-25,81.7,59.2,70.6,0,0,12.3,47533.87
1981-05-26,78,59.8,70,0,0,17.9,32022.04
1981-05-27,81.2,57.4,70.2,0.004,1,10.4,48207.22
1981-05-28,74,56.1,65.1,0.193,8,8.3,43054.68
1981-05-29,76,51,65.1,0.012,1,10.4,48868.87
1981-05-30,80,53.4,68.6,0,0,10.3,48893.73
1981-05-31,73.6,56.6,65.7,0.173,4,9.1,44697.54
1981-06-01,79.7,50.6,67,0,0,9.3,48938.54
1981-06-02,83.5,57.6,71.6,0.02,3,16.9,42470.35
1981-06-03,74.5,58.2,66.9,0.016,2,9.7,48386.45
1981-06-04,80.3,54.9,69.3,0,0,8.8,47679.99
1981-06-05,85.9,60.6,74.6,0,0,10.6,49108.19
1981-06-06,93.5,56.2,78.6,0,0,14.4,48240.09
1981-06-07,96.8,60.5,82.2,0,0,17.1,49033.05
1981-06-08,95.5,68.6,84.2,0,0,11.6,49212.21
1981-06-09,94.9,67.6,83.6,0,0,12.8,49081.74
1981-06-10,96.5,67.7,83,0,0,17.5,49055.62
1981-06-11,95.1,65.7,82.7,0,0,15.2,49382.34
1981-06-12,92.3,67.2,82,0,0,19.7,49389.02
1981-06-13,81.6,65.3,73.8,0,0,14.6,49393.45
1981-06-14,66.1,50.6,58.5,0,0,17.5,49474.72
1981-06-15,71.3,45.3,60.1,0,0,7.3,49476.38
1981-06-16,84.8,50.1,70.4,0,0,12.7,49557.79
1981-06-17,88.8,59.1,76.5,0,0,12.8,49473.4
1981-06-18,88.3,61.4,76.2,0,0,6.6,49214.66
1981-06-19,92.1,63.6,80.5,0,0,10.3,49462.53
1981-06-20,95,66,82.7,0,0,12.5,49540.6
1981-06-21,96,70.4,84.1,0,0,14.1,49531.43
1981-06-22,93.6,65.1,82,0,0,6.6,49520.46
1981-06-23,100.1,64.3,85.4,0,0,11.2,49242.61
1981-06-24,97.8,69.6,85.8,0,0,8.1,49582.18
1981-06-25,99.7,65.2,85.9,0,0,10.2,49031.47
1981-06-26,95.2,72.6,85.5,0.004,1,8.7,46922.92
1981-06-27,92.3,69.8,81,0.035,4,15.3,39840.33
1981-06-28,83.5,69,75.3,0.075,2,9.4,46067.25
1981-06-29,86.8,62.2,76.2,0,0,7.1,49038.34
1981-06-30,92,62.1,78.8,0.02,2,15.2,48733.61
1981-07-01,74.5,65,68.6,0.465,11,8.6,17502.42
1981-07-02,81.2,59.6,71.1,0,0,6.2,49048.13
1981-07-03,85.5,62.2,75.1,0,0,7.2,49370.72
1981-07-04,88.4,60.9,75.8,0,0,6.3,49337.24
1981-07-05,95.3,59.4,80.8,0,0,5.2,49301.95
1981-07-06,97.7,63.2,83.9,0,0,11.5,48748.94
1981-07-07,97.8,70.6,85.9,0,0,14.4,48800.8
1981-07-08,95.5,73.7,85.6,0,0,11.6,48597.46
1981-07-09,92.4,71.3,82.3,0.004,1,11.4,47753.51
1981-07-10,92,68.9,81.9,0,0,8.2,48442.26
1981-07-11,96.2,68.2,82.8,0,0,10.8,48548.18
1981-07-12,89,70.2,79.1,0.181,4,12.3,43599.04
1981-07-13,85.7,68.1,75.9,0.067,2,12.2,43802.34
1981-07-14,86.7,64.6,76.4,0,0,9.6,47974.27
1981-07-15,91.8,64.3,79.9,0,0,9.5,44708.95
1981-07-16,80.2,69.1,74.2,0.02,2,11.2,43972.84
1981-07-17,87,64.7,76.7,0.004,1,7.9,47714.51
1981-07-18,92.2,63.2,79.6,0,0,11.6,46343.09
1981-07-19,95.7,64.4,82.8,0,0,9.1,48063.46
1981-07-20,99.8,62.6,84.9,0,0,13.9,48103.18
1981-07-21,99.2,68.7,87.2,0,0,19.5,46551.94
1981-07-22,97.4,73.9,87.1,0,0,10.3,46535.95
1981-07-23,95,69.3,82.2,0.051,3,12.1,45191.2
1981-07-24,91.9,66.5,79.1,0.024,3,12.1,47339.37
1981-07-25,92.2,64.8,80.2,0.008,1,13.8,47281.23
1981-07-26,92.5,67.5,79.8,0.016,1,20,47145.59
1981-07-27,89.3,61.6,77.4,0,0,11,47262.15
1981-07-28,94.5,60.8,80.8,0,0,8.4,47299.89
1981-07-29,96.6,62.4,82.6,0,0,7.2,47203.73
1981-07-30,96,69.1,85,0,0,12,47043.93
1981-07-31,96.3,68.5,85,0,0,9.6,47038.34
1981-08-01,92.5,69.3,82.6,0.008,2,6.3,46829.49
1981-08-02,94.7,64.9,82.6,0,0,8.2,46960.77
1981-08-03,97.2,65.9,84,0,0,9,46925.2
1981-08-04,96.7,68.8,84.4,0,0,9.6,46803.82
1981-08-05,98.3,65.3,85.2,0,0,7.9,46740.86
1981-08-06,98.4,70.5,86.4,0,0,7.4,46675.58
1981-08-07,94.3,65.6,82.7,0,0,8.1,46562.88
1981-08-08,92.9,64.6,81.6,0,0,7.8,46456.87
1981-08-09,94.2,66.1,82.4,0,0,10.1,46391.68
1981-08-10,79.5,65.9,73,0,0,9.8,28395.96
1981-08-11,74,61.4,68.9,0.02,4,6.8,45747.18
1981-08-12,77.7,61.4,69.3,0.008,1,6.7,43642.08
1981-08-13,77.6,60.1,68.9,0.181,10,9.6,45402.8
1981-08-14,81.2,59.6,71,0.024,2,6.2,46031.74
1981-08-15,83.1,60.7,72.8,0,0,8.6,45956.5
1981-08-16,86.6,61.8,75,0.031,3,11.6,45880.22
1981-08-17,87.7,59.7,75.6,0.012,1,9,45754.51
1981-08-18,89.6,58.5,77.2,0,0,6.8,45625.43
1981-08-19,90.1,61.8,78.5,0,0,7,45495.51
1981-08-20,91.7,62,79.6,0,0,9.7,45364.87
1981-08-21,90.4,67.9,77.9,0.047,2,15.1,43115.53
1981-08-22,85.7,62.5,75.6,0,0,7.5,45101.74
1981-08-23,89.5,60.4,77.1,0,0,6.9,44969.45
1981-08-24,90.7,62.1,78.1,0.008,2,9.4,44836.82
1981-08-25,92,61.7,78.3,0,0,11.5,44703.9
1981-08-26,92.8,62.5,79,0,0,13.1,43630.77
1981-08-27,90.5,62.5,78.7,0,0,9.9,44434.82
1981-08-28,90.6,62.6,78.1,0.008,1,9.6,40669.6
1981-08-29,89.7,65.2,79.1,0.008,1,10.4,42760.17
1981-08-30,91.2,62.9,77.3,0.083,3,17.5,38345.56
1981-08-31,86.2,61.1,75.1,0,0,11.2,42673.81
1981-09-01,87.8,57,74.8,0,0,9.3,43740.35
1981-09-02,89.5,62.2,77.5,0,0,13,43067.15
1981-09-03,88.2,59.9,75.9,0,0,8.1,43362.9
1981-09-04,89.3,59.6,76,0,0,11.4,43003.4
1981-09-05,70.2,60.2,66.1,1.008,20,7.2,32503.79
1981-09-06,69.5,57,62.9,0.209,9,4.4,41576.23
1981-09-07,72.2,58.4,65,0.02,3,5,42079.84
1981-09-08,73.8,56,63.8,0.343,13,5.3,41135.2
1981-09-09,71.9,56.9,63.3,0.421,11,7.8,37591.89
1981-09-10,68.4,56,61.6,0.272,11,4.7,41924.5
1981-09-11,72.3,53.7,63.6,0.008,1,3.7,41555.62
1981-09-12,75.3,53.8,65.2,0,0,6.5,41820.3
1981-09-13,77.4,54.1,66.7,0,0,9.2,41767.98
1981-09-14,78.5,56.4,68.1,0,0,7.9,41715.51
1981-09-15,79.2,54,67.3,0,0,4.4,41662.88
1981-09-16,79.4,53.3,67.7,0,0,8.4,41572.93
1981-09-17,80.8,53.7,68.9,0,0,2.9,41425.17
1981-09-18,80.5,52,68.6,0,0,3.6,41276.55
1981-09-19,82.7,51,67.3,0,0,8,41127.14
1981-09-20,83.5,53.3,69.4,0,0,7.6,40977.05
1981-09-21,83.7,55,69.9,0,0,10.9,40826.36
1981-09-22,84.4,54.8,70.5,0,0,14.7,40675.19
1981-09-23,82.9,54.2,69.6,0,0,10.9,40523.59
1981-09-24,80.5,55.8,68.2,0.012,1,14.7,39891.66
1981-09-25,77.7,56.6,67.1,0,0,20.2,40219.53
1981-09-26,75.6,55.1,65.2,0,0,6.8,40067.25
1981-09-27,83.8,46.5,66,0,0,8.5,39914.94
1981-09-28,85.3,52.8,69.5,0,0,16.5,39762.66
1981-09-29,84.5,56,70.6,0,0,18.5,34209.04
1981-09-30,78.5,56.6,68.4,0,0,6.8,38210.96
1981-10-01,79.9,52.1,67.1,0.004,1,5,38716.54
1981-10-02,68.8,56.9,61.8,0.567,11,11.9,25162.63
1981-10-03,64.5,52.6,57.9,0.378,10,14.5,36819.8
1981-10-04,62.2,53.7,57.2,0.063,3,15.9,29120.55
1981-10-05,64.2,47,55.5,0.008,2,7,38070.14
1981-10-06,68.6,45,56.6,0,0,4,38047.94
1981-10-07,71.8,45.5,58.6,0,0,15.7,37560.08
1981-10-08,64.6,49.9,58.7,0.146,11,13.8,37119.59
1981-10-09,61.4,46.1,53,0,0,4.5,37664.19
1981-10-10,69.5,42.5,55.8,0,0,15.9,36839.45
1981-10-11,64,47.6,56.5,0.394,8,20,29117.94
1981-10-12,58.4,43,50.1,0.055,5,15.5,36341.81
1981-10-13,59.6,41.7,50.3,0.028,3,15.8,36122.45
1981-10-14,56.5,40.4,47.4,0,0,8.3,36597.77
1981-10-15,56.3,38.8,46.7,0.362,14,7.6,32155.77
1981-10-16,50.7,37.9,44,0.063,6,16.5,30211.88
1981-10-17,55.8,37.7,46.7,0,0,4.3,36214.54
1981-10-18,60.6,40.1,50.8,0,0,6,36198.28
1981-10-19,60.6,38.3,50.4,0,0,4,36132.66
1981-10-20,62.8,35.3,50.2,0,0,5.5,36078.33
1981-10-21,61.2,38.2,50.7,0,0,5,35975.01
1981-10-22,59.3,44.3,51.4,0,0,4.7,35911.93
1981-10-23,60.2,40.7,50.3,0,0,5.4,35839.89
1981-10-24,57.3,42.6,50,0,0,12.5,10715.44
1981-10-25,53.4,37.1,44.9,0,0,3.4,35694.61
1981-10-26,62.6,30.8,46.7,0,0,4.3,35550.14
1981-10-27,68,38.2,51.6,0,0,11.8,33550.46
1981-10-28,65.8,42.4,53.9,0.031,3,20.8,35261.14
1981-10-29,56.1,41.6,50.4,0.087,8,20,35116.9
1981-10-30,47.9,37.2,41.5,0.035,4,11.5,34973.02
1981-10-31,48.8,30.6,40.1,0,0,3,34829.62
1981-11-01,57,31.7,43.3,0,0,6.9,34686.86
1981-11-02,60.2,34.5,45.7,0,0,6.9,34544.91
1981-11-03,59.2,33.8,46.8,0,0,3.5,34403.9
1981-11-04,61.2,32.1,47,0,0,4.1,34263.98
1981-11-05,61.6,33.8,47.6,0,0,4.3,32395.45
1981-11-06,60.4,34.1,47.5,0.016,3,4.9,33988.11
1981-11-07,50.5,41.4,46.3,0.224,15,6.3,24905.41
1981-11-08,56.5,38.1,46.7,0,0,3.9,33718.63
1981-11-09,56.4,33.1,45.2,0,0,3.3,33586.71
1981-11-10,55.8,32.6,44.9,0,0,3.4,33328.16
1981-11-11,57.2,34.1,45.8,0,0,3.4,33329.44
1981-11-12,59.6,31.9,45.4,0,0,5,33204.46
1981-11-13,64.1,36.2,49.2,0,0,5.8,29167.63
1981-11-14,63.8,41.9,51.1,0,0,16.7,20501.36
1981-11-15,64.5,35.5,49.9,0,0,8.6,31574.8
1981-11-16,64.1,34.8,48.6,0,0,4.6,32725.71
1981-11-17,65.5,33.7,48.5,0,0,12.2,31918.26
1981-11-18,48.9,34.3,42.4,0,0,17.9,32494.94
1981-11-19,45.3,28.1,37.3,0,0,3.5,30980.59
1981-11-20,46.7,26.2,37.1,0,0,4,31132.05
1981-11-21,50.7,32,40.6,0,0,3.1,31469.09
1981-11-22,57.9,30.6,44.2,0.004,1,7.1,31648.18
1981-11-23,62.2,30.3,44.7,0,0,7.8,31326.01
1981-11-24,64.8,35.1,50.1,0,0,19.6,30540.86
1981-11-25,49.9,30.4,43,0,0,15.9,28525.32
1981-11-26,42.5,27.2,33.3,0,0,7.1,31588.88
1981-11-27,40.7,28.4,33.7,0.087,6,8.3,16609.28
1981-11-28,39.4,27,32.5,0.134,11,5.1,9482.83
1981-11-29,34.9,29.6,32.4,0.232,18,6.7,1330.76
1981-11-30,35.5,19.5,27.5,0,0,15.1,30815.02
1981-12-01,33.2,14.1,24,0,0,5.7,25529.81
1981-12-02,42.4,15.7,28.4,0,0,2.7,30753.46
1981-12-03,46.1,20.1,32,0,0,4,30724.7
1981-12-04,46.2,24.9,33.7,0,0,3.6,30427.4
1981-12-05,49,27.4,36.3,0,0,2.9,30465.95
1981-12-06,49.3,26.2,36.4,0,0,2.9,30414.52
1981-12-07,49.7,26.5,37.2,0,0,3.1,30498.11
1981-12-08,52.3,26.5,38.4,0,0,3.1,30453.75
1981-12-09,52.9,25.7,37.7,0,0,3.6,30452.87
1981-12-10,54.5,30.5,39.7,0,0,4.3,26573.81
1981-12-11,52.2,29.5,40,0,0,3.6,30425.85
1981-12-12,51.5,28.3,39.4,0,0,3.6,28807.19
1981-12-13,47.4,32.6,39.4,0,0,11.3,27161.69
1981-12-14,47.1,27.6,37.5,0,0,3.7,30460.56
1981-12-15,54.7,27.1,38.9,0.02,2,7.9,30165.65
1981-12-16,43.6,30.2,37.1,0,0,9.6,30469.19
1981-12-17,40,26.9,33.1,0,0,4.6,30449
1981-12-18,41.8,21.1,32.1,0,0,3.4,28696.36
1981-12-19,44.6,30.5,36,0,0,3.3,12710.69
1981-12-20,54.2,29.9,39.8,0,0,7.7,30413.25
1981-12-21,41.6,30.4,38.1,0.11,6,8.6,3153.4
1981-12-22,37.4,21.9,29.3,0,0,14.4,30410.69
1981-12-23,32.2,18.7,25.5,0,0,7.2,30415.95
1981-12-24,35.3,16.9,26.9,0,0,4.9,29620.84
1981-12-25,40,23.3,30,0.035,4,14,28129.38
1981-12-26,40.3,20.1,29.9,0,0,9.6,22701.94
1981-12-27,37.1,24.6,31.7,0.071,5,10.6,11401.58
1981-12-28,37.9,17,27.2,0,0,4.2,30510.35
1981-12-29,47.2,20.3,31.9,0,0,6,30542.04
1981-12-30,44,31.7,37,0.217,13,13.6,17751.76
1981-12-31,37.4,28.3,33.3,0.28,19,4,572.06
1982-01-01,43.7,30.1,37.6,0.307,15,16.5,8905.18
1982-01-02,33.3,19.3,25.6,0.142,10,11.4,23192.97
1982-01-03,26.8,6.6,18.5,0,0,9.1,30759.69
1982-01-04,29.4,-0.1,17.2,0.031,5,6.7,7263.86
1982-01-05,39,27,34.1,0.189,13,15.7,20671.83
1982-01-06,35.8,7.3,24.2,0.091,9,10.8,29876.03
1982-01-07,15.2,-3.8,4.8,0,0,3.7,30999.3
1982-01-08,21.2,-9.4,5.5,0,0,3.6,31067.5
1982-01-09,29.9,3.4,15.5,0,0,2.7,31138.82
1982-01-10,33.3,9.2,19.9,0,0,3.6,31213.18
1982-01-11,33.5,3.7,19.2,0,0,3.3,31290.46
1982-01-12,29.6,12,21.6,0,0,3,26347.58
1982-01-13,32.6,6.5,19.9,0,0,5.1,31454.13
1982-01-14,37.5,4.4,20.3,0,0,2.8,31541.69
1982-01-15,38.9,19.5,28.5,0,0,9.9,31633.03
1982-01-16,41.1,11.9,27.1,0,0,2.7,31119.78
1982-01-17,45.8,21.4,31,0,0,5.1,31826.34
1982-01-18,45.6,25.5,35,0,0,12.3,27154.95
1982-01-19,47.6,27.4,36.7,0.043,6,19.9,32032.54
1982-01-20,42.5,27.2,34.1,0.008,1,19.1,32140
1982-01-21,38.5,27.3,33.9,0.15,7,20.2,1949.19
1982-01-22,31.2,21.5,25.7,0.016,2,13.4,32362.75
1982-01-23,36.7,15.7,25.2,0,0,5.5,32400
1982-01-24,44.3,17.8,30.1,0,0,4.2,32400
1982-01-25,48.8,22.7,33.9,0,0,4,32400
1982-01-26,55.9,25.3,39.2,0,0,12.9,32443.41
1982-01-27,42.8,22.6,36.1,0,0,14,32580.97
1982-01-28,49.4,22.7,33.5,0.055,5,4.6,28842.91
1982-01-29,38.9,27.2,32.1,0.346,14,11.5,15826.22
1982-01-30,38,18.3,28.2,0,0,3.8,32888.92
1982-01-31,39.9,19.7,28.7,0,0,10.7,25536.8
1982-02-01,35,20.5,26.5,0.008,1,9.6,32903.27
1982-02-02,31.7,18.5,24.5,0,0,5.1,32574.06
1982-02-03,36.6,19.6,27,0,0,9.9,33113.9
1982-02-04,29,14.5,21.7,0,0,7.8,32654.87
1982-02-05,21.2,5.2,14.2,0,0,4.3,33911.83
1982-02-06,26.8,2.7,14.8,0,0,3.6,34150.98
1982-02-07,29.9,1.2,16.3,0,0,4.5,34333.73
1982-02-08,34.5,14.9,23.8,0,0,7.9,33647.06
1982-02-09,39.1,12.1,26.8,0.02,3,14.6,32988.11
1982-02-10,40.2,24.9,31.9,0.047,6,4,32922.61
1982-02-11,39.9,23.4,31.2,0.134,11,6.7,23066.18
1982-02-12,41.8,15.3,28,0,0,3,35123.55
1982-02-13,44.4,16.6,29.8,0,0,3.5,35271.03
1982-02-14,40.3,24.2,32.6,0,0,5.2,8650.45
1982-02-15,50.3,23.1,35.7,0,0,4.4,35484.38
1982-02-16,50.9,26.7,39,0,0,4,29891.92
1982-02-17,49.2,28.4,38.7,0,0,4.4,31160.98
1982-02-18,49.8,31,38.3,0,0,11.5,36015.26
1982-02-19,52,25.2,38.7,0,0,4.3,36164.5
1982-02-20,56,29.2,42.5,0,0,3.9,36313.55
1982-02-21,59.6,29,43.3,0,0,4,36462.29
1982-02-22,63.8,29.8,45.3,0,0,8.6,36611.1
1982-02-23,60.5,41.6,49.5,0,0,11.3,30206.18
1982-02-24,56,31.3,43.4,0,0,4.5,32055
1982-02-25,53.7,35.6,43.5,0,0,4.2,35548.49
1982-02-26,55.3,29.6,41.8,0.016,4,5.8,37217.46
1982-02-27,55.7,30.5,43.1,0.008,2,6.1,37371.27
1982-02-28,58.8,29.5,44.2,0,0,5.8,37525.69
1982-03-01,63.2,30.5,46.9,0.043,3,14.9,28159.92
1982-03-02,56.2,40.3,48.4,0.177,13,15.7,34019.09
1982-03-03,49.1,34.3,40.9,0.37,16,11.4,32245.61
1982-03-04,43.4,30.5,36.3,0.012,2,9.5,35866.6
1982-03-05,41.1,26.5,33.4,0.035,4,8.8,38303.03
1982-03-06,42.6,26.2,33.8,0,0,5.6,38458.71
1982-03-07,52.7,24,37.8,0,0,6.6,37250.56
1982-03-08,58,33,44.7,0,0,8.2,36944.86
1982-03-09,60.9,35.2,48.8,0,0,8.3,38924.17
1982-03-10,62.1,32.1,47.3,0,0,8.6,34056.66
1982-03-11,59.6,35,48.1,0.094,9,20.7,32292.46
1982-03-12,55.2,41.5,47.9,0.106,9,15.7,39384.99
1982-03-13,56,35.9,46.4,0,0,3.8,38381.93
1982-03-14,58.8,34.8,47.3,0.118,9,13.8,35538.61
1982-03-15,53.8,36,43.5,0.213,14,17.5,37424.94
1982-03-16,52.5,32.9,42.5,0.126,11,17.2,39600
1982-03-17,52.9,33.4,43.2,0.02,3,13,38659.23
1982-03-18,59.7,33.5,44.5,0.134,7,26,37124.13
1982-03-19,45.7,30.6,37.4,0,0,14.2,39053.94
1982-03-20,43.8,29,35.7,0.004,1,7.9,40020.64
1982-03-21,44.9,26.4,34.7,0,0,7.7,39691.71
1982-03-22,48.4,25.9,37.4,0,0,5.8,40420.59
1982-03-23,51.5,29.6,40.5,0,0,7.4,40680.56
1982-03-24,58.2,35.1,45.9,0,0,9.5,40889.25
1982-03-25,62.3,34.3,49,0,0,5.2,40689.48
1982-03-26,53.1,39.8,44.6,0.276,16,11.4,5.02
1982-03-27,56.6,38,46.3,0.016,2,7,40010.91
1982-03-28,61.4,35.1,48.8,0.071,5,18.4,40784.33
1982-03-29,47,34.4,41.7,0.295,12,23.9,36538.13
1982-03-30,46.8,29.7,38.6,0.059,9,19.6,41226.07
1982-03-31,58.1,26.3,42.3,0,0,17.3,42061.68
1982-04-01,61.4,34.8,47.8,0.047,3,25.8,27830.91
1982-04-02,49.4,31.2,40,0,0,18.7,42540.38
1982-04-03,59,30.2,45,0,0,14.4,41788.39
1982-04-04,63,35.3,48.3,0,0,26.2,42687.44
1982-04-05,53.1,30,42,0,0,7.3,41808.56
1982-04-06,63.1,35.6,50.9,0,0,23.6,42431.05
1982-04-07,49.3,33.4,43.1,0,0,17.1,43287.49
1982-04-08,51.3,30.5,40.7,0,0,12.8,37634.54
1982-04-09,54.8,33.5,42.5,0,0,18.7,43576.16
1982-04-10,59.4,27.2,45.4,0,0,5.3,43719.91
1982-04-11,72.4,36.6,56.8,0.008,2,20.8,40059.7
1982-04-12,71.3,51.7,61.6,0,0,19.2,44005.79
1982-04-13,72.2,44.3,60,0,0,11.5,44147.73
1982-04-14,72.7,44.3,59.9,0,0,15.3,43753.12
1982-04-15,69.5,44.2,56.8,0,0,16.6,44329.34
1982-04-16,56,34.1,46.6,0,0,10.4,44568.31
1982-04-17,65.4,34.3,51.7,0,0,7.6,44706.45
1982-04-18,68.2,46.1,56.3,0,0,19.7,44843.38
1982-04-19,54.4,31.8,42.5,0,0,19.4,44979.02
1982-04-20,46,27.7,37.5,0,0,13.4,43684.38
1982-04-21,58.5,29.3,44.5,0,0,18.2,45245.93
1982-04-22,64.8,31.9,49.8,0,0,16,39600
1982-04-23,61.8,40.5,52.7,0.008,2,7.6,44842.39
1982-04-24,70.4,39.8,56.2,0,0,12.8,45429.73
1982-04-25,71,48.8,60.5,0,0,11,45483.93
1982-04-26,70,47.3,60.4,0,0,6.9,44464.79
1982-04-27,71.1,45,58.8,0.004,1,13.9,43904.72
1982-04-28,73.5,45.7,61.3,0,0,5.2,45686.26
1982-04-29,72.9,49.5,62.1,0,0,14.9,44698.52
1982-04-30,74.8,48.7,61.9,0,0,8.7,45790.16
1982-05-01,77,48.4,64.2,0,0,6.2,45840.04
1982-05-02,77.8,49.6,65.2,0.031,2,11.1,45382.43
1982-05-03,76,52.1,64.9,0.035,2,15.9,44467.09
1982-05-04,75.5,48.1,62.5,0.059,3,11.9,38291.41
1982-05-05,61.9,44.5,54.9,0,0,17.5,46023.16
1982-05-06,65.5,41.1,53,0,0,15.3,46759.38
1982-05-07,72.2,47.3,60.4,0,0,11.4,46742.98
1982-05-08,77.5,45.8,64.7,0,0,21.1,45515.25
1982-05-09,70.7,55.9,63.2,0,0,24.4,46232.34
1982-05-10,66.4,45.9,57.4,0.012,2,20.8,43855.27
1982-05-11,62.2,44.1,54.4,0.012,2,8.4,47205.13
1982-05-12,54.1,45.5,49.6,0.13,7,13.8,20659.16
1982-05-13,63.2,44.5,52.8,0.012,2,12.9,43835.59
1982-05-14,66.7,42.1,55,0,0,6,47838.08
1982-05-15,68.6,44.4,57.5,0,0,7.6,37749.19
1982-05-16,72.2,46,60.2,0,0,14.7,46829.77
1982-05-17,75.6,47.4,63.3,0,0,8.4,48263.31
1982-05-18,81.6,50.6,67.5,0.031,2,19.1,40516.32
1982-05-19,69.8,52.4,62.5,0.075,8,14.8,47207.1
1982-05-20,70.4,46.6,59.1,0,0,6.6,48539.64
1982-05-21,78.8,46.9,65.8,0,0,6,48599.65
1982-05-22,84.5,50.3,69.9,0,0,10.5,47527.39
1982-05-23,79.4,53.3,68.4,0.008,1,11.3,48675.45
1982-05-24,78.4,54.3,67,0,0,17,48710.99
1982-05-25,80.3,50.2,67.1,0,0,14,48744.93
1982-05-26,85,58.7,73.2,0,0,8.3,48777.25
1982-05-27,84.5,59.3,73.1,0.008,1,15.7,47402.48
1982-05-28,70.6,55.3,64.2,0,0,14.3,48836.91
1982-05-29,79.4,50.7,66.2,0,0,14.5,48864.22
1982-05-30,70.7,54.8,62.2,0.039,2,15.5,48889.81
1982-05-31,75.5,45.8,62.3,0,0,7.8,48913.65
1982-06-01,80.3,52.1,67.6,0,0,17.5,46186.98
1982-06-02,75.6,54,65.2,0,0,10.9,42550.3
1982-06-03,75.9,54.7,66.3,0,0,9.9,49070.57
1982-06-04,83.7,48.9,70,0,0,21.2,49088.71
1982-06-05,82.3,55.5,68.8,0,0,27.3,49164.77
1982-06-06,77.2,47.7,63.3,0,0,8.5,49180.91
1982-06-07,81.5,45.6,67.3,0,0,18.6,49194.77
1982-06-08,80,56,69.1,0,0,15,49206.39
1982-06-09,77.2,49.1,65.3,0,0,8.4,49285.63
1982-06-10,84.5,52.4,71.5,0,0,9.9,48867.94
1982-06-11,85.8,62.3,75.1,0,0,10.4,49228.66
1982-06-12,90.7,56,76.3,0,0,13.4,47693.42
1982-06-13,87.8,64,76.8,0,0,13.9,39259.53
1982-06-14,81.1,62.8,73,0,0,13.4,47473.34
1982-06-15,80.3,59.3,70.4,0.008,1,9,49231.66
1982-06-16,84.9,57.7,73.3,0,0,8.5,49310.05
1982-06-17,87.5,59.3,75.9,0.02,2,14.4,49043.27
1982-06-18,78.3,60,70.9,0,0,12.3,45900.51
1982-06-19,82.1,57.1,71.3,0,0,7.9,49293.63
1982-06-20,84.3,55.1,72.5,0,0,6.1,49112.68
1982-06-21,86.7,57.5,75.1,0,0,12.5,48417.79
1982-06-22,88.2,61.6,76.9,0,0,9.9,48123.9
1982-06-23,90.2,59.5,77.6,0,0,10.8,49161.99
1982-06-24,91.1,58.9,78,0,0,10.1,48966.41
1982-06-25,91.3,61.7,78.7,0,0,15,47230.17
1982-06-26,88.7,64.5,77.6,0,0,8.2,49465.65
1982-06-27,95.7,59.5,81,0,0,6.7,49534.64
1982-06-28,96.9,62,82.7,0,0,15.3,49512.39
1982-06-29,93.6,63.8,81.2,0,0,16.5,49309.27
1982-06-30,84.4,67.7,76,0.071,5,16.8,40222.19
1982-07-01,84.3,61.3,74.1,0,0,18.8,49434.19
1982-07-02,87.4,59.8,75.4,0,0,11.5,49404.52
1982-07-03,92,57,77.5,0,0,13.8,49373.18
1982-07-04,90.1,62.9,78.7,0,0,19.6,49252.34
1982-07-05,85.1,62.8,73.1,0.02,1,20.8,45091.02
1982-07-06,78.8,55.2,67.7,0,0,6.4,49010.18
1982-07-07,89.2,56.7,75.2,0,0,11.4,48056.52
1982-07-08,85.8,63.6,75.6,0.059,6,11.6,47789.71
1982-07-09,84,66,75.2,0.008,1,11.6,49069.45
1982-07-10,88.9,64.1,77.6,0,0,5.8,49029.05
1982-07-11,92.2,62.3,80.2,0,0,8.3,48583.35
1982-07-12,94.1,63.9,81.9,0,0,7.7,48786.1
1982-07-13,98.2,64.4,84.3,0,0,12.3,48478.98
1982-07-14,96.5,65.2,84.5,0,0,10.4,48575.86
1982-07-15,95.6,63.2,83,0,0,17.9,48553.68
1982-07-16,94.7,67.6,83.4,0,0,16.9,47647.34
1982-07-17,92.9,66.6,82,0,0,13.8,48106.02
1982-07-18,92,65.7,81,0,0,9.8,46163.57
1982-07-19,93.4,66,81.9,0,0,7.6,47693.78
1982-07-20,96,72.5,85.6,0,0,6.9,47783.42
1982-07-21,98.5,67.6,85.7,0,0,9.1,47566.09
1982-07-22,95.3,70.4,84,0,0,8.8,47162.01
1982-07-23,95.4,70.1,84,0,0,10.5,47254.29
1982-07-24,93.7,68.6,82.4,0.016,1,9.2,45849.84
1982-07-25,92.7,68.3,81.8,0.039,2,7.3,47151.18
1982-07-26,92,67.4,80.2,0.02,3,11.2,47233.31
1982-07-27,89.3,69.2,79.3,0.004,1,8.9,46592.7
1982-07-28,87,67.9,76.8,0.055,4,12.1,44400.14
1982-07-29,85.2,66.7,76.2,0.008,1,10.5,46893.45
1982-07-30,88.6,64.5,77.9,0,0,9.4,46970.04
1982-07-31,93.8,63.6,81.5,0,0,4.5,47039.61
1982-08-01,95.4,64.7,81.3,0.024,2,17.4,42375.42
1982-08-02,84.8,68.2,75.6,0.047,4,12.3,46280.26
1982-08-03,86.9,65.8,77,0,0,10.1,46788.26
1982-08-04,91.2,60.5,77.8,0,0,8.9,46822.79
1982-08-05,93.5,58.5,79.1,0,0,5.4,46758.68
1982-08-06,94.7,61,81.6,0,0,4.5,46642.34
1982-08-07,92.5,65.4,81,0.024,1,9.8,46537.33
1982-08-08,88.4,69,78.7,0.087,5,8.2,46470.93
1982-08-09,87.9,66,78.2,0,0,8.1,46403.22
1982-08-10,93.8,64.1,80.8,0,0,8.1,46334.27
1982-08-11,89.7,69.3,80,0.028,4,10.3,42827
1982-08-12,88.2,67.1,77.4,0.028,1,12.3,41470.23
1982-08-13,75.5,65.7,70.8,0.11,6,6.6,36530.38
1982-08-14,84.1,63.9,74.4,0,0,6.9,46047.49
1982-08-15,88.4,66.3,78.3,0,0,3.9,45973.4
1982-08-16,90,63.2,78.2,0.004,1,6.2,45898.49
1982-08-17,90,65.9,79.1,0,0,7.7,45014.34
1982-08-18,90.7,65,79.4,0,0,8.1,44804.3
1982-08-19,92.3,64.2,80.1,0,0,3.9,45528.41
1982-08-20,95.1,66.5,82.8,0,0,7,45400.32
1982-08-21,91.6,67,81.1,0,0,7.8,44196.48
1982-08-22,89.8,68.9,80.1,0.012,1,6.8,42097.25
1982-08-23,88.3,68.8,77.5,0.071,2,10,34789.79
1982-08-24,80.7,67.7,74.6,0.035,4,4.3,39354.82
1982-08-25,74.1,65,68.9,0.441,10,10.5,18295.08
1982-08-26,76.6,60.5,68.3,0.016,2,9.3,34040.59
1982-08-27,78,59,69,0,0,5.8,43462.66
1982-08-28,82.1,59.4,71.8,0,0,9.3,43048.33
1982-08-29,84.6,59.8,73,0,0,10.1,42769.67
1982-08-30,88.2,59.5,74.7,0,0,10.4,44050.13
1982-08-31,90.5,59.9,76.5,0,0,10.2,43861.5
1982-09-01,91,61.3,77.8,0,0,8.1,43768.38
1982-09-02,91.2,64.1,78.8,0,0,4.5,43572.96
1982-09-03,93.9,59.6,78.7,0,0,9.3,40956.75
1982-09-04,89,64.2,75.9,0.063,3,15.2,32251.36
1982-09-05,78.8,63.2,70.5,0.142,6,7.4,39600
1982-09-06,82,57.7,70.6,0,0,9.1,41562.69
1982-09-07,80.5,59.3,71,0,0,8.6,37449.14
1982-09-08,83.3,58.5,70.8,0.02,1,7.6,42039.32
1982-09-09,84.1,58.2,72.5,0.012,1,7,41987.59
1982-09-10,84.3,61.1,72.5,0.004,1,15,41935.77
1982-09-11,66.4,56.2,61.2,0.299,14,9.7,21849.12
1982-09-12,67.3,52.8,60,0,0,10.7,41777.62
1982-09-13,57.8,46.1,53.1,0.417,14,16.6,18818.78
1982-09-14,65.2,40.8,53.8,0.012,1,6.3,41727.36
1982-09-15,75.6,47.4,61.7,0,0,15.1,41674.91
1982-09-16,76.7,51.7,64.2,0,0,10.8,35041.97
1982-09-17,74.9,51.1,63.5,0,0,11,40663.04
1982-09-18,76.3,48.5,62.6,0,0,9.3,41308.61
1982-09-19,77.3,50.7,64.2,0.004,1,9,41158.28
1982-09-20,79,52.8,65.9,0,0,7.9,40977.27
1982-09-21,79.8,52.8,66.9,0,0,4.7,40856.74
1982-09-22,84.7,53.4,69.7,0,0,8.8,40705.72
1982-09-23,86.5,53.4,72.1,0,0,8.3,40554.64
1982-09-24,86.4,58.4,73.7,0,0,5.9,37538.2
1982-09-25,82.5,59.1,71.9,0,0,9.7,34749.02
1982-09-26,84.8,60.9,74,0.012,1,19.7,39282.52
1982-09-27,67.7,50.2,60.3,0.524,14,21.9,38653.52
1982-09-28,58.7,45.7,51.8,0.004,1,16.7,37127.77
1982-09-29,68.5,45.5,55.5,0.043,5,21.4,27486.93
1982-09-30,67.3,46.7,57.8,0.004,1,20.2,39169.21
1982-10-01,59.8,41.7,50.1,0,0,10.8,39056.35
1982-10-02,60.7,44,52.2,0,0,3.7,38850.17
1982-10-03,73.2,37.7,56.7,0,0,9.7,36738.21
1982-10-04,77.5,41.3,61.4,0,0,15.4,37900.09
1982-10-05,61.4,44.6,53.8,0.02,2,13.4,38259.44
1982-10-06,63.8,40.4,51.4,0,0,4.7,38150.93
1982-10-07,72.6,38.8,55.1,0,0,20.2,33690.19
1982-10-08,54.8,39.6,46.6,0.004,1,15.9,37272.67
1982-10-09,54.2,35.3,43.7,0,0,10.6,37202.6
1982-10-10,55.7,35.6,45.1,0,0,10.3,37393.11
1982-10-11,56.3,31.3,44.2,0,0,11.7,37258.3
1982-10-12,60.8,35.2,47.9,0,0,12.2,36433.62
1982-10-13,63,38.5,51.6,0,0,8.1,36674.56
1982-10-14,65.9,38.9,53.5,0,0,4.9,36523.91
1982-10-15,70,40.5,56.5,0,0,5.4,36001.18
1982-10-16,69.1,39.8,55.9,0,0,7,36297.68
1982-10-17,72.9,38.1,57.6,0,0,11.6,36000
1982-10-18,72.6,47.9,60.2,0,0,14.3,36147.87
1982-10-19,54.4,35.4,47.4,0,0,16.8,29701.44
1982-10-20,60.6,38,50.6,0,0,4.7,36039.95
1982-10-21,64.8,38.6,52.9,0,0,4.7,35991.1
1982-10-22,65.8,37.5,53.5,0,0,3.7,34307.09
1982-10-23,71,39.8,56.3,0,0,3.6,35856.56
1982-10-24,73.9,40.1,58.8,0,0,8.2,32673.07
1982-10-25,69.3,54,61.2,0.004,1,11.6,35723.29
1982-10-26,62.1,48.8,56.1,0.035,5,18.2,2844.28
1982-10-27,51.1,36.1,45.2,0.02,3,15.2,28649.82
1982-10-28,48.6,29.3,39.5,0,0,4.7,35291.28
1982-10-29,56.1,28.2,41.9,0,0,8.6,32094.03
1982-10-30,56.6,39.7,48.2,0.071,8,5.5,826.07
1982-10-31,57,43.9,49.8,0.094,9,11.4,34855.98
1982-11-01,53.1,38.2,44.6,0,0,9.4,34712.91
1982-11-02,48.1,34,39.7,0,0,11,34571.13
1982-11-03,49.3,27.8,39.1,0,0,4.7,34430.77
1982-11-04,54.6,25.5,40.7,0,0,3.4,34292.01
1982-11-05,57.8,26.8,43.1,0,0,4.3,34155.03
1982-11-06,63.3,27.6,44.9,0,0,8.4,34019.97
1982-11-07,63.4,32.6,48,0,0,13.1,33887.04
1982-11-08,57.7,44.2,49.6,0.094,8,7.6,4259.85
1982-11-09,53.7,38.3,46,0.264,10,13.4,28199.3
1982-11-10,53.5,36.8,42.9,0.35,13,17.5,27921.17
1982-11-11,45.2,31.6,37.7,0.173,7,13.7,32567.38
1982-11-12,42.5,26.3,34.3,0,0,3.6,33245.88
1982-11-13,48.4,28,35.5,0,0,14.9,32986.31
1982-11-14,42.2,25,32.9,0,0,4.4,32996.86
1982-11-15,43.6,22.5,32.6,0,0,2.9,30984.18
1982-11-16,45.3,25.3,35.1,0,0,3.7,30312.64
1982-11-17,49.3,25.5,36.7,0,0,4.1,32634.62
1982-11-18,54.2,29.2,41,0,0,13,31155.05
1982-11-19,51.5,34.7,43.7,0.217,11,22.4,21358.83
1982-11-20,38.8,27.2,32.9,0.114,6,3,19917.62
1982-11-21,47.3,25.6,35.1,0,0,8.9,31476.9
1982-11-22,46.7,29.5,37.3,0.004,1,6.6,22216.98
1982-11-23,40.8,24.4,32.7,0,0,7.8,31480.54
1982-11-24,39.2,24.5,32.3,0,0,3.5,23142.73
1982-11-25,43.4,30.5,36.1,0,0,4.3,30894
1982-11-26,44.3,23.6,33.1,0,0,5.5,31231.07
1982-11-27,43.4,26.8,34.4,0,0,3.5,31184.29
1982-11-28,44.2,26.9,34.5,0,0,4.3,29986.84
1982-11-29,41.4,29.4,34.4,0.307,12,9.3,4976.47
1982-11-30,43.4,31.7,38,0.531,23,18.5,0
1982-12-01,38.9,29.7,34.9,0.118,13,16.7,12119.11
1982-12-02,40.1,28,33.3,0,0,10.8,30078.99
1982-12-03,41.7,26.6,33.4,0,0,2.4,29874.77
1982-12-04,43.9,26.6,35,0.004,1,2.7,30478.23
1982-12-05,44.2,28.6,35.5,0,0,2.8,30471.21
1982-12-06,46.1,24.9,34,0,0,4.3,29460.48
1982-12-07,48.6,26.3,36.1,0.091,5,8.4,30461.11
1982-12-08,47.2,29.9,38.3,0.055,6,5.2,29094.55
1982-12-09,45.2,32.6,38.7,0.142,9,3.5,0
1982-12-10,47.7,37.5,41.5,0.008,1,5.5,26408.31
1982-12-11,45.2,33.4,38.6,0,0,2.3,30328.1
1982-12-12,44.4,26.7,35.3,0,0,3.2,30433.93
1982-12-13,44.9,26.7,34.4,0.094,4,14.8,29965.68
1982-12-14,39.3,24.9,31.4,0,0,8.5,30455.85
1982-12-15,43.4,23.9,32,0,0,4.3,29723.73
1982-12-16,46.1,24.8,33.8,0,0,3.1,29835.9
1982-12-17,51.1,25.4,37.6,0,0,4.5,28743.48
1982-12-18,44.3,26.6,37.4,0,0,5.4,30431.51
1982-12-19,46.2,22.7,33,0,0,3.1,30420.29
1982-12-20,49.6,23.5,35.2,0,0,3.6,29978.28
1982-12-21,53.3,26.2,37.5,0,0,6.3,29296.26
1982-12-22,49.7,34.3,40.5,0.02,3,11.6,26088.65
1982-12-23,44.1,31.3,38.2,0.28,19,14.2,26326.22
1982-12-24,31.3,24.7,28.9,0.098,14,15.9,1679.98
1982-12-25,32.9,22.5,26.3,0,0,11.8,30442.34
1982-12-26,33.2,17.2,25.3,0,0,4.5,30460.45
1982-12-27,34.3,18.3,25.9,0,0,10,30482.58
1982-12-28,27.3,17.4,21.9,0,0,7.1,30508.66
1982-12-29,28.2,13.2,20.7,0,0,4.3,30538.64
1982-12-30,30.2,14,20.4,0,0,10.5,30572.46
1982-12-31,32.4,13,22.1,0,0,3.2,30610.07
1983-01-01,34.6,14,23.6,0,0,3.4,30651.43
1983-01-02,36.4,14.8,25,0,0,4.1,30696.45
1983-01-03,36.9,13.7,25,0,0,3.6,30745.08
1983-01-04,40.2,19.2,28.6,0,0,3,30425.87
1983-01-05,44.3,20,31.2,0,0,2.9,30852.93
1983-01-06,46.4,22.1,33.3,0,0,4.1,30912.01
1983-01-07,45,27.8,35.2,0,0,3,17212.49
1983-01-08,47.9,24.2,34.2,0,0,6.9,31040.83
1983-01-09,37.9,25.6,31.6,0,0,11.5,31111.52
1983-01-10,41,19.8,30.9,0,0,3.8,31186.29
1983-01-11,45.1,21.4,32.7,0,0,3.2,31264.99
1983-01-12,45.4,21.8,33.6,0,0,3.1,31347.44
1983-01-13,46.1,20.8,33.4,0,0,2.6,31433.47
1983-01-14,47.3,24.2,35.5,0,0,2.3,31522.9
1983-01-15,47,21.4,34.5,0,0,3.2,31615.57
1983-01-16,45.7,27.3,35.8,0.024,2,2.8,31711.29
1983-01-17,42.6,31.2,36,0.346,19,3.4,22336.92
1983-01-18,40.8,28.1,34.2,0.114,12,7.8,21800.11
1983-01-19,38.9,23.9,31.4,0.102,11,4,8277.01
1983-01-20,35.5,29.4,32.6,0.26,17,5.6,6618.72
1983-01-21,34.4,29,31.5,0.161,13,5.1,903.52
1983-01-22,33.9,18.3,27.3,0,0,3.5,31518.94
1983-01-23,36.2,10,25.7,0.079,5,3.7,28800
1983-01-24,38.6,16.4,26.9,0.012,2,4.2,12814.72
1983-01-25,35.8,15.6,29.6,0.087,5,6.1,32407.34
1983-01-26,39.2,11,24.8,0,0,4.2,32276.51
1983-01-27,46.7,24.4,33.4,0.016,2,3.8,23443.72
1983-01-28,44,27.7,36.2,0.047,6,9.2,31848.29
1983-01-29,44.4,22.6,31.8,0.11,4,9.4,26978.88
1983-01-30,37.8,20.2,29.6,0,0,3.6,31979.99
1983-01-31,36.9,24.2,30.1,0,0,6.4,20290.76
1983-02-01,37.1,25,30.2,0,0,6.8,32632.93
1983-02-02,36.2,18.1,27.7,0,0,5.7,32805.77
1983-02-03,35.2,20.4,26.8,0,0,6.1,26518.84
1983-02-04,31.1,23.9,27,0.134,12,4.7,7895.12
1983-02-05,36.6,22.8,28.8,0.075,8,6.8,32437.59
1983-02-06,38.7,17,27.2,0,0,6.1,32307.42
1983-02-07,45.7,26.3,34.4,0.067,6,12.5,28875.5
1983-02-08,43.6,31.2,36.5,0.35,15,5.9,15464.41
1983-02-09,47.7,29.6,37.2,0,0,7,33587.08
1983-02-10,46.8,23.7,35.1,0,0,5.2,31723.01
1983-02-11,42.9,23,33.8,0,0,3.2,34657.72
1983-02-12,47.2,22.3,33.3,0,0,3.6,34031.37
1983-02-13,51.6,25.3,37.7,0.031,6,6.5,29522.98
1983-02-14,49.2,31.7,38.9,0.035,2,10.1,35046.73
1983-02-15,46.9,29,38.2,0,0,3.8,34442.36
1983-02-16,48.8,26,38,0,0,6.3,34335.59
1983-02-17,49.3,29.3,39.8,0,0,4,33772.46
1983-02-18,56,25.6,40.1,0.157,5,13.4,35968.73
1983-02-19,47.7,34.5,39.3,0.047,5,16.6,34141.78
1983-02-20,48.1,30.2,38,0,0,6,36267.36
1983-02-21,49.2,27.6,38.6,0,0,3.5,36084.45
1983-02-22,51.5,28.2,41,0,0,2.7,34347.09
1983-02-23,53.8,28.1,42,0,0,3.6,35406.99
1983-02-24,56.7,27.5,42,0,0,4.9,36876.82
1983-02-25,51.3,31.4,40.6,0.031,5,9.7,36804.12
1983-02-26,48.4,29.4,38.6,0.059,5,13.7,20705.35
1983-02-27,50.5,29.3,40.4,0.004,1,13.8,27670.44
1983-02-28,51.4,36.2,43.1,0.102,11,8.7,35722.51
1983-03-01,56.9,37.2,46.2,0.024,4,10.5,34817.81
1983-03-02,56.5,37.1,45.3,0.039,6,16.6,34261.77
1983-03-03,53.8,32.2,41.3,0.079,6,12,18023.09
1983-03-04,45,36.9,41.2,0.213,23,6.7,180.17
1983-03-05,50.9,36.6,42,0.169,14,9.4,17350.22
1983-03-06,50.8,35,42,0.008,1,13.9,38422.82
1983-03-07,50.5,29.7,42.3,0,0,6,33411.5
1983-03-08,53,36.7,44.4,0,0,6.4,38728.19
1983-03-09,55.6,34.1,44.8,0,0,3.7,38880.04
1983-03-10,58.7,30.8,45.4,0,0,4.2,38321.85
1983-03-11,62.3,35.1,48.1,0.039,2,9.9,35525.41
1983-03-12,57.5,35.3,47.3,0.051,7,6.7,39044.52
1983-03-13,62.8,34.5,48.2,0,0,9.2,27998.55
1983-03-14,50.7,40.7,46.6,0.563,19,12.2,26068.92
1983-03-15,42.3,33.5,37.4,0.157,8,13.6,16286.67
1983-03-16,44.6,30.8,37.1,0,0,6.8,39600
1983-03-17,49.6,29,38.6,0.063,6,15.3,28343.12
1983-03-18,44.6,32.3,37.1,0.457,24,6.3,20379.13
1983-03-19,43.3,31.7,36.8,0.102,10,9.2,39600
1983-03-20,42.7,28.4,34.7,0.004,1,8.7,39755.55
1983-03-21,42.7,24.4,33.5,0.079,6,7.2,21917.82
1983-03-22,46.3,32,37.8,0.142,14,11.6,38648.85
1983-03-23,43.4,32.9,37.2,0.24,13,10.2,24088.82
1983-03-24,43.9,26.3,33.6,0.268,13,14.7,21600
1983-03-25,44.3,23.5,33.7,0.008,1,13.1,39600
1983-03-26,45.5,29.8,36.8,0.094,8,6.1,39876.83
1983-03-27,50.3,26.5,38.9,0,0,10.4,35465.99
1983-03-28,44.8,34.8,39.7,0.205,12,5.9,10373.92
1983-03-29,50.4,31.7,41.3,0,0,5.8,40156.55
1983-03-30,62.1,31.4,46.8,0,0,9.2,41154.23
1983-03-31,63,37.8,47.7,0.091,4,23.1,33369.85
1983-04-01,47.8,31.6,39.8,0.024,5,8.5,41742.2
1983-04-02,57.8,26.7,42.7,0.024,2,10.8,40735.93
1983-04-03,42.3,30.3,37.3,0.055,2,15.7,41604.35
1983-04-04,39.3,25.9,32.6,0.012,2,16.4,38354.19
1983-04-05,38.6,25.7,32.4,0.051,7,7.9,39938.22
1983-04-06,40.4,18.7,30,0.004,1,4.6,42792.33
1983-04-07,42.8,21.5,32.9,0.012,2,5.4,43098.64
1983-04-08,48.5,22.1,36.8,0,0,7,42502.46
1983-04-09,56.5,33.5,44.5,0,0,5.9,43114.93
1983-04-10,60.2,32.6,47.2,0,0,17.6,40268.94
1983-04-11,52.3,38.3,45,0.067,5,17.7,35297.84
1983-04-12,50.3,33.5,41.7,0.02,2,11.9,40711.2
1983-04-13,42.1,29.3,36,0.059,7,10.5,33088.92
1983-04-14,45,26.8,35.8,0,0,5.4,43265.88
1983-04-15,49.9,26.3,39,0,0,5.1,44397.09
1983-04-16,55.1,27.2,42.3,0,0,4.6,44534.52
1983-04-17,62.5,28.8,46.6,0,0,6.2,44670.49
1983-04-18,67,33.5,50.4,0.039,4,23.4,43854.77
1983-04-19,64.5,40.1,51.5,0,0,6.9,44939.51
1983-04-20,66.3,37.6,51.7,0,0,13,35366.69
1983-04-21,59.3,41.7,49.7,0.055,8,9.9,43761.98
1983-04-22,60.7,38.1,50.3,0,0,6.8,45309.48
1983-04-23,70.5,36.1,54.5,0,0,9.8,45364.07
1983-04-24,74.5,40.8,59.3,0,0,21.9,45418.64
1983-04-25,68.6,44.3,56.2,0,0,24.7,45473.14
1983-04-26,63.7,37.9,52,0,0,10.9,43390.56
1983-04-27,66.1,41.8,56,0.012,1,16.2,45026.46
1983-04-28,68.9,44.2,57.3,0.004,1,15.8,36733.09
1983-04-29,67.7,41.2,56,0.047,7,15.9,45489.56
1983-04-30,59.6,43.7,51.1,0.146,9,18.2,45743.94
1983-05-01,58.7,39.6,49.1,0.02,4,9.5,45217.29
1983-05-02,59.6,38.2,49.4,0,0,12,42285.23
1983-05-03,64.3,41.8,53.2,0,0,10.6,46070.3
1983-05-04,68,41.6,55.8,0,0,6,46202.05
1983-05-05,72.4,44,59.3,0,0,25.3,46259.31
1983-05-06,61.4,42.8,52.6,0.016,2,17.4,46061.5
1983-05-07,67,42.2,55,0,0,5.1,46546.41
1983-05-08,79.1,40.7,62.5,0,0,18.5,46606.3
1983-05-09,74.3,51,63.3,0,0,17,46855.88
1983-05-10,77,45.6,63.8,0,0,24.7,47018.39
1983-05-11,62.8,43.2,52.4,0.189,8,26.7,45293.96
1983-05-12,60.7,36.2,48.9,0,0,12.6,47252.69
1983-05-13,59.3,39.6,50.8,0,0,11.1,43466.68
1983-05-14,62.6,40.7,51.6,0,0,13.5,47272.95
1983-05-15,65.9,41.2,53.6,0.004,1,12.6,47669.59
1983-05-16,53.1,41.8,47.4,0.291,16,15.4,30175.06
1983-05-17,56.4,38.4,47.2,0.024,4,14.9,39927.47
1983-05-18,61.9,41.5,52.1,0,0,10.9,47454.6
1983-05-19,59.4,45.1,51.1,0.067,5,9,44027.05
1983-05-20,64.1,41,53.6,0,0,12.2,48475.51
1983-05-21,72.2,42.8,59.6,0.008,1,12.5,48521.1
1983-05-22,71.6,49,62,0,0,3.6,48537.81
1983-05-23,78.3,45.8,65.3,0,0,7.4,48669.41
1983-05-24,83.2,47.3,69,0,0,8.5,48697.47
1983-05-25,83.9,53.5,71,0,0,10.6,48740.04
1983-05-26,84.5,53.7,71.5,0,0,7.8,48772.7
1983-05-27,86.4,54.5,73.1,0,0,9.1,48803.52
1983-05-28,87.5,55.6,74.3,0,0,10.9,48832.48
1983-05-29,86.7,54.4,73.9,0,0,14.3,43843.44
1983-05-30,78.8,62,70.7,0,0,12.8,47264.9
1983-05-31,75,52.7,65.3,0.008,1,14.8,45562.34
1983-06-01,82,55.7,70.8,0,0,20.5,48929.74
1983-06-02,74.3,55.6,67.1,0,0,13.5,48949.53
1983-06-03,76.3,53.7,65.8,0,0,7.9,48967.57
1983-06-04,78.8,50,66.5,0.008,1,17.1,48602.52
1983-06-05,75.1,54.7,65.2,0.039,2,10.3,48998.45
1983-06-06,76.8,51.9,65.8,0,0,10.7,48822.72
1983-06-07,78.5,55.5,67.9,0,0,7,47774.11
1983-06-08,80.6,55.5,70.2,0,0,6.7,41879.05
1983-06-09,82.3,55.4,71.2,0,0,13.2,49040.2
1983-06-10,83,57.2,72.2,0,0,8.5,49076.49
1983-06-11,88.5,56.8,74.5,0,0,21.5,44462.29
1983-06-12,65.5,55.2,59.3,0.425,10,7.6,28065.53
1983-06-13,65.5,47.6,56.2,0.012,2,8.6,48353.12
1983-06-14,70.2,44.2,59.1,0,0,5.7,49313.93
1983-06-15,80.3,46.8,66.4,0,0,10.3,48989.45
1983-06-16,84.7,51.4,71.6,0,0,12.8,49314.08
1983-06-17,86.9,61,74.9,0,0,6.3,49311.55
1983-06-18,95.5,58.3,80.2,0,0,17.8,49390.62
1983-06-19,92.7,65.6,81.3,0,0,17.1,48068.51
1983-06-20,92.1,64.9,80.5,0,0,17.3,49376.77
1983-06-21,92.3,63.5,79.4,0,0,19.1,49366.7
1983-06-22,91.4,61.9,78.8,0,0,8.4,49180.11
1983-06-23,87.1,62.9,73.6,0.043,2,12.4,36619.71
1983-06-24,73.2,61.3,67.7,0.02,3,6.8,17885.19
1983-06-25,73.1,59.1,65.6,0.15,8,12.4,37321.15
1983-06-26,77.8,58.7,68.5,0.012,2,12.5,44722.08
1983-06-27,82,58.1,70.4,0,0,10.7,41791.45
1983-06-28,87.7,55.3,74,0,0,14.1,49065.71
1983-06-29,91.2,58.9,77.8,0,0,15,48952.21
1983-06-30,91.2,61.4,78.9,0,0,16.6,47915.31
1983-07-01,91.1,63.2,79.1,0,0,17.3,47996.78
1983-07-02,90.6,68.6,80.7,0,0,18.3,46331.49
1983-07-03,87.5,69.5,78.4,0,0,15,49188.07
1983-07-04,87.5,60.5,74.9,0,0,7,49260.13
1983-07-05,94.9,57.6,79.6,0,0,5.3,49052.86
1983-07-06,98.2,64.8,81.6,0.024,2,14.7,47474.29
1983-07-07,88.9,64.8,79.8,0,0,9.7,48741.75
1983-07-08,89.2,67.8,79.4,0.055,5,6.9,47237.88
1983-07-09,89.6,68.9,79.7,0.008,1,17.4,44309.31
1983-07-10,85.1,62.1,75,0,0,11.1,48738.66
1983-07-11,86.6,61.1,74.6,0,0,6,48720.36
1983-07-12,90.8,59.6,77.9,0,0,7.4,48700.64
1983-07-13,93.8,60.7,80.7,0,0,5.7,48561.43
1983-07-14,97.3,60.5,82.7,0,0,10.4,48388.48
1983-07-15,93.4,68.6,82.2,0,0,23.4,48330.02
1983-07-16,94.2,60.8,80.1,0,0,18.8,48310.21
1983-07-17,94.8,65.9,82.4,0,0,16.8,48178.97
1983-07-18,95.3,67.8,82.9,0.02,2,12.7,47708
1983-07-19,89.6,66.8,78.6,0.004,1,9.9,47484.66
1983-07-20,90,68.6,78.1,0.051,4,16,45791.75
1983-07-21,87.6,66,77.2,0.028,2,9.6,42007.25
1983-07-22,84.6,66.4,75.2,0.228,6,8.4,44612.81
1983-07-23,81.2,65.7,72.8,0.291,9,5.1,46872.3
1983-07-24,85.1,62.9,74.8,0,0,2.9,47156.19
1983-07-25,80.8,66.2,72.6,0.583,13,12.1,34994.42
1983-07-26,79.8,63.3,71.4,0.051,5,7,45165.94
1983-07-27,79.4,61.5,70,0.126,5,10.2,43287.58
1983-07-28,82.8,57.8,71.3,0,0,3.9,46972.46
1983-07-29,88.1,60.3,75.4,0,0,5.6,47050.88
1983-07-30,89,62.3,75.9,0.039,3,6.8,45869.8
1983-07-31,87,64.8,76.7,0,0,10,46800
1983-08-01,88.6,64.7,76.9,0.028,2,13.2,41403.37
1983-08-02,87.6,64.6,77.3,0.004,1,9.2,46831.09
1983-08-03,89.6,68.2,80.1,0,0,5,46799.36
1983-08-04,90.2,67.5,79.7,0.012,1,4.9,44936.54
1983-08-05,91.8,69.4,81.1,0.012,1,10.9,43200
1983-08-06,91.4,68.7,79.9,0.008,1,7,36996.08
1983-08-07,88.9,68.8,79.7,0.039,4,5.8,46549.24
1983-08-08,93.9,67.2,80.5,0.008,1,7.1,43200
1983-08-09,92.4,67,81.8,0,0,5.4,46416.9
1983-08-10,94.2,67.9,82.2,0,0,6.8,46349.13
1983-08-11,91.6,66.8,80.1,0.012,1,11.2,45261.09
1983-08-12,86.4,68.6,78.4,0,0,7.9,46210.66
1983-08-13,91.1,64.2,79.1,0,0,7.2,46140.08
1983-08-14,91.9,67.4,81.3,0,0,5.4,45713.13
1983-08-15,91.5,67.5,81.2,0,0,9.3,45996.5
1983-08-16,93.3,68,82.6,0,0,7.2,45923.03
1983-08-17,92.4,71.7,83.1,0,0,9.9,45821.49
1983-08-18,86.8,68.8,76.9,0.205,8,8.2,45694.54
1983-08-19,79.7,66.8,72.5,0.106,9,11.1,45566.04
1983-08-20,85.1,59.4,72.9,0,0,8.4,45436.12
1983-08-21,90.1,57.7,75.6,0,0,14.9,45304.86
1983-08-22,90.7,58.4,76.5,0,0,14,45172.37
1983-08-23,90.8,57.7,76.1,0,0,14,45038.75
1983-08-24,88.7,60,75.8,0,0,13.2,43638
1983-08-25,87.3,61.4,75.7,0,0,8.4,44768.52
1983-08-26,90.1,59.6,76.9,0,0,4.8,44164.52
1983-08-27,90.9,60.2,77.7,0,0,5.6,44494.94
1983-08-28,89.9,62,77.8,0,0,6.4,43538.42
1983-08-29,83.9,63.7,75.8,0.02,2,7.4,43938.84
1983-08-30,86.8,63,76.5,0,0,5.9,43969.99
1983-08-31,90.3,63,78.6,0,0,4.2,43881.94
1983-09-01,92.8,64.3,79.7,0.028,2,9.8,42545.69
1983-09-02,93.6,65.5,80.4,0,0,15.8,42801.27
1983-09-03,93,65.6,79.8,0.031,3,17.9,42364.8
1983-09-04,82.7,66.5,74.3,0.024,3,10.8,42863.02
1983-09-05,85.4,63.4,74.1,0,0,9.4,42789.97
1983-09-06,88.8,61.4,76.5,0,0,4.8,42633.98
1983-09-07,94.3,57.1,77.1,0,0,15.2,42264.94
1983-09-08,85.7,66.5,76.7,0,0,13,42075.76
1983-09-09,87.6,62.3,75.8,0.016,1,14.1,42000.49
1983-09-10,85.9,64.6,76.4,0,0,9,42038.57
1983-09-11,87.9,64.1,76.5,0,0,7.8,41935.45
1983-09-12,87.6,65,76.5,0,0,5.6,41845.21
1983-09-13,89.3,60.8,76.5,0,0,10,41793.2
1983-09-14,88.7,58.8,75.4,0,0,15,41741.03
1983-09-15,85.4,62,74.9,0,0,9.4,41688.7
1983-09-16,88.1,60.7,75.8,0,0,9.5,41636.18
1983-09-17,89,60.9,76,0,0,14.7,41489.51
1983-09-18,88.1,59.6,75,0,0,13.3,41340.13
1983-09-19,82.6,57.2,71.7,0.008,1,21.2,41190.71
1983-09-20,64.5,44.9,55.6,0,0,8.8,41041.31
1983-09-21,73.8,46.1,61.2,0,0,8.6,40892.02
1983-09-22,79.4,45.5,64.5,0,0,7.8,40742.95
1983-09-23,78.7,56.8,67.9,0.02,2,14.5,39376.84
1983-09-24,74.3,57,65.7,0.008,2,6.2,37524.39
1983-09-25,76.1,54,66.2,0,0,6.2,40297.08
1983-09-26,80.6,51.1,67.4,0.043,4,10.5,36000
1983-09-27,73,57.4,64.2,0.37,7,16.1,39214.36
1983-09-28,75.8,51.5,63.2,0,0,10.9,38534.76
1983-09-29,72.7,51.5,61.5,0.055,3,13.8,29288.29
1983-09-30,66.4,54,59.3,0.571,15,11.8,35173.65
1983-10-01,66,50.2,56.5,0.217,9,12.3,34028.9
1983-10-02,61.8,49.2,54.9,0.016,3,13.1,38414.32
1983-10-03,62.8,43.6,53.7,0,0,11,38111.7
1983-10-04,64.7,45.7,55.7,0,0,3.8,38472.42
1983-10-05,69.4,42.3,56.8,0,0,5,38196.89
1983-10-06,69.4,49.4,59.6,0,0,4.7,38091.84
1983-10-07,70.6,45.2,58.7,0,0,4,32817.19
1983-10-08,71.1,49.1,59.8,0,0,5.6,36767.5
1983-10-09,74.5,50.1,61.4,0,0,12.8,37390.93
1983-10-10,70.4,51,60.4,0,0,13.3,36846.93
1983-10-11,65.7,47.7,55.7,0,0,11.3,37076.48
1983-10-12,65,46.7,56.3,0,0,4.8,36982.7
1983-10-13,73.7,40.7,57.7,0.051,3,16.1,36376.95
1983-10-14,61.5,44.6,52.4,0.169,9,14.8,36409.75
1983-10-15,61.4,44.4,51.8,0,0,6.5,36392.95
1983-10-16,65.4,36.3,51,0,0,5.3,36303.19
1983-10-17,66.9,39,54.4,0,0,4,27966.06
1983-10-18,69.3,46.5,57.6,0,0,9.9,36093.96
1983-10-19,65.2,40.6,52.8,0,0,8.7,36000
1983-10-20,63.9,44.4,54,0,0,3.9,36000
1983-10-21,69.4,42.3,56.4,0,0,3.2,36038.31
1983-10-22,71,44.4,57.4,0,0,4.2,35942.9
1983-10-23,73.3,37.9,56.5,0,0,8.7,35871.12
1983-10-24,64.3,47.6,55.1,0,0,19,35804.72
1983-10-25,64.2,41.6,53.2,0,0,6.1,35737.95
1983-10-26,68.6,43.5,56.4,0,0,3.3,35612.99
1983-10-27,69.6,41.1,56.7,0,0,6.5,35465.61
1983-10-28,68.9,45.6,58.8,0,0,4.5,35319.24
1983-10-29,69.5,42,56.6,0,0,4.3,35174.01
1983-10-30,68.7,41.4,55.2,0,0,6.4,35030.07
1983-10-31,67.7,44.6,55.7,0,0,8.5,34887.58
1983-11-01,67.5,42.2,55.4,0,0,6.7,34371.76
1983-11-02,65.6,43.6,55.1,0.004,1,5.2,34607.59
1983-11-03,66.6,45.3,55.8,0,0,4.3,34470.41
1983-11-04,67.1,40.1,54.4,0,0,3.6,34334.61
1983-11-05,65.7,38.4,53.3,0,0,7.4,31704.03
1983-11-06,66.8,43.9,55,0,0,5.4,34064.22
1983-11-07,70.6,41.3,55.7,0.008,1,15.3,29925.4
1983-11-08,59.3,32.7,46.2,0.252,10,15.1,14890.58
1983-11-09,45.2,29.1,37.4,0,0,4.8,32796.56
1983-11-10,51.2,34.4,42,0,0,3.8,31299.79
1983-11-11,61.8,32.3,46.1,0.012,1,18.4,32100.06
1983-11-12,55.5,42.6,48,0.051,6,4.9,28243.85
1983-11-13,56.6,40.8,47.8,0.028,4,12,33145.14
1983-11-14,47.9,36.1,42.6,0.016,2,11.9,33019.43
1983-11-15,50.3,31.2,40.5,0,0,3.3,28536.11
1983-11-16,56.1,28,41.3,0,0,6.3,31614.15
1983-11-17,58.7,30.4,44.3,0.059,5,11.9,30714.35
1983-11-18,48,32.1,42.2,0.142,11,13.5,19791.58
1983-11-19,43,27.7,34.9,0,0,8.1,32294.69
1983-11-20,46.9,32,39.4,0.122,13,21.8,30539.84
1983-11-21,41.6,29.7,37,0.114,9,19,30332.82
1983-11-22,36.2,24.9,30.4,0.083,7,8.1,29986.78
1983-11-23,36.4,14.6,25.7,0,0,8.9,29325.69
1983-11-24,42.5,16.8,30,0.012,1,7.1,28800.11
1983-11-25,42.3,30.7,36.2,0.272,16,16.8,21000.75
1983-11-26,31.1,18,26.9,0.11,7,15.6,27160.71
1983-11-27,35.5,24.3,28.7,0,0,7.4,30841.73
1983-11-28,35.7,17.5,25.7,0,0,5.2,31155.02
1983-11-29,36.6,12.6,24.2,0,0,8.2,31028.52
1983-11-30,43,19.2,30.1,0,0,5.4,25784.24
1983-12-01,42.6,28.9,35.3,0.071,11,4.4,0
1983-12-02,43.9,32.2,38.2,0.071,10,5.8,30245.98
1983-12-03,46.3,26,36.8,0.079,5,19.2,26758.85
1983-12-04,42.5,24.8,35,0.059,3,19.4,29875.05
1983-12-05,31.1,20.4,25.4,0,0,10.9,30581.18
1983-12-06,39.1,17,26.3,0,0,8.4,30515.94
1983-12-07,46.3,23.2,32.4,0,0,4.6,30118.22
1983-12-08,47.9,25.7,34.4,0,0,5.3,30414.46
1983-12-09,48.6,26.4,35.4,0,0,5,12805.35
1983-12-10,50.5,32.1,40.2,0,0,10,30416.12
1983-12-11,49.5,25.6,36,0,0,6.8,28739.79
1983-12-12,44.9,30.2,36.5,0.012,2,13.3,30426.51
1983-12-13,41.1,29.3,34,0,0,12.2,29108.86
1983-12-14,41.8,30,34.6,0.028,4,8.1,24945.27
1983-12-15,44.6,26.7,34.7,0.004,1,15.7,30459.8
1983-12-16,42.5,21.1,32.2,0,0,4.2,28800
1983-12-17,41.2,28.5,34.1,0.004,1,3.6,19364.15
1983-12-18,40.8,27.2,32.9,0,0,5.2,30425.71
1983-12-19,43.8,25.3,33.5,0.008,1,14.4,30428.79
1983-12-20,36.3,21.8,29.4,0.071,3,17.4,30420.75
1983-12-21,30.1,19.2,24.4,0.028,3,8,30416.73
1983-12-22,41.8,20.9,31,0,0,17.9,30416.69
1983-12-23,43.7,28.7,35.5,0.071,5,15,28708.27
1983-12-24,37.4,28,32.4,0.122,15,5.5,7159.81
1983-12-25,44.4,33.4,38.1,0.256,18,3.8,11663.55
1983-12-26,47.7,36.5,40.7,0.075,5,9.5,26212.14
1983-12-27,45.5,31.9,38,0.169,10,7.7,25621.47
1983-12-28,32,11.3,24.2,0.055,5,7.8,30500.05
1983-12-29,32,10.4,21.2,0,0,3.6,30140.73
1983-12-30,37.9,17,26.1,0,0,2.8,30559.31
1983-12-31,41.1,23.6,31.8,0.004,1,2.9,29544.83
1984-01-01,38.6,22.7,29.7,0,0,4.5,30634.04
1984-01-02,38.1,15.5,26.6,0,0,3.4,30677.12
1984-01-03,40.2,19.3,28.9,0,0,4.3,30724.57
1984-01-04,45.9,24.5,34,0,0,2.7,30776.51
1984-01-05,46.9,24.5,34.9,0,0,3.2,30832.77
1984-01-06,49.6,25.3,36.6,0,0,2.9,30893.19
1984-01-07,48.7,25.5,35.7,0,0,3.8,30957.65
1984-01-08,47.6,25.3,36.2,0,0,3.1,31025.96
1984-01-09,44.7,27.2,35.1,0,0,9.4,31097.99
1984-01-10,45,23.7,32.1,0,0,4.4,31173.6
1984-01-11,37.1,26.3,30.6,0.114,8,7.3,161.9
1984-01-12,34.7,18.8,26.6,0,0,3.8,31334.91
1984-01-13,33.5,18.4,26.2,0.087,11,4.9,9036.09
1984-01-14,35.2,17.1,25.9,0.197,14,9,24053.88
1984-01-15,28.9,6.4,19,0,0,4.2,31599.9
1984-01-16,24.3,-0.7,10,0,0,4.1,31693.79
1984-01-17,23.6,0.5,10.9,0,0,10.7,31790.21
1984-01-18,20.1,-8.7,7.9,0,0,5.6,31889.03
1984-01-19,25.9,-6.8,10.4,0,0,4.3,24356.15
1984-01-20,27,-0.6,13.4,0,0,4,32093.29
1984-01-21,28.6,-4.4,12.9,0,0,4,25601.87
1984-01-22,31.4,9.4,21.8,0,0,5.1,32305.47
1984-01-23,34.7,6.5,19.8,0,0,4.5,32382.05
1984-01-24,39.8,13.4,25.9,0,0,3.1,32405.69
1984-01-25,43.5,20.2,30.8,0,0,3.9,32407.23
1984-01-26,42.5,24.7,31.6,0,0,14.3,25260.19
1984-01-27,40.2,19.2,29,0,0,4,32479.18
1984-01-28,45.1,21,31.9,0,0,2.8,32529.62
1984-01-29,47.7,20.9,33.5,0,0,3.9,32589.96
1984-01-30,47,22.6,34.1,0,0,2.9,32724.76
1984-01-31,46.4,21.3,33,0,0,3.4,32775.11
1984-02-01,45.1,21.9,33.6,0,0,3.6,27209.06
1984-02-02,43.2,24.1,33.4,0,0,4.5,33106.9
1984-02-03,44.6,19.8,31.9,0,0,2.9,33225.89
1984-02-04,47.6,27.1,34.7,0,0,6.3,33350.57
1984-02-05,48.7,25.6,36,0,0,5.4,33689.58
1984-02-06,48.2,22,35.2,0,0,3.4,33837.73
1984-02-07,43,29.1,35.2,0,0,8.6,33874.31
1984-02-08,42.5,26.7,33.5,0,0,3.2,34097.2
1984-02-09,47,21.4,33,0,0,4.5,33550.27
1984-02-10,50.4,27.1,35.8,0.055,8,17.8,23600.7
1984-02-11,39.6,24.9,32.1,0,0,8.8,34308.39
1984-02-12,41.6,23.9,32.4,0,0,6.8,34094.41
1984-02-13,51.5,25,37.6,0.059,4,7,34630.39
1984-02-14,48,30.4,37.5,0.13,14,16.5,27600.39
1984-02-15,39.3,23.6,31.1,0,0,5.3,35484.98
1984-02-16,50.7,21.8,35,0.016,2,11.2,35136.63
1984-02-17,40.5,30.5,34.6,0.161,16,11.8,24137.51
1984-02-18,37.4,26.9,31.5,0.008,2,4.9,33061.8
1984-02-19,39.1,22.7,29.3,0,0,10.2,36083.44
1984-02-20,40.2,20.3,29.7,0,0,5,36235.36
1984-02-21,47.1,20.8,33.5,0,0,4.7,35790.73
1984-02-22,42.4,23.4,33.1,0,0,11.7,33697.58
1984-02-23,36.5,20.7,28,0,0,7,36694.4
1984-02-24,45.6,21.4,33,0.012,2,6.4,29784.32
1984-02-25,40.7,25.3,32.4,0.016,3,13,33602.6
1984-02-26,40,23.2,29.8,0,0,12.2,37155.59
1984-02-27,42.1,20,31.4,0,0,2.8,37309.2
1984-02-28,47,23.5,35.6,0,0,3.4,37462.54
1984-02-29,51.1,24.2,38.9,0,0,5,37615.51
1984-03-01,52.1,26.8,40.6,0,0,5.4,37225.53
1984-03-02,55,28.1,42.8,0.016,2,5.6,37919.83
1984-03-03,45.4,29.3,38.1,0.02,2,12.9,38071.36
1984-03-04,38.6,24.9,30.8,0.016,3,17.5,38223.68
1984-03-05,37.9,18.3,29.5,0,0,11.7,38376.8
1984-03-06,43.3,24.5,33.9,0,0,5.8,38530.58
1984-03-07,49.7,27.2,39.2,0,0,5.6,38684.91
1984-03-08,53.1,26.7,41.5,0,0,4.9,36379.13
1984-03-09,57.8,32.6,45.5,0,0,8.4,38994.81
1984-03-10,55.8,34.4,45.5,0,0,5.9,39150.16
1984-03-11,52.8,37.1,43.9,0.079,8,14,35161.39
1984-03-12,56,29.4,44.6,0,0,8.5,36574.71
1984-03-13,61.4,30.7,47.5,0,0,7.1,39493.83
1984-03-14,62.8,39.1,48.4,0.13,7,19.8,31940.18
1984-03-15,62.2,29.1,47.7,0.043,5,15.1,39425.2
1984-03-16,54.5,39.1,46.6,0.059,7,13.4,39600
1984-03-17,60,28.8,41.6,0.154,9,20.8,32857.88
1984-03-18,49.4,32.6,40.1,0.15,6,14.3,39635.29
1984-03-19,50.2,26.7,39.1,0,0,4.7,39884.16
1984-03-20,55.3,27.5,41,0,0,6.5,40000.91
1984-03-21,63.2,27.9,45.4,0.134,6,13.1,38539.38
1984-03-22,45.5,33.3,39.1,0.154,8,14.5,39236.9
1984-03-23,50.3,31.3,39.6,0,0,8.7,40062.91
1984-03-24,55.5,26.7,41.3,0,0,6.1,40583.45
1984-03-25,47.5,35.5,40.8,0.047,5,13.5,39939.87
1984-03-26,49.6,33.9,40.9,0.055,9,6.1,28817.36
1984-03-27,45.6,32.2,39.3,0.012,2,13.8,40571.37
1984-03-28,47.6,29.6,38.7,0,0,6.1,41211.41
1984-03-29,54.5,29.4,42.8,0.031,4,10.2,41013.95
1984-03-30,48.7,35.9,41.7,0.102,11,10.2,32186.94
1984-03-31,55.6,29.8,42.7,0.016,4,14.6,41404.52
1984-04-01,46.9,35.1,40.4,0.157,8,20.5,41493.9
1984-04-02,47.9,31.7,39.1,0.118,14,8.9,37919.62
1984-04-03,48.6,31.8,40,0.004,1,4.5,42013.52
1984-04-04,56,26.7,42.1,0,0,5,42844.1
1984-04-05,64.8,29.9,48.2,0,0,11.3,42106.75
1984-04-06,63.2,38,50.8,0.043,3,15.2,39009.37
1984-04-07,59.3,38,48.3,0.008,2,10.2,43372.16
1984-04-08,67.1,38.7,52.6,0,0,13.7,42989.45
1984-04-09,54.3,36.2,46.1,0.122,8,17.6,42270.07
1984-04-10,63,31.7,47.2,0,0,16.5,43513.71
1984-04-11,53.2,35.5,45.3,0.063,5,18.2,43940.19
1984-04-12,63.1,28.7,46.2,0,0,14.6,44079.11
1984-04-13,61.3,40.9,51.7,0,0,9.9,44217.81
1984-04-14,61.9,34.7,48.9,0,0,12.8,44356.32
1984-04-15,68.3,33.4,51.4,0,0,9,44494.53
1984-04-16,72.5,32.8,55.6,0,0,5.4,44632.35
1984-04-17,80.3,36.8,61.9,0,0,12,41185.24
1984-04-18,73.3,51.5,64.2,0,0,11.3,39371.81
1984-04-19,64.1,48.2,57.4,0.075,3,19.9,31898.34
1984-04-20,56,38.5,46.3,0.079,9,11.7,32868.03
1984-04-21,55.4,38.2,46.9,0,0,13.7,45298.79
1984-04-22,62.7,35.1,49.1,0,0,6.1,45353.32
1984-04-23,67.2,35.4,54.2,0,0,9.8,45407.74
1984-04-24,74.7,45.4,61.7,0,0,16.9,42764.4
1984-04-25,59.7,35.1,45.7,0.173,8,21.8,30470.67
1984-04-26,45.9,26.7,37.5,0,0,12.5,42025.37
1984-04-27,48.5,31.5,39.9,0,0,8.4,45623.92
1984-04-28,48.4,29,39.8,0.004,1,9.9,42748.29
1984-04-29,58.7,32.2,45.8,0,0,17.5,45479.62
1984-04-30,62.7,38,52.4,0.043,3,9.4,40894.39
1984-05-01,65.2,38.7,54.2,0.016,3,14.5,39600
1984-05-02,63.4,44.9,54,0.083,3,18,42289.46
1984-05-03,70.9,39.4,56.3,0,0,19.1,46261.48
1984-05-04,68.4,44.9,57.5,0,0,14,40116.3
1984-05-05,67.8,45.4,57.4,0.004,1,13.7,46048.19
1984-05-06,64.2,40.6,51.6,0.024,3,20.7,46356.24
1984-05-07,60.4,34.5,49,0,0,8.1,46774.93
1984-05-08,70.1,35.2,55.8,0,0,5.2,47030.75
1984-05-09,81.8,38.7,64.3,0,0,11,47200.2
1984-05-10,86,44.9,70.1,0,0,12.2,47273.15
1984-05-11,84.8,55.3,72.4,0,0,9.3,46825.99
1984-05-12,85.6,56.5,73.1,0,0,10.5,47519.71
1984-05-13,88.4,54.5,73.9,0,0,8.5,47698.71
1984-05-14,89,55.1,74.4,0.004,1,17.2,47557.34
1984-05-15,79.4,61.6,69.3,0.043,3,21,42039.03
1984-05-16,77.6,54.5,67,0,0,16.5,47555.39
1984-05-17,81.5,50.9,67.6,0.004,1,12.9,48320.46
1984-05-18,74.1,57.8,65.8,0.028,2,13.2,39512.51
1984-05-19,79.4,50.2,66.9,0,0,9,48503.51
1984-05-20,87.1,55,73.4,0,0,7.2,48145.07
1984-05-21,84.1,60.5,74.1,0,0,16.8,47148.24
1984-05-22,83.2,58.8,72.3,0,0,11.5,48661.75
1984-05-23,92.2,56,76.6,0.004,1,14.9,48102.91
1984-05-24,91.1,64.4,78,0,0,21.7,48731.46
1984-05-25,80.2,57.2,69.9,0,0,11.9,48763.74
1984-05-26,85.8,56.9,72.2,0,0,12.2,48794.33
1984-05-27,83,60.4,72.1,0,0,11.3,48828.02
1984-05-28,83.3,54.4,71,0,0,8.5,48853.39
1984-05-29,88.4,53.4,74.6,0,0,7.6,48876.64
1984-05-30,91.5,54.2,77,0,0,11,48899.81
1984-05-31,83.5,64.1,73.3,0.11,4,15.5,46800
1984-06-01,72.6,57.7,64.1,0.209,11,9,47180.47
1984-06-02,78.4,49.9,65.4,0,0,7.4,49003.21
1984-06-03,82.7,56,67.9,0.008,1,21.5,48978.74
1984-06-04,82.4,53.4,68.7,0,0,16.3,39538.53
1984-06-05,69.3,53.8,60.3,0.543,12,11.9,25200
1984-06-06,71.2,47.5,59.2,0.264,12,18.9,23807.24
1984-06-07,62.9,50.3,55.4,0.902,12,9.7,34930.33
1984-06-08,60.4,48,54.1,0.201,7,12.1,48084.96
1984-06-09,64.1,44.5,54.4,0,0,7.2,49221.25
1984-06-10,80.3,42.7,62.4,0,0,21,49155.93
1984-06-11,71,50.4,60.5,0,0,6.7,49309.44
1984-06-12,79.5,55.3,66.9,0,0,9,47221.82
1984-06-13,89.8,50.2,72.1,0,0,13.5,49395.5
1984-06-14,89.7,54.9,74.6,0,0,12.6,49159.09
1984-06-15,81.9,56.2,70.7,0.02,2,12.7,49056.56
1984-06-16,75.3,56.1,66.4,0.039,5,7.6,43616.86
1984-06-17,80.4,50.5,68.2,0,0,6.8,49474.22
1984-06-18,86.8,52.9,72.7,0,0,9.4,49468.95
1984-06-19,86.5,55.4,72.6,0.02,1,11.5,49025
1984-06-20,86.6,56.9,74.2,0,0,14.3,49106.55
1984-06-21,89.4,56.9,76,0,0,15.1,49528.53
1984-06-22,89.7,56.6,76.1,0,0,9.6,49516.32
1984-06-23,89.9,61.4,76.9,0,0,7.5,49502.27
1984-06-24,91.8,60.9,79.1,0,0,11,49308.38
1984-06-25,78.5,64.6,73.2,0.02,1,6.8,30328.07
1984-06-26,87.3,60.9,75.2,0.016,2,9,49180.82
1984-06-27,90.2,62.9,78.5,0,0,8.5,49249.57
1984-06-28,94,61.7,80.6,0,0,5.6,49496.94
1984-06-29,95.7,61.5,82.6,0,0,8,49114.27
1984-06-30,84,69.5,77.4,0.031,2,12.3,38723.95
1984-07-01,88.7,63.9,77.9,0,0,6.4,49153.85
1984-07-02,94.1,67,82,0,0,13.1,48948.94
1984-07-03,94.5,69.7,82.3,0,0,14,49361.67
1984-07-04,92.7,66.1,81.1,0,0,8.8,49328.68
1984-07-05,94.3,66.4,82.7,0,0,5.4,49293.71
1984-07-06,97.3,62.4,83.6,0,0,8.3,48827.29
1984-07-07,94.9,67,83.4,0,0,9.9,48183.14
1984-07-08,93.6,67.1,82.1,0.028,3,14,48145.93
1984-07-09,92.2,67.8,81.5,0.016,1,20.1,47410.69
1984-07-10,89.3,64.8,78,0.035,2,7.4,48845.58
1984-07-11,93.4,64.5,81,0,0,5.3,48805.46
1984-07-12,94.1,64.1,79.6,0.047,2,7.1,42998.12
1984-07-13,80.4,66.8,73,0.213,12,8.3,35963.04
1984-07-14,80.3,64.3,71.8,0.098,6,4.9,41775.58
1984-07-15,85.3,65,75.4,0.008,1,5.8,47943.59
1984-07-16,88.1,65.7,77.7,0,0,8.1,47931.38
1984-07-17,92.2,63.4,80.1,0,0,5.4,48271.25
1984-07-18,94.6,63.4,80.9,0,0,9.4,48075.88
1984-07-19,95.1,63.3,82.1,0,0,6.1,47951.93
1984-07-20,95.8,68,84.1,0,0,8.5,47672.82
1984-07-21,96.1,69,82.6,0.012,2,16.8,47598.89
1984-07-22,88.4,67.2,78,0.051,4,10.6,43754.01
1984-07-23,86.1,68.5,75.7,0.012,3,9.5,43005.23
1984-07-24,89.3,64.5,78,0,0,4,47245.2
1984-07-25,89.3,64.2,77.5,0.067,2,8.2,47149.32
1984-07-26,87.9,65.4,77.6,0.012,2,7.4,47058.34
1984-07-27,89.8,65.3,79,0,0,7.7,47055.48
1984-07-28,90.2,65.5,78.5,0.012,1,12.5,46780.97
1984-07-29,87.7,66.6,77.2,0.083,4,10.6,46894.2
1984-07-30,84.2,65.9,74.9,0.016,1,7.6,45926.84
1984-07-31,88.1,63.1,76.8,0,0,9.2,46966.8
1984-08-01,90.6,64.2,79.1,0,0,13.1,46897
1984-08-02,89.7,66.8,79.9,0,0,9.7,46896.66
1984-08-03,91.8,65,80.8,0,0,6.3,46846.64
1984-08-04,91.4,63.5,79.5,0,0,12.1,45633.73
1984-08-05,85.7,67.1,77.7,0,0,5.5,44776.88
1984-08-06,89.3,65.2,78.1,0,0,8.9,46565.3
1984-08-07,91.6,67.3,80.4,0,0,13.7,46501.2
1984-08-08,92.6,64,80.3,0,0,7.5,46436.32
1984-08-09,93.8,60.2,80.3,0,0,5.2,46372.94
1984-08-10,92.5,63.4,80.3,0,0,6.2,46302.43
1984-08-11,91.4,65.5,80.3,0.008,1,9.8,46233.16
1984-08-12,89.3,67,79.8,0,0,7.4,46162.29
1984-08-13,92,64.9,80.6,0,0,8.5,46089.88
1984-08-14,92,66,80.9,0.004,1,10,43200
1984-08-15,89.9,67,78.9,0.055,2,5.6,45839.74
1984-08-16,88.4,67.9,79.2,0,0,7.7,45852.18
1984-08-17,90.3,65.9,78.9,0,0,9.1,43789.05
1984-08-18,88.4,66.4,77.8,0.039,4,8.1,45217.89
1984-08-19,87.1,64.7,75.5,0.15,5,9.8,45463.5
1984-08-20,74.9,64,69.1,0.504,14,7.8,38257.02
1984-08-21,74.1,61.3,67.7,0.087,7,4.4,44029.27
1984-08-22,81.7,59.9,71.2,0,0,6.9,44929.14
1984-08-23,77.6,63,69.2,0.232,10,7.1,39825.51
1984-08-24,74.2,61.1,67.6,0.224,11,3.6,41788.11
1984-08-25,74.8,60.1,67.1,0.197,13,8.3,40902.08
1984-08-26,79.9,57.5,69.7,0,0,7.8,44526.48
1984-08-27,84,57.8,72.4,0,0,6.6,44390.58
1984-08-28,85.3,61.3,74.5,0,0,7.8,44254.44
1984-08-29,87,65,76.5,0,0,4.6,44118.14
1984-08-30,87.7,59.4,75.1,0,0,5.1,43981.03
1984-08-31,85.7,62,73.1,0.13,4,19.2,38823.29
1984-09-01,77.8,60.2,69.3,0,0,10.7,43702.94
1984-09-02,79.2,54.5,67.7,0,0,7.2,43431.47
1984-09-03,83,52.5,69.5,0,0,4.7,43337.78
1984-09-04,86.6,50.5,70.7,0,0,4.7,42981.06
1984-09-05,91.1,53.3,73.9,0,0,8.6,42813.2
1984-09-06,90,59.6,76.3,0,0,22,42577.5
1984-09-07,81.8,64,73.1,0,0,15.9,42430.29
1984-09-08,80.3,58.6,69.2,0,0,7.5,42291.72
1984-09-09,88.2,52.6,72.4,0,0,8.9,42107.55
1984-09-10,89.3,56,75.6,0,0,6.7,40384.96
1984-09-11,76.8,65,70.1,0.256,11,14.6,25942.25
1984-09-12,82.2,59.2,71.2,0,0,12.4,41806.62
1984-09-13,83.9,53.9,70.3,0,0,8.9,41754.45
1984-09-14,84.5,54.4,71.1,0,0,5.9,41702.1
1984-09-15,84.8,57.4,71,0.063,2,12.7,41649.56
1984-09-16,79.4,57.9,68.8,0,0,8,41526.02
1984-09-17,82.6,55.7,70,0,0,6.5,41378.91
1984-09-18,83.9,54.2,71.4,0,0,3.5,41232.07
1984-09-19,83,56,71.3,0,0,5.7,41084.81
1984-09-20,83.4,55,70.2,0.02,3,14.5,40290.73
1984-09-21,81.9,57.5,68.9,0.008,1,19.4,40787.39
1984-09-22,80.3,55.1,67.5,0,0,16.7,40637.41
1984-09-23,79.9,60.5,70.5,0,0,22.2,40486.73
1984-09-24,77.9,52.2,66.3,0.024,3,24.2,39874.89
1984-09-25,64.3,43.9,54.8,0,0,6.5,40183.6
1984-09-26,70.4,49.4,60,0,0,6.8,39022.39
1984-09-27,73.1,47.8,61.2,0,0,6.6,39758.95
1984-09-28,74.5,51.8,62.3,0,0,16.2,39725.87
1984-09-29,66,44.5,55.8,0,0,7.6,39572.88
1984-09-30,76.4,39.9,60.3,0,0,8.6,37696.34
1984-10-01,70.2,54.1,61.7,0.354,16,9.7,36526.96
1984-10-02,67.4,50.3,57.8,0.512,13,9.7,37598.59
1984-10-03,60.3,47.8,54.2,0.177,12,5.1,14036.11
1984-10-04,59.9,51,54.4,0.76,16,7.8,15552.76
1984-10-05,65.6,49.7,57.3,0,0,7.8,38034.85
1984-10-06,65.2,47.9,56,0,0,7.9,37782.77
1984-10-07,66.4,44.6,55.5,0,0,5.1,37761.88
1984-10-08,68.1,44.7,56.8,0,0,4.3,37665.64
1984-10-09,68.6,44.3,56.5,0,0,6.4,37503.95
1984-10-10,71.4,44.2,57.2,0,0,5.7,37381.3
1984-10-11,71.4,45.6,58.2,0.008,1,14.7,36585.86
1984-10-12,57,42.9,52.5,0.138,10,14.3,35118.78
1984-10-13,59.7,38.8,49.9,0,0,3.8,36454.04
1984-10-14,54.1,38.7,47.8,0.059,5,11.9,36628.3
1984-10-15,44,34.7,39.5,0.039,4,7.4,31042.54
1984-10-16,47,30.3,38.5,0.008,1,10.6,34105.5
1984-10-17,52.2,34.4,41.2,0.402,14,24.9,23086.94
1984-10-18,43.9,29.8,36.6,0,0,11,36000
1984-10-19,48.5,31,39.2,0.004,1,8.6,36000
1984-10-20,47.1,29.9,38.8,0.126,8,4.7,36000
1984-10-21,41.5,31.6,36.7,0.413,17,3.6,23667.44
1984-10-22,43.5,22.2,33.6,0,0,3.5,35886.95
1984-10-23,43.5,25.5,33.9,0,0,5.6,35821.02
1984-10-24,43.7,23.2,33.2,0,0,5.7,35754.79
1984-10-25,46,25.2,35.7,0,0,3.2,35645.92
1984-10-26,55.9,27.8,42,0.004,1,14,35500.72
1984-10-27,48,38.4,44.2,0.008,1,9.6,35229.44
1984-10-28,56.2,28.7,42,0,0,11.9,35214.89
1984-10-29,60.7,34.1,46.6,0,0,10.8,34017.56
1984-10-30,61.3,34.8,47.4,0,0,11.9,34932.75
1984-10-31,58.9,40.1,48.4,0.031,3,14.9,34791.88
1984-11-01,52.2,34.2,42.8,0,0,4.3,34651.29
1984-11-02,63.2,30.7,45.7,0,0,13.6,34511.17
1984-11-03,60.1,40.2,48.6,0,0,15.1,34371.62
1984-11-04,54.2,35.8,45.2,0,0,4.5,34232.8
1984-11-05,57.9,30,43,0,0,4.2,32461.48
1984-11-06,63.3,37.2,47.3,0,0,13.3,18969.38
1984-11-07,60,37.5,48,0,0,16.3,23296.69
1984-11-08,53.5,38,45.4,0.106,6,26.9,33688.02
1984-11-09,45,31.5,37.6,0.024,3,17.4,33555.25
1984-11-10,48.8,25.1,36.8,0,0,4.5,32812.96
1984-11-11,51.1,26.8,37.8,0,0,4,33295
1984-11-12,58.4,28.1,41.4,0,0,4.7,33167.88
1984-11-13,61.5,36.1,47.7,0,0,19.3,25998.78
1984-11-14,50.7,38,43.6,0.028,3,13.9,32920.55
1984-11-15,50.5,31.7,39.5,0,0,4.2,32800.73
1984-11-16,52.6,29.3,41,0,0,4.3,28256.83
1984-11-17,50.4,35.7,41.3,0,0,10.6,31525.82
1984-11-18,48.1,32,39.7,0,0,3.7,32458.38
1984-11-19,47.9,30.7,39.1,0,0,2.9,32348.64
1984-11-20,51,26,37.3,0,0,5,32240.54
1984-11-21,53.9,27.2,38.8,0,0,4.9,30748.8
1984-11-22,55.1,29.2,41.1,0,0,5.7,31722.89
1984-11-23,54.9,31.7,42.6,0.079,5,5.4,30740.41
1984-11-24,51.1,38.3,44.1,0.028,1,12.1,22057.08
1984-11-25,43.2,28.7,36.6,0.087,10,19.5,19914.21
1984-11-26,38.2,25.4,30.6,0,0,10.6,25989.07
1984-11-27,36.3,20.8,27.9,0,0,6.4,29913.48
1984-11-28,42.4,25.9,32.9,0.012,2,5.9,29153.1
1984-11-29,42.4,28.6,34.5,0,0,9,30685.36
1984-11-30,43.5,24.1,33.2,0,0,5.7,30881.21
1984-12-01,41.5,25.1,32,0,0,9.6,29941.27
1984-12-02,41.2,27.3,32.5,0,0,5.6,30682.68
1984-12-03,44.3,24.7,33.5,0,0,5,28800
1984-12-04,43.2,26.2,33.5,0,0,5.1,30525.78
1984-12-05,42.2,21.5,30,0,0,5.4,30562.63
1984-12-06,43.2,18.6,30.9,0,0,3.9,30546.58
1984-12-07,46.8,22.2,33.8,0,0,3.3,28934.17
1984-12-08,40.2,25.5,33.4,0.11,7,3.3,6559.63
1984-12-09,44.3,28.1,35.8,0,0,3,29462.63
1984-12-10,48.3,25.7,36.1,0.059,3,4.3,21600
1984-12-11,47.7,32.7,39.3,0.193,16,11.5,26259.52
1984-12-12,46.3,30.8,36.8,0.138,6,13.4,25773.46
1984-12-13,32.9,26.3,30.2,0.177,16,15.5,2135.14
1984-12-14,34.9,21,27.9,0.071,6,7.8,30458.52
1984-12-15,38.4,27.5,31.5,0.016,2,14.8,29278.34
1984-12-16,37.1,21.6,29.7,0.087,9,19.4,22657.42
1984-12-17,37.1,23.2,30.3,0,0,5.4,28315.19
1984-12-18,41.9,27.2,33.5,0,0,12.5,30432.79
1984-12-19,45.7,30.5,35.5,0.138,12,10.5,29549.99
1984-12-20,39.4,22.5,33.3,0.39,18,13.8,25182.29
1984-12-21,35,21.8,29.3,0,0,8.2,30413.82
1984-12-22,33.8,23.3,27.5,0,0,4.5,30415.61
1984-12-23,35.8,21.4,28.7,0,0,4.1,30421.5
1984-12-24,36.3,24.3,29.8,0,0,4.3,30431.51
1984-12-25,38.9,24,30.8,0,0,2.7,29836.95
1984-12-26,42.8,27.6,34.2,0.035,4,4.7,28466.16
1984-12-27,43.4,33.6,37.6,0.606,19,7.4,0
1984-12-28,48.1,34.4,40.8,0,0,15.6,30513.64
1984-12-29,40.3,29.2,34.3,0,0,5.5,20386.54
1984-12-30,41.9,28.3,34.4,0,0,5.6,30581.51
1984-12-31,37.6,26.1,32,0,0,7.9,30621.97
1985-01-01,32.7,21.3,26.2,0.004,1,7.8,29558.06
1985-01-02,33.2,19.5,25.4,0,0,5.4,30715.33
1985-01-03,36.8,19,27,0,0,4.5,30768.01
1985-01-04,40.7,21.7,30.6,0,0,3.4,30824.52
1985-01-05,41.6,22.5,31.6,0,0,4.1,30884.75
1985-01-06,38.7,27.2,32.6,0,0,3,10529.57
1985-01-07,37.3,28.1,32.7,0.343,15,3.4,2385.58
1985-01-08,37.6,31,33.9,0.315,17,4.3,16745.67
1985-01-09,34.7,23.6,29.5,0,0,4.2,31160.38
1985-01-10,32.6,15,23.7,0,0,3.2,30763.84
1985-01-11,31.7,16.1,23.5,0,0,4.1,30302.09
1985-01-12,31.4,15.9,22,0,0,6.5,31400.12
1985-01-13,33.3,3.8,19.4,0,0,3.5,31485.68
1985-01-14,36.9,10.6,23.4,0,0,3.2,31573.86
1985-01-15,34.9,12.2,23.5,0,0,6.2,28062.68
1985-01-16,36.7,16.6,25.6,0,0,3.5,31757.63
1985-01-17,38.2,14,25.8,0,0,3.7,31853.73
1985-01-18,45.1,19.3,31.1,0,0,3.1,31953.51
1985-01-19,46.1,25.1,35.4,0,0,5,32056.79
1985-01-20,45.2,23.3,34.6,0,0,2.9,32163.37
1985-01-21,44.9,25.2,33.7,0.327,17,5.5,32231.86
1985-01-22,37.3,22.7,29.4,0,0,6.8,32375.04
1985-01-23,36.4,18.4,27.2,0,0,4.3,32404.94
1985-01-24,39,24.8,31.3,0,0,3.4,32406.99
1985-01-25,41.7,27.6,33.6,0,0,3.7,32405.65
1985-01-26,42.1,29.9,34.9,0,0,3.5,32347.98
1985-01-27,38,29.1,32.9,0.004,1,6.4,31082.36
1985-01-28,39.3,23.5,31.4,0.079,7,9.1,29636.17
1985-01-29,36.2,25.7,30.4,0.114,7,8.8,32405.61
1985-01-30,27.6,14.5,23,0,0,11.4,32654.46
1985-01-31,19.1,11.1,14.6,0,0,7.5,32501.51
1985-02-01,18.6,7.4,12.7,0,0,11.3,32822.5
1985-02-02,26.3,8.4,17,0,0,11.3,26330.31
1985-02-03,28,17.8,21.9,0.024,5,8.8,27635.22
1985-02-04,26.3,10.1,19.2,0.012,3,12,33162.8
1985-02-05,26.4,8.6,17.5,0,0,5.7,33879.06
1985-02-06,31.9,9.6,21.1,0,0,7.4,34043.88
1985-02-07,38.9,12.5,25,0,0,7.6,33675.05
1985-02-08,45.7,23,34,0,0,16.1,30570.39
1985-02-09,40.8,29.7,34.9,0.248,15,11.2,20552.83
1985-02-10,33.5,21.6,27.3,0,0,13,34777.09
1985-02-11,38.2,15.5,26.5,0,0,3.6,35010.59
1985-02-12,44.5,19.9,31.8,0,0,3.3,35156.92
1985-02-13,45.9,24.6,34.7,0,0,5.6,34493.51
1985-02-14,47,25.1,35.6,0,0,2.8,35452.98
1985-02-15,50.7,25.4,37.9,0,0,3.7,35602.41
1985-02-16,51.3,25.9,39.4,0,0,4.2,35013.66
1985-02-17,50,28,38.3,0,0,7.4,26595.22
1985-02-18,49.7,31.7,39.6,0,0,4.8,34620.69
1985-02-19,53.6,26.3,39.6,0,0,4.3,32206.78
1985-02-20,54.7,32.5,42,0.02,1,14.7,23652.23
1985-02-21,49.7,33.5,39.6,0.059,7,8.1,34795.67
1985-02-22,44.8,29,36,0,0,8.5,31725.36
1985-02-23,42.6,28.5,33.9,0,0,15.6,36812.29
1985-02-24,46.9,23.9,35.1,0,0,6.5,36963.32
1985-02-25,51.9,27.1,38,0,0,13.4,34450.87
1985-02-26,44.9,26.1,34.7,0,0,6.8,37264.31
1985-02-27,51.2,23.8,37.8,0,0,7.3,37415.74
1985-02-28,49.7,30.4,40,0,0,6,37568.13
1985-03-01,55.2,29,41.4,0,0,7.1,37721.38
1985-03-02,56.9,31.4,44,0.039,4,23.3,37875.34
1985-03-03,39.5,27.2,33.3,0.008,2,19.2,36593.52
1985-03-04,42.4,20.1,30.8,0,0,8,38184.95
1985-03-05,54.1,23.6,39.2,0,0,13.5,35051.12
1985-03-06,58.6,37.6,47.9,0,0,26.6,38154.83
1985-03-07,55.4,30.8,44,0,0,23.9,38651.87
1985-03-08,55.1,31.3,44,0,0,5.3,38807.71
1985-03-09,57.8,36.7,46.5,0,0,6.8,25538.36
1985-03-10,58.7,43.5,49.5,0.425,12,11.3,16740.51
1985-03-11,56.3,38,47.9,0,0,8.1,27181.12
1985-03-12,49.5,36.6,43.2,0.083,8,12.3,39418.27
1985-03-13,49.7,33.2,40.2,0,0,7,39478.98
1985-03-14,55.2,29.9,42,0,0,5.2,39545.84
1985-03-15,55,35.4,44.6,0.008,2,8.6,39599.39
1985-03-16,56,32.2,45,0,0,4.7,39637.95
1985-03-17,56.4,31.2,45.2,0,0,4.9,39684.35
1985-03-18,58.8,30.8,45.7,0,0,5.9,38451.12
1985-03-19,54.5,39.8,46.3,0.067,8,14.4,31836.81
1985-03-20,59,37,48,0,0,6.6,40089.5
1985-03-21,59.9,30.2,45.6,0.024,2,20.8,40125.32
1985-03-22,46.7,28.1,36.7,0,0,12.6,40118.26
1985-03-23,57.7,28.4,44.2,0,0,10.1,40649.59
1985-03-24,66.8,29.9,49.4,0,0,13.9,40842.18
1985-03-25,67.3,37.4,53.9,0,0,21.2,41019.5
1985-03-26,58.7,46,51.7,0.004,1,22,32578.95
1985-03-27,56.3,34.4,48.1,0.185,8,30.5,25064.6
1985-03-28,44,29.9,35.2,0.299,19,6.4,26865.27
1985-03-29,32,23,29.2,0.394,21,16.4,11480.25
1985-03-30,34.9,18.9,25.3,0,0,8.1,41900.32
1985-03-31,42.5,16.6,31.7,0,0,10.1,40230.26
1985-04-01,52.9,24,40.7,0,0,5.3,42209.34
1985-04-02,59.7,29.3,45.9,0,0,4.3,42407.97
1985-04-03,65.6,31.5,50,0.028,2,12.2,42258.49
1985-04-04,59.8,40.7,50.4,0,0,20.2,40210.42
1985-04-05,60.5,34.4,48.1,0,0,12.8,43027.18
1985-04-06,64.9,42.9,54.1,0,0,8,43188.6
1985-04-07,67.3,43.2,56.1,0,0,5,43331.08
1985-04-08,70.2,37,56.6,0,0,7.8,42102.49
1985-04-09,71.8,40.8,57.7,0,0,14.5,43615.82
1985-04-10,70.7,39.3,57.3,0,0,11.2,41463.27
1985-04-11,75.3,40.7,61.4,0,0,13.1,43032.94
1985-04-12,72.9,50.1,60.7,0,0,11.1,44041.58
1985-04-13,72.1,46.3,59.7,0,0,6.7,44182.77
1985-04-14,75.3,44.7,62,0,0,5.6,44323.42
1985-04-15,79.1,41,63.4,0,0,9.1,44463.46
1985-04-16,78.8,43.7,63.7,0,0,18.1,44602.79
1985-04-17,76.4,47.9,61.9,0.138,7,17.4,36917
1985-04-18,61.9,43.8,52.2,0.48,11,8,13915.23
1985-04-19,60.8,40.5,50,0.039,4,14.6,45015.47
1985-04-20,57.2,45.3,49.4,0.343,16,10,33632.89
1985-04-21,50.3,41.5,45.7,0.429,22,8.4,30054.67
1985-04-22,53.1,36.1,44,0.146,10,17.4,40757.71
1985-04-23,57.7,31.9,46.5,0,0,6.4,45393.75
1985-04-24,58.3,36.7,48.7,0.028,4,9,43200
1985-04-25,56.5,37.1,43.4,0.472,8,14.8,27534.06
1985-04-26,49.1,36.1,42,0.138,7,16.2,29477.67
1985-04-27,61,32.9,49.1,0,0,5.3,45608.64
1985-04-28,68.4,45.7,57.2,0,0,7.3,45662.32
1985-04-29,73,51.4,62,0,0,9.2,45808.65
1985-04-30,74,51.5,62.1,0,0,6.5,45924.91
1985-05-01,76.2,46.3,62.2,0,0,8.8,45984.23
1985-05-02,76.4,43.9,62.2,0,0,4.8,46112.07
1985-05-03,77.3,48.8,64.7,0,0,13.3,46023.69
1985-05-04,77.8,51,65.4,0,0,15.1,46231.93
1985-05-05,74.5,46.9,62.6,0,0,8.3,46455.2
1985-05-06,78.3,49.7,65.4,0,0,11.7,46259.09
1985-05-07,81.2,45.9,66,0,0,11.1,46852.1
1985-05-08,83.3,48.2,68,0,0,16.1,46426.88
1985-05-09,77.6,49.8,64.5,0.051,4,19,16521.87
1985-05-10,70.2,51,60.2,0.067,9,23.7,41031.59
1985-05-11,64.3,44.4,55.5,0,0,13.3,47329.89
1985-05-12,57.7,45.1,52.2,0.031,3,10.9,36431.23
1985-05-13,60.3,38.4,50,0,0,13.2,47899.88
1985-05-14,70.4,37.8,56.9,0,0,7.9,48005.74
1985-05-15,80,42.6,63.5,0,0,14.1,48046.99
1985-05-16,77.9,48.8,65.3,0,0,13.6,44269.73
1985-05-17,76,47.7,64.4,0,0,10.1,48184.87
1985-05-18,77,46.7,64.6,0,0,15.5,48385.39
1985-05-19,76.4,53.1,65.1,0.024,2,9,46432.14
1985-05-20,74.6,50.6,63.5,0,0,14.7,46212.7
1985-05-21,69.3,54.2,61.7,0.043,7,6.1,42004.82
1985-05-22,74.9,53,63.7,0.035,2,5.6,48545.31
1985-05-23,78.3,49.7,65.9,0.008,1,6.5,48686.02
1985-05-24,81.8,49.3,68.4,0,0,8,48720.64
1985-05-25,84.5,52.1,70.6,0.028,2,12.5,48753.66
1985-05-26,85.6,52.9,72,0,0,16.2,48785.09
1985-05-27,85.1,57.9,73.6,0,0,16,48814.91
1985-05-28,85.2,59,74.1,0,0,22.5,48843.09
1985-05-29,83.9,58.2,73.3,0,0,25.1,48870.68
1985-05-30,72.9,52.3,65,0,0,17.3,48894.58
1985-05-31,71.7,54.7,62.7,0.228,6,16.5,33661.47
1985-06-01,75.7,50.6,64.9,0,0,20.1,48939.46
1985-06-02,80.4,51.7,67.9,0,0,12.8,48959.39
1985-06-03,79.5,51.5,68.2,0,0,8.6,47260.16
1985-06-04,80.9,56.6,70.2,0,0,7.4,49092.93
1985-06-05,84.2,54.5,72.4,0,0,10.6,49047.79
1985-06-06,88.9,59.4,77.1,0,0,7.8,49059.34
1985-06-07,95.3,59.4,80.7,0,0,9,49033.21
1985-06-08,97.3,63.2,83.7,0,0,9.1,49075.82
1985-06-09,95.1,62.1,81.7,0,0,10.6,48193.33
1985-06-10,88,64.9,78.1,0.008,1,13.8,49300.62
1985-06-11,86.8,62,75.2,0,0,8.4,48589.77
1985-06-12,87.5,58.5,75.7,0,0,7.1,49388
1985-06-13,91.1,68.6,80.9,0,0,13.2,49314.52
1985-06-14,93.9,64.4,81.3,0,0,15.1,49394.28
1985-06-15,92.3,66.7,80.8,0,0,9.2,49394.3
1985-06-16,95.8,66.8,83.8,0,0,12.1,49048.59
1985-06-17,94.7,65,81.6,0,0,14.3,49041.89
1985-06-18,91.6,62,79.9,0,0,8.8,49213.66
1985-06-19,91.5,62,79.5,0,0,8.4,49375.34
1985-06-20,95.7,63.6,83.1,0,0,17.5,49013.14
1985-06-21,93.3,72.6,83.3,0,0,14.9,49530.12
1985-06-22,93.8,69.3,82.4,0,0,9.8,49343.15
1985-06-23,95.7,61.2,81.9,0,0,16.7,45372.55
1985-06-24,92.9,65.1,78.7,0.055,3,18.9,47918.52
1985-06-25,78.3,55.2,66,0.091,4,20.8,49387.05
1985-06-26,70.1,48.4,60.3,0,0,8.6,49548.42
1985-06-27,78.4,50.6,66.7,0,0,6.1,49618.54
1985-06-28,86.9,54.2,73.7,0,0,4.7,49238.26
1985-06-29,91.8,55.4,76.7,0,0,11.4,43552.74
1985-06-30,92.1,59,78.8,0,0,10.7,49546.68
1985-07-01,92.6,61.1,79.8,0,0,8.1,49340.2
1985-07-02,92.9,61.4,80.6,0,0,7,49399.4
1985-07-03,95,61.3,82.1,0,0,6.4,49102.86
1985-07-04,98.1,68.1,86.2,0,0,4.3,49246.34
1985-07-05,99.2,64.6,85.7,0,0,5.2,49037.73
1985-07-06,100.8,67,87.1,0,0,5.2,49261.63
1985-07-07,99.2,66.3,86.2,0,0,5.4,48055.31
1985-07-08,99.1,66.8,85.7,0,0,15.3,48007.29
1985-07-09,97,68.1,84.5,0.012,1,9.6,47018.11
1985-07-10,96.5,67.4,84.1,0,0,12.8,48770.44
1985-07-11,95.6,70.1,84.2,0.008,1,8.3,47905.31
1985-07-12,92.6,67.9,82,0,0,15.4,47879.25
1985-07-13,92.8,68.6,81.9,0,0,13.9,48336.32
1985-07-14,93.8,67.7,81.4,0.02,1,14.1,48397.77
1985-07-15,93.8,66.3,82.2,0,0,9.5,48212.11
1985-07-16,90.6,68.7,78.3,0.126,5,12.3,39043.26
1985-07-17,89.5,67.8,78.9,0.016,2,9.6,47060.38
1985-07-18,88.9,67.7,78.2,0.043,2,8.9,47702.65
1985-07-19,86.5,66.8,76.1,0.118,6,7,47368.12
1985-07-20,78.7,66.4,72.5,0.252,10,8.1,45470.08
1985-07-21,80.2,65.4,71.8,0.138,6,5.8,43708.26
1985-07-22,81,63.1,72.4,0.028,4,9.2,47258.73
1985-07-23,82.1,61.4,72.1,0.024,2,9.3,47063.55
1985-07-24,80.2,64.3,71.7,0.004,1,10.8,47338.69
1985-07-25,86.1,59.8,74,0,0,7.6,47328.79
1985-07-26,87.5,59.3,75.4,0,0,6.7,47231.61
1985-07-27,91.1,61.1,78.5,0,0,7.6,47306.37
1985-07-28,87.5,68.2,78.4,0.02,1,10.9,46602.98
1985-07-29,83.6,63.4,73.5,0.071,7,10,46816.65
1985-07-30,83.3,62.3,73.4,0.016,2,15.7,46969.55
1985-07-31,89.4,60,76.3,0,0,11.5,47037.95
1985-08-01,89.9,65,79,0,0,14,46897
1985-08-02,88.4,65.9,77.4,0,0,10.9,44006.99
1985-08-03,89.5,62.7,77.5,0,0,6.2,46865.35
1985-08-04,91.1,61,78,0,0,7.8,46804.39
1985-08-05,95.1,61.4,80.8,0,0,12.3,46741.12
1985-08-06,96.1,64.3,82.4,0,0,10.6,46626.6
1985-08-07,95.4,63.4,82.2,0,0,14.2,46562.28
1985-08-08,94.4,66.6,82.6,0,0,15.2,46495.58
1985-08-09,86.5,66.8,78.2,0,0,14,46390.58
1985-08-10,92.2,58.9,78.2,0.031,2,15.6,46323.75
1985-08-11,89.3,67.8,78.3,0,0,20.6,46248.8
1985-08-12,80.1,57,69.4,0,0,7.9,46177.07
1985-08-13,88.8,54.3,74.8,0,0,8.1,46104.12
1985-08-14,89.3,66.1,78.7,0,0,11.2,44450.71
1985-08-15,90.2,66.8,79.9,0,0,12.9,45954.88
1985-08-16,93.9,58.6,79.7,0,0,15,45877
1985-08-17,94,60.8,81.1,0,0,11.9,44548.03
1985-08-18,89.5,66.5,79.9,0.008,1,7.4,45619.93
1985-08-19,94.1,61.8,80.1,0,0,15,45490.2
1985-08-20,93.8,64.5,81.4,0,0,11.1,43665.34
1985-08-21,90.8,66.5,80.2,0,0,11.9,45228.86
1985-08-22,92,62.5,80.1,0,0,9.3,45097.42
1985-08-23,92.2,64.1,79.8,0,0,7.6,44965.61
1985-08-24,93.4,62.8,80.1,0,0,6,44833.49
1985-08-25,96.3,58,81.1,0,0,7.2,44197.27
1985-08-26,96.5,70.4,84.8,0,0,9.2,42606.29
1985-08-27,90.4,71.8,81.1,0.008,1,7.6,40852.35
1985-08-28,92.3,64.9,80.3,0,0,10,44095.93
1985-08-29,94.3,65.7,81.2,0,0,8.6,44154.77
1985-08-30,96.9,62.3,81.9,0,0,13.2,43927.21
1985-08-31,95.8,67.1,82.5,0,0,12.8,42259.82
1985-09-01,89.5,64.9,77.6,0.059,3,14.3,42624.22
1985-09-02,83.5,65.4,74.9,0.008,2,17.6,42965.36
1985-09-03,82.3,61.1,71.8,0.098,4,11.2,41160.88
1985-09-04,80.3,59.6,70.4,0.004,1,12.3,42998.45
1985-09-05,80.3,57.4,69.3,0,0,15.3,42911.84
1985-09-06,80,51.3,67.8,0,0,13.4,42593.04
1985-09-07,71.1,57.8,64.4,0.047,7,10.8,38162.14
1985-09-08,81.7,49.7,66.8,0,0,12.8,42179.62
1985-09-09,82.8,53.8,69.8,0,0,17.3,42176.79
1985-09-10,78,54.1,67.8,0,0,18.7,20231.16
1985-09-11,72.2,54.3,62.4,0.374,11,15.3,23189.26
1985-09-12,64.8,47.3,56.6,0,0,9.3,41853.11
1985-09-13,72,47.7,60.1,0,0,4.4,41764.56
1985-09-14,83.4,46.3,66.1,0.035,4,12.2,41712.16
1985-09-15,79.4,57.8,67.9,0.043,6,13.5,40846.5
1985-09-16,81.4,53.2,68.2,0,0,17.6,41568.3
1985-09-17,80.8,56,69.9,0.004,1,21.2,41420.05
1985-09-18,69.3,57.9,63,0.772,14,11.4,13950.58
1985-09-19,66.5,51.2,57.9,0.024,1,14.1,41121.28
1985-09-20,62.9,49,55.8,0.024,3,6.2,36490.36
1985-09-21,67,47.4,57.7,0,0,9.7,40820.08
1985-09-22,66.3,47.5,57.1,0,0,17.1,40479.43
1985-09-23,66.8,44.8,55.9,0,0,11,40517.16
1985-09-24,73.8,47,60.3,0,0,17.5,40365.3
1985-09-25,68,45.9,57.4,0,0,6.8,40213.28
1985-09-26,74,44.3,60,0,0,6.7,40061.2
1985-09-27,77.9,43.3,62.7,0,0,15.5,38359.34
1985-09-28,67.3,47.2,59.3,0.02,2,15.5,39253.79
1985-09-29,58.7,41.6,49.6,0,0,7.8,39605.5
1985-09-30,65,33,51.1,0,0,4.7,39454.11
1985-10-01,68.7,36.8,54.4,0,0,5.7,39017.07
1985-10-02,65.9,50.4,57.8,0.008,1,9.2,38087.82
1985-10-03,75.7,53,63.5,0,0,13.9,38699.93
1985-10-04,69.5,47.9,60.2,0,0,8.7,38586.38
1985-10-05,74.3,43.1,59.6,0,0,7.4,38390.14
1985-10-06,79,42.4,62.6,0.008,1,17.5,36548.77
1985-10-07,67.2,48.5,59.5,0.315,13,24.5,37327.18
1985-10-08,59.8,46.5,51.7,0.28,20,12.3,27601.45
1985-10-09,60.8,45.2,52,0,0,6.2,29638.21
1985-10-10,59,45.8,51.2,0.205,14,6.8,36032.44
1985-10-11,60.5,49.3,53.3,0.189,7,11.6,37098.51
1985-10-12,63,38.7,51.8,0,0,9.2,36342.61
1985-10-13,51.5,41.1,46.1,0.197,14,9.5,20389.63
1985-10-14,53.8,36.3,45.4,0,0,3.3,36674.23
1985-10-15,57.3,33.6,46.7,0,0,2.9,36491.73
1985-10-16,61.5,36.4,50.2,0,0,6,36298.1
1985-10-17,64.7,45.6,54.2,0,0,5.1,36094.79
1985-10-18,63.6,45.2,54.1,0,0,4.5,36197.55
1985-10-19,65,41.6,53.2,0,0,4.2,36132.16
1985-10-20,66.8,37.7,52,0,0,5.1,36000.63
1985-10-21,68.2,42.3,55.7,0,0,16.3,34191.26
1985-10-22,57.1,43.5,51.3,0.079,4,18.8,35902.78
1985-10-23,62.8,37.1,50.9,0,0,8.5,35837.46
1985-10-24,66.8,39.1,52.7,0,0,4.6,35771.77
1985-10-25,71.3,37.7,55.1,0,0,4.7,35690.8
1985-10-26,70.4,43.1,56.9,0,0,4.4,35545.56
1985-10-27,72.2,40.4,56.6,0,0,4.3,35400.37
1985-10-28,70,45,57.2,0.031,3,13.3,31902.74
1985-10-29,66.3,45.9,55.3,0.008,1,6.3,35110.63
1985-10-30,67.3,40.7,54,0,0,9.8,34966.37
1985-10-31,57.3,38.9,49.4,0.063,5,10,21127.14
1985-11-01,54.7,35.3,44.9,0,0,5.6,34679.79
1985-11-02,59.1,40.7,49.8,0,0,6,34537.75
1985-11-03,62.9,43.3,52.7,0,0,3,34396.77
1985-11-04,66.7,35.5,52,0,0,4.5,34257
1985-11-05,64.8,40.1,52.9,0.016,2,16.6,24605.26
1985-11-06,53.3,37.6,45.3,0,0,8.3,33981.71
1985-11-07,59.2,31.3,46.2,0,0,9.4,33846.54
1985-11-08,63.1,39.2,50.9,0,0,18.5,33139.88
1985-11-09,53.4,37.2,44.4,0.189,10,19.7,33582
1985-11-10,57.5,32.9,46.1,0,0,21.7,33453
1985-11-11,56.2,45.8,50.1,0.008,1,25,33326.42
1985-11-12,48,29.8,40.9,0.307,9,20.2,17977.86
1985-11-13,37.6,27.1,32,0,0,7.8,33080.64
1985-11-14,39.4,25.1,32,0,0,7.4,32815.97
1985-11-15,43.8,25.8,33.8,0,0,5.1,32840.44
1985-11-16,46.5,23.8,35,0,0,4.8,30092.54
1985-11-17,42.9,34.3,36.8,0.394,24,9.5,21827.27
1985-11-18,39.3,21.5,30.6,0.055,7,13.8,30459.74
1985-11-19,29.4,16.1,22.2,0,0,11.2,32377.26
1985-11-20,37.9,14.7,25,0,0,6.4,32265.95
1985-11-21,37.5,19.7,29.6,0,0,14.1,31797.31
1985-11-22,44.3,20.9,31.1,0,0,17.8,32049.88
1985-11-23,45.2,25.4,35.7,0,0,6.8,22107.59
1985-11-24,49.2,34,41.7,0,0,10.5,14973.32
1985-11-25,49.4,40.7,44.4,0.118,7,13.7,5518.51
1985-11-26,48.5,35.2,41.2,0.004,1,6.3,31128.84
1985-11-27,50,31,38.6,0,0,8.4,29352.93
1985-11-28,48,31.3,39,0.087,8,12.3,10926.62
1985-11-29,48.1,35,40.5,0.453,15,16.9,16068.21
1985-11-30,43,31.6,37,0.382,14,11.3,16046.96
1985-12-01,43.7,27.1,34.1,0,0,5.3,30095.42
1985-12-02,35.9,30.4,33.7,0.504,16,4.8,0
1985-12-03,44.2,26.2,36.9,0,0,5.8,30479.4
1985-12-04,41.7,22.6,31.4,0,0,4.2,30526.97
1985-12-05,41.1,12.1,27.6,0,0,3.4,29872.92
1985-12-06,42.8,27.9,34.2,0,0,3.9,30505.2
1985-12-07,42.5,23.2,31.6,0.031,2,5.2,30410.31
1985-12-08,35.7,24.3,29.9,0.319,10,9.4,29955.55
1985-12-09,30.4,13.9,22.8,0,0,4.3,29952.47
1985-12-10,25.4,12.7,18.9,0,0,6.7,29341.31
1985-12-11,26.7,10.1,17.2,0,0,5.7,30432.55
1985-12-12,26.3,8.3,18.6,0,0,5.4,29227
1985-12-13,28.2,9.1,19.7,0,0,4.3,30451.52
1985-12-14,33,12,22.1,0,0,3.5,30459.38
1985-12-15,35.2,13.1,24.6,0,0,2.7,30475.2
1985-12-16,37.8,18.2,27.6,0,0,3,30466.13
1985-12-17,37.6,18.2,27.7,0,0,4,30445.96
1985-12-18,39.9,19.5,29.2,0,0,2.8,30429.96
1985-12-19,42.1,19.4,30.1,0,0,3.6,30418.18
1985-12-20,42.8,21.2,31.2,0,0,3.1,30410.69
1985-12-21,44.3,25.5,33.4,0,0,2.7,30407.57
1985-12-22,45.5,25.4,34,0,0,3.3,30408.86
1985-12-23,44.5,22.7,33.8,0,0,4,30414.94
1985-12-24,42.5,27.2,34.7,0,0,3.3,30425.55
1985-12-25,44.1,27.8,34.6,0,0,3.1,30440.54
1985-12-26,43.9,23,32.7,0,0,3,30459.86
1985-12-27,42.7,24.2,32.7,0,0,3.4,30483.41
1985-12-28,45,21.5,32.3,0,0,2.9,30511.13
1985-12-29,46.1,22.1,34.2,0.012,2,3.8,29999.94
1985-12-30,41.2,27.2,34.7,0.063,6,2.6,20596.49
1985-12-31,38.1,25.4,31.2,0,0,2.8,30618.48
1986-01-01,41.2,25,32.6,0,0,4,29394.88
1986-01-02,44.3,25.4,33.5,0,0,3.9,29601.2
1986-01-03,46.2,27.3,35.3,0,0,6.3,30760.33
1986-01-04,40,26.9,32.9,0,0,3.6,30814.87
1986-01-05,37.9,22.8,29.8,0,0,3,15184.28
1986-01-06,39.8,25.4,30.2,0.043,4,18.3,30934.31
1986-01-07,41.1,25,31.7,0,0,6.1,30999.03
1986-01-08,42.5,23.7,31.7,0,0,2.7,31066.95
1986-01-09,46.3,24.5,34.2,0,0,2.9,31137.98
1986-01-10,50.3,26.2,37.1,0,0,2.7,31212.04
1986-01-11,49.5,24.9,37,0,0,2.9,31289.02
1986-01-12,49.8,28.3,38,0,0,2.8,31369.55
1986-01-13,49.4,25.1,36.6,0,0,3,31454.12
1986-01-14,46.1,28.1,36.2,0,0,2.5,31055.91
1986-01-15,45.9,29.9,37.2,0.083,7,6.8,28857.01
1986-01-16,47.9,28.3,37.1,0,0,4.2,31730.22
1986-01-17,51.1,26.2,38.3,0,0,3.7,31829.08
1986-01-18,50.6,33.1,40.7,0,0,3.6,31931.05
1986-01-19,52.1,27.8,38.3,0,0,3.3,32035.93
1986-01-20,56.6,29.6,39.5,0.028,2,16.2,32143.56
1986-01-21,43,29,35.9,0,0,4.5,32253.75
1986-01-22,45.6,23.3,34.7,0,0,3.6,31970.23
1986-01-23,53,28.7,38.9,0.024,3,9.3,25200
1986-01-24,45.2,31.7,37.5,0,0,7.1,32426.12
1986-01-25,44.5,26.6,35.2,0,0,3.2,32459.75
1986-01-26,47.7,27.1,36.4,0,0,3,32504.91
1986-01-27,49.6,27.2,38.2,0,0,3.2,32543.72
1986-01-28,53,25.4,39.4,0,0,3.2,32582.05
1986-01-29,59.9,27.3,41.9,0,0,4.2,32406.06
1986-01-30,56.5,31.1,41.6,0.039,4,12.7,11683.16
1986-01-31,54.7,33.9,42.5,0.063,4,11.7,32562.68
1986-02-01,53,29.6,41.1,0,0,4.8,26355.9
1986-02-02,54.8,29.2,42,0.031,2,8.6,32542.47
1986-02-03,47.6,33.6,39.3,0.051,5,7.6,32695.98
1986-02-04,43.4,27.6,34.1,0.008,1,6.5,32997.49
1986-02-05,40.4,27.1,32.8,0,0,5.2,33368.43
1986-02-06,36.6,27.1,31.4,0.22,13,12.7,17293.64
1986-02-07,30.3,19.7,25.4,0,0,11.3,29974.32
1986-02-08,30.7,19.1,24.3,0,0,7,33647.91
1986-02-09,29.2,12.1,20.2,0,0,8.1,34393.45
1986-02-10,30.1,11.9,21.1,0,0,6.5,34689.84
1986-02-11,38.9,19.4,27.9,0,0,8.1,34040.98
1986-02-12,45.3,18.8,32,0,0,13.8,29744.55
1986-02-13,50.4,34.7,41.2,0.189,11,17.1,27327.88
1986-02-14,53.5,27.4,41.8,0,0,10.9,28627.17
1986-02-15,49.7,42,45.4,0.157,14,18.3,18452.02
1986-02-16,52.3,36.1,43.4,0,0,15,33189.51
1986-02-17,55,39,46.2,0.067,7,19,22962.47
1986-02-18,60.5,43.7,51.2,0.012,2,18.1,32467.21
1986-02-19,61.5,48.2,53.3,0.075,7,26.1,32586.67
1986-02-20,51.7,38.1,45.8,0.047,5,15.4,36315.67
1986-02-21,49.1,33.6,40.9,0,0,11.5,36464.07
1986-02-22,54.8,26.7,41.9,0,0,7,36613.69
1986-02-23,59.6,36.3,47,0,0,12.7,36764.51
1986-02-24,62.3,36.1,49.9,0,0,4.2,36916.38
1986-02-25,66.1,34.8,51.7,0,0,4.8,37069.17
1986-02-26,65.1,44.7,54.4,0,0,7.5,37222.76
1986-02-27,60.4,36.8,48.2,0,0,11.2,37377
1986-02-28,61.1,32.6,47.4,0,0,5.5,37531.79
1986-03-01,64.4,30.5,49.3,0,0,3.5,37686.98
1986-03-02,65,34.1,50.5,0,0,8.6,37842.47
1986-03-03,64.3,39.8,50.7,0,0,12,37998.13
1986-03-04,63.7,34.2,50.4,0,0,6.2,38153.84
1986-03-05,63.8,43.7,53.9,0,0,4.5,38309.5
1986-03-06,65,41.6,54.3,0,0,7.9,38464.99
1986-03-07,66.1,41.1,54.3,0,0,9.6,38620.2
1986-03-08,67.4,44.2,56.4,0,0,21.8,37838.1
1986-03-09,54.3,40.7,47.5,0.307,10,21,33833.99
1986-03-10,47.9,32,40.3,0.161,10,16.9,8489
1986-03-11,48.1,33.8,41,0.087,11,11.5,38479.18
1986-03-12,49.6,33.1,40.5,0,0,5.4,39388.2
1986-03-13,46.8,32.9,39.1,0.02,5,6,38662.69
1986-03-14,46.4,31.3,38.5,0.114,7,5.7,31410.7
1986-03-15,49.7,28.7,38.8,0,0,6,39616.74
1986-03-16,49.1,34.6,40,0.173,18,15.4,31147.28
1986-03-17,43.5,29.9,35.8,0.161,13,9.6,22504.71
1986-03-18,45.2,29.7,36.7,0,0,14.6,39600
1986-03-19,49.4,23.3,37.1,0.004,1,9.3,39866.3
1986-03-20,52.4,29.1,41.6,0,0,3.4,39985.98
1986-03-21,59.2,27.4,43.4,0,0,4.6,40189.66
1986-03-22,64.2,30.4,47.5,0,0,5.2,40150.31
1986-03-23,68.2,32.6,50.8,0,0,7.9,40344.5
1986-03-24,70.1,39.3,54.5,0,0,16.7,39754.7
1986-03-25,65.3,45,53.7,0,0,12.5,39457.41
1986-03-26,65.2,39.4,53.3,0,0,4.5,41221.36
1986-03-27,72.4,35.4,55.7,0,0,4.1,41332.61
1986-03-28,75.2,37.9,58.4,0,0,6.7,41375.65
1986-03-29,73.6,40.8,59.3,0,0,7.8,41199.2
1986-03-30,73.9,44.9,59.7,0.004,1,14.3,40491.73
1986-03-31,69.9,44.2,58.2,0.031,2,9.9,34322.25
1986-04-01,64.4,47.9,54.3,0.217,10,17.5,37557.18
1986-04-02,52.3,36.8,46.5,0.654,24,16.3,35399.16
1986-04-03,46,36.1,40.9,0.098,10,19.7,20680.44
1986-04-04,51.5,31.4,41.7,0,0,5.8,42148.01
1986-04-05,61.6,33.7,47.8,0,0,5,42990.88
1986-04-06,69.3,35,52.8,0,0,10.2,42916.3
1986-04-07,63.4,41,52.9,0,0,19.1,43292.67
1986-04-08,61,36.4,50.4,0.016,1,13.8,42625.95
1986-04-09,62.2,41,51.5,0.039,4,10.9,42196.04
1986-04-10,60.4,40.4,50.8,0,0,4.8,42597.94
1986-04-11,65.9,39.6,51.8,0.051,2,14.3,43869.43
1986-04-12,66.5,37.3,53.5,0.031,2,20.6,43332.19
1986-04-13,53.4,35.3,45.6,0.138,5,20.1,44154.11
1986-04-14,54.9,32.8,43.6,0,0,5.8,40025.49
1986-04-15,68.4,32.3,51.8,0,0,11.8,42063.01
1986-04-16,67.1,47.6,56,0.075,7,22.1,31780.8
1986-04-17,52.7,39.8,46.4,0.083,7,17.7,40366.8
1986-04-18,50.3,35.6,42,0.075,7,8.9,42422.92
1986-04-19,59.1,35.3,46.8,0,0,10.2,44983.91
1986-04-20,66.9,41.9,55,0,0,3.8,45117.59
1986-04-21,73.3,47.2,60.9,0,0,6.6,45249.68
1986-04-22,79.9,43.3,63.4,0,0,12.5,44965.46
1986-04-23,74.6,49.4,62.2,0,0,19.6,41652.38
1986-04-24,72.4,48.7,59.6,0.031,4,22.6,32530.46
1986-04-25,67.8,45.3,55.4,0.091,5,21,26022.47
1986-04-26,49,37.9,44,0.087,4,16.8,45541.8
1986-04-27,55.9,31.7,44.5,0,0,8.2,45635.72
1986-04-28,75.9,35.9,57.7,0,0,15.6,45690.06
1986-04-29,79.1,49.1,64.5,0,0,18.4,45796.6
1986-04-30,75.3,50.5,63.4,0,0,6.1,45912.43
1986-05-01,81.4,44,65.2,0,0,11.5,45068.96
1986-05-02,84.8,49.4,69.1,0.004,1,17,45230.31
1986-05-03,83.3,52.8,70.1,0,0,17.2,46234.57
1986-05-04,78.6,48.7,64.4,0,0,34.4,46376.2
1986-05-05,65,41.4,54.2,0,0,9.8,46606.23
1986-05-06,68.9,47.8,58.6,0.008,1,25.5,27818.65
1986-05-07,54.9,42.9,47.8,0.22,20,16.3,46208.86
1986-05-08,56,38.4,46.1,0.094,5,14.8,42927.46
1986-05-09,57.1,38.2,48.6,0.016,4,11.1,46235.32
1986-05-10,69.7,35.1,54.3,0,0,19.1,47240.46
1986-05-11,74.3,45.4,61.8,0,0,19.4,47515.32
1986-05-12,73.8,52.3,63.6,0,0,14.1,47588.88
1986-05-13,74.1,48.5,62,0,0,11.1,47768.69
1986-05-14,72.4,49.3,63,0,0,16.1,46943.26
1986-05-15,56,47,52.4,0.268,15,8.9,2660.13
1986-05-16,60.5,41.2,51.8,0,0,14.8,43814.08
1986-05-17,65.3,41.9,54.4,0,0,9.5,48267.79
1986-05-18,73.3,45.6,62.1,0,0,6.3,48361.94
1986-05-19,81.7,47.5,67.8,0,0,6.3,48181.61
1986-05-20,87.5,48.9,71.5,0,0,17.9,48544.5
1986-05-21,84.8,56.8,73.5,0,0,21.5,48601.05
1986-05-22,68.6,50.3,61.8,0,0,14.2,48639.88
1986-05-23,75.4,47.9,63.1,0,0,8.5,48677.13
1986-05-24,81.4,56,69.8,0,0,6.8,48712.79
1986-05-25,82.7,54.2,70.6,0,0,6.4,48746.83
1986-05-26,84.6,56.3,72.3,0,0,10.4,48779.21
1986-05-27,82.5,54.4,71.1,0,0,9.7,48809.93
1986-05-28,83,57.8,72,0,0,9.8,48838.93
1986-05-29,79.7,56.6,70.3,0,0,13.8,48866.2
1986-05-30,80.1,53.1,69.1,0,0,8.1,48891.71
1986-05-31,84.7,53.5,71.4,0,0,8.8,48915.43
1986-06-01,83.4,58.2,73.3,0,0,13.3,48937.3
1986-06-02,83,57.4,72.4,0,0,5.7,48957.21
1986-06-03,87.9,60,75.9,0,0,13.2,48975.18
1986-06-04,88.4,63.2,77.5,0,0,8.7,49031.73
1986-06-05,90.4,60.6,77.8,0,0,15.8,48677.99
1986-06-06,87.9,64.3,77.7,0,0,9.6,49181.31
1986-06-07,90.2,55.8,76.4,0,0,16.9,49064.22
1986-06-08,87,59.9,74.4,0,0,19.2,49138.77
1986-06-09,71.4,55.1,62.4,0.173,9,13,48020.61
1986-06-10,72.4,54.4,63.2,0.055,6,9.8,48810.08
1986-06-11,79.3,55.7,68.2,0,0,4.2,49376.62
1986-06-12,88.3,51.9,73.5,0,0,5.5,49307.89
1986-06-13,89.3,59,76.7,0,0,10.1,49311.25
1986-06-14,92.8,61.7,79.2,0,0,13.7,49471.17
1986-06-15,93.3,61.4,79.8,0,0,11.9,49473.8
1986-06-16,95.3,58.5,80.2,0,0,12.4,49556.5
1986-06-17,93.9,60.8,80,0,0,7.2,49306.49
1986-06-18,91.1,63.5,80.1,0,0,10.9,49385.5
1986-06-19,91.7,62.1,79.6,0,0,11.7,49550.29
1986-06-20,93,60.9,79.2,0,0,14,49458.15
1986-06-21,92.7,61.4,79.6,0,0,12.1,49623.57
1986-06-22,92.9,65.5,80.4,0,0,8.5,49614.18
1986-06-23,94.6,62.9,81.1,0,0,6,49161.59
1986-06-24,85.9,65.7,76.1,0,0,14,34180.62
1986-06-25,80.1,64.4,72.9,0,0,8,35974.91
1986-06-26,89.5,59.5,77.1,0,0,5.6,49553.6
1986-06-27,95.2,61.6,81.7,0,0,4.9,49533.12
1986-06-28,96.3,66.5,82.5,0,0,15.1,49331.46
1986-06-29,88.3,69.2,80,0,0,13,37949.08
1986-06-30,85,68.5,76.4,0.071,2,14.1,40372.23
1986-07-01,91.6,61.4,78,0,0,8.7,49342.75
1986-07-02,94.3,60.8,81.3,0,0,4,49402.34
1986-07-03,92.3,68.1,82.3,0,0,12.3,48928.24
1986-07-04,90.3,67.1,78.8,0.13,5,17.3,47677.37
1986-07-05,86.5,67.1,76.1,0.028,3,13.9,48547.36
1986-07-06,91,63.6,77.9,0,0,16,49094.56
1986-07-07,84.5,61.5,75.1,0.008,1,16.9,39693.08
1986-07-08,88,59.2,76.2,0,0,9.2,48590.19
1986-07-09,89.9,64.9,78.9,0.012,2,12.1,48984.64
1986-07-10,91.4,61.3,78.8,0,0,16.8,47306.59
1986-07-11,91.6,68.3,80.2,0,0,13.5,48744.22
1986-07-12,94.1,66.9,82.8,0,0,8.5,48450.1
1986-07-13,95.8,66.7,84.1,0,0,9.7,48820.81
1986-07-14,96.6,66.3,84.2,0.004,1,10.3,48324.96
1986-07-15,88.9,71.3,78.6,0.098,5,12.7,38333.56
1986-07-16,82.5,67.1,74.4,0.031,3,14.7,47380.75
1986-07-17,85.7,62.4,75.4,0,0,8.8,48105.09
1986-07-18,88.7,63.3,77.6,0,0,10,47912.32
1986-07-19,88.4,63.7,77.6,0,0,11.1,44470.64
1986-07-20,85.1,63.8,75,0.075,4,7.4,40794.2
1986-07-21,79.2,63.4,70.5,0.098,9,5.5,37166.5
1986-07-22,80.3,63.6,69.9,0.177,10,12.7,38328.47
1986-07-23,79.7,62.4,71,0,0,14.1,47158.82
1986-07-24,84,58.5,72.4,0,0,16,47432.6
1986-07-25,86.4,58.4,74.5,0,0,11.2,47330.39
1986-07-26,89.4,59.6,76.5,0,0,17.9,47186.66
1986-07-27,89.7,61.1,77.5,0,0,12.5,47431.58
1986-07-28,93.2,55.8,77.6,0,0,10,47333.12
1986-07-29,94.9,58.7,80,0,0,12.7,47211.42
1986-07-30,93.7,65.1,82.2,0,0,9.7,47201.28
1986-07-31,96,61.3,81.6,0,0,8.6,47111.15
1986-08-01,96.5,63.4,83.3,0,0,10.9,47033.51
1986-08-02,96.3,62.1,81.6,0,0,9.7,47026.59
1986-08-03,95.9,63.2,82.5,0,0,11.3,46943.94
1986-08-04,93,65.9,81.3,0,0,16.7,46725.75
1986-08-05,90.5,65.9,79.4,0.02,2,11,42467.76
1986-08-06,89.2,64,78.8,0,0,9.7,46599.82
1986-08-07,90.5,65.9,79.7,0,0,11.4,46534.71
1986-08-08,90.1,67.2,79.7,0,0,15.9,46468.27
1986-08-09,91.5,63.6,78.8,0.004,1,12,46402.21
1986-08-10,91.1,66.8,80,0,0,9.4,44770.19
1986-08-11,91.8,63.9,80.2,0,0,11,46261.65
1986-08-12,90.2,66.1,80.2,0,0,12.2,43640.03
1986-08-13,91,64.5,78.5,0.043,2,10.8,44767.33
1986-08-14,87.7,68.2,78.1,0.028,1,11.7,46045.57
1986-08-15,90.3,60.2,78,0,0,4.9,45971.75
1986-08-16,94,62.5,81.2,0,0,6.5,45897.14
1986-08-17,96.6,65.2,83.7,0,0,8,45779.86
1986-08-18,96,67.2,84.1,0,0,4.6,45653.18
1986-08-19,93.8,70.8,82.6,0,0,11.7,42322.59
1986-08-20,92.8,69.5,80.6,0.071,2,13,43409.85
1986-08-21,89.8,66.6,78.7,0.004,1,12,44476.05
1986-08-22,83.7,66.6,76,0.063,2,7.2,44413.78
1986-08-23,84.8,62.7,75.4,0,0,10.9,42854.58
1986-08-24,75.7,65.9,71.6,0.055,4,5.3,28415.44
1986-08-25,83.7,60.9,73.9,0,0,4.6,44734.77
1986-08-26,88.8,62.6,77.5,0,0,8.3,42702.16
1986-08-27,88.7,61.8,77.7,0,0,4.8,44461.08
1986-08-28,81.8,65.7,73.4,0.087,4,10.7,42782.8
1986-08-29,77.4,63.8,69.3,0.307,10,7.4,39994.16
1986-08-30,81.8,58.1,70.5,0.028,1,5,44043.89
1986-08-31,81.2,57.8,70.3,0.004,1,10.1,42446.96
1986-09-01,80.2,58.6,69.8,0.004,1,11.7,40969.41
1986-09-02,76.9,60.5,68.8,0,0,10.6,42344.51
1986-09-03,79.2,58.7,69.3,0,0,3.7,43378.1
1986-09-04,85.4,56.6,72.7,0,0,7.6,43193.41
1986-09-05,88.1,56,74.2,0,0,8,42931.79
1986-09-06,90.6,59.1,77.2,0,0,11.7,42378.32
1986-09-07,88.6,58.8,75.5,0,0,16.2,42176.6
1986-09-08,80.6,63.2,70.4,0.256,9,17.5,42192.67
1986-09-09,77.6,58.6,67.5,0.075,6,22,42134.36
1986-09-10,66,53.5,58.9,0.059,6,10.4,42021
1986-09-11,72,48,60.5,0,0,4,41880.46
1986-09-12,80.1,46.3,64.2,0,0,12.4,41829.53
1986-09-13,81.4,50.7,67.4,0,0,12.6,34587.67
1986-09-14,80.9,53.3,67.9,0,0,15.8,41730.69
1986-09-15,82.1,52.6,68.5,0,0,16.8,41671.92
1986-09-16,79.7,59.8,69.7,0,0,17.7,39611.48
1986-09-17,78.8,53.7,67.3,0,0,15.6,41451.93
1986-09-18,77.3,57.4,66.6,0.016,2,21.3,31866.35
1986-09-19,79.2,50,66.7,0.024,2,20.9,41151.73
1986-09-20,77.9,56.7,67.7,0.004,1,22.2,40317.55
1986-09-21,77.9,59.9,67.9,0,0,17.2,39096.52
1986-09-22,77.6,54.2,65.5,0.043,5,13.4,35446.04
1986-09-23,69.1,57.5,62.6,0.075,8,13.6,26307.92
1986-09-24,57.3,50.5,53.7,0.634,16,20.2,18657.85
1986-09-25,57.8,47.7,51.4,0.169,17,21.7,39158.88
1986-09-26,58.7,43.4,51,0.201,12,14.7,39388.19
1986-09-27,63.4,42.3,52.6,0.008,1,14,31145.14
1986-09-28,57.4,48.3,51.4,0.402,21,7.4,20605.92
1986-09-29,56.3,47.3,50.5,0.217,10,4.9,27518.52
1986-09-30,60.8,40.6,50.9,0.031,3,12.7,32987.17
1986-10-01,66.7,40.3,54.1,0.016,3,11.2,38770.24
1986-10-02,61.7,46,53.4,0.051,5,17,35353.78
1986-10-03,56.3,40.3,48.2,0.114,10,9.2,38203.97
1986-10-04,57.9,41.4,49.4,0,0,4.4,38277.41
1986-10-05,63,42.9,52.1,0,0,6.1,38336.02
1986-10-06,59.6,43.5,52.8,0.087,3,4.5,38145.93
1986-10-07,65,42.3,53.5,0,0,5.4,37887.86
1986-10-08,68.3,41.6,55,0,0,4.7,37784.09
1986-10-09,69.7,42.8,55.8,0,0,4.1,37679.25
1986-10-10,64.9,44,53.4,0.083,4,6.4,28973.18
1986-10-11,48.6,33.1,41.5,0.555,23,17.2,11087.43
1986-10-12,41.4,30.6,35.6,0.012,2,6.3,37060.58
1986-10-13,49.8,27.2,38,0,0,3.1,36929.32
1986-10-14,55.5,29.5,42.4,0,0,3.1,36644.53
1986-10-15,60.3,31.8,45.6,0,0,4,36570.97
1986-10-16,64.6,34.6,48.9,0,0,4.1,36368.85
1986-10-17,64.8,36.9,50.6,0.02,2,6.6,36040.14
1986-10-18,67.7,41,53.3,0.051,4,12.3,36038.09
1986-10-19,58.7,40.5,49,0.165,8,9.8,23370.72
1986-10-20,57.4,37.2,45.9,0.075,8,4.8,36000
1986-10-21,54.2,37.9,45.7,0.102,8,7.3,33020.58
1986-10-22,57,34.7,45.8,0,0,4.3,35926.42
1986-10-23,57.8,37.3,47.4,0,0,4.8,35854.12
1986-10-24,60,40.2,49.1,0,0,4.5,35787.57
1986-10-25,61.3,44.2,51.5,0,0,4,35720.53
1986-10-26,63.2,41.7,52.2,0,0,3.4,35578.31
1986-10-27,66.2,38.6,51.3,0,0,5.2,33905.52
1986-10-28,65.8,36.6,50.8,0,0,4.7,35284.14
1986-10-29,67.9,41.6,52.7,0,0,5.5,32089.9
1986-10-30,69.6,42,55,0,0,17.1,34993.06
1986-10-31,47.8,38,40.9,0.535,18,8.4,0
1986-11-01,46.1,37.5,40.9,0.24,14,11.6,14903.51
1986-11-02,50.9,35.5,42.1,0,0,5,34564.83
1986-11-03,50.5,29.1,39,0,0,10.6,34424.96
1986-11-04,52.4,32.1,42.4,0,0,4.1,34286.79
1986-11-05,54,29.9,41.8,0,0,3.8,34150.51
1986-11-06,52.9,33.9,39.6,0.114,6,14.7,25053.17
1986-11-07,41.2,28.2,33.8,0,0,11.5,33884.28
1986-11-08,39.4,27,33.6,0,0,18.3,33754.01
1986-11-09,43.3,23.4,33.1,0,0,5.7,33624.41
1986-11-10,43.8,28.4,34.6,0,0,9.1,33495.58
1986-11-11,47.6,24.5,35.4,0,0,5.3,33367.68
1986-11-12,49.7,27.9,37.8,0,0,4.2,33240.83
1986-11-13,51.4,26.2,38,0,0,4.2,33115.22
1986-11-14,55.7,27.7,40.2,0,0,6.5,32990.98
1986-11-15,56.9,32.4,43.3,0,0,9.5,32868.29
1986-11-16,57.6,30.4,44.1,0,0,9.5,32747.3
1986-11-17,60.6,36.1,46.8,0,0,12.4,32628.2
1986-11-18,55.1,32.6,44,0.161,7,4.9,21642.31
1986-11-19,56.7,41.6,47.6,0.016,2,12.6,30665.38
1986-11-20,53.3,35.9,44.5,0,0,3.6,32283.85
1986-11-21,58,29.5,42.9,0.059,4,8.1,30230.79
1986-11-22,45,33.4,39,0.008,1,8.9,31960.31
1986-11-23,45.5,29.5,35.6,0,0,5.4,31962.8
1986-11-24,47,27.2,36.2,0,0,3.2,31824.07
1986-11-25,48.9,26.4,36.8,0.051,7,10.2,29672.29
1986-11-26,46.4,32.6,39.3,0,0,4,31228.26
1986-11-27,49.3,26.3,37.1,0,0,4.3,30643.85
1986-11-28,51.8,25.7,37.7,0,0,3.4,31221.16
1986-11-29,55,29.8,40,0.028,3,11.1,16103.85
1986-11-30,46.5,31.7,38.1,0.028,6,9.8,30194.5
1986-12-01,44.3,28.1,36.1,0,0,2.3,30933.79
1986-12-02,47.7,23.6,35,0,0,3.8,30828.76
1986-12-03,48.9,24.2,36.5,0,0,3.1,29381.12
1986-12-04,49.7,26.3,37.8,0,0,3.2,29431.63
1986-12-05,54.7,32.5,41.4,0,0,4.7,30119.29
1986-12-06,43.4,35.1,39.3,0.598,21,6.7,0
1986-12-07,40.3,32.8,36.2,0.24,16,5.3,5138.44
1986-12-08,41.3,28.8,34.8,0,0,6.8,29611.33
1986-12-09,32.3,19.2,27.4,0.055,9,8.2,29830.38
1986-12-10,28.5,14.6,21.1,0,0,6.1,30480.9
1986-12-11,33.7,17.1,24.1,0,0,2.8,30453.99
1986-12-12,38.3,16.9,26.5,0,0,3.1,29343.31
1986-12-13,38.2,17.9,27.9,0,0,3.7,26026.73
1986-12-14,41.8,19.9,30.7,0,0,3,29096.12
1986-12-15,43.1,23.1,32.5,0,0,3,19343.79
1986-12-16,44.3,24.3,33.5,0,0,3.8,30466.07
1986-12-17,43.8,28.7,34.9,0,0,5.8,28745.61
1986-12-18,38.9,28.4,33,0,0,3.2,17964.67
1986-12-19,40.1,28.4,33.4,0.039,6,3.5,28164.7
1986-12-20,41.5,26.8,33,0,0,3.7,28934.43
1986-12-21,41.2,28.1,32.7,0,0,5.4,30411.27
1986-12-22,43,25.3,32.6,0,0,5.1,30413.03
1986-12-23,39.2,21.9,31.3,0,0,3,21468.75
1986-12-24,40.8,27.6,33.2,0,0,3,30428.91
1986-12-25,38.5,22.9,30,0,0,3.4,30442.93
1986-12-26,39.6,19.6,29.9,0,0,2.9,30460.98
1986-12-27,39.1,23.2,30.9,0,0,2.7,30483
1986-12-28,41.7,25.5,32,0,0,4.4,30508.95
1986-12-29,42.5,19.9,31,0,0,2.9,30538.77
1986-12-30,42.8,21.6,31.8,0,0,3.6,30572.43
1986-12-31,40.8,19.9,30.8,0,0,3.5,30609.87
1987-01-01,42.5,26.1,33.2,0.028,3,2.9,30651.03
1987-01-02,42.6,26.2,32.9,0.031,4,15.5,30695.86
1987-01-03,45.2,19.4,31,0,0,4.3,25750.39
1987-01-04,51.5,23.9,35.7,0,0,6,29225.88
1987-01-05,44.7,34.4,38.4,0.071,7,20.5,14608.86
1987-01-06,41.1,27.9,34.1,0.004,1,11.2,29870.41
1987-01-07,37.7,27.4,31.4,0.169,15,5,17407.98
1987-01-08,34.9,24.5,28.7,0.016,3,5.2,24903.82
1987-01-09,33.9,18,25.6,0,0,3.6,31112.6
1987-01-10,37.5,15,25.3,0,0,4.1,31188.04
1987-01-11,41.2,16.9,28.1,0,0,4,31267.3
1987-01-12,42.8,19.2,30.5,0,0,3.4,31350.2
1987-01-13,40.7,17.4,29.3,0,0,3,31436.55
1987-01-14,34.2,19.8,27.1,0,0,4.3,31526.21
1987-01-15,36.4,17.2,25.8,0.039,4,8.8,31439.13
1987-01-16,27.2,13.5,21.5,0.232,19,9.8,24288.39
1987-01-17,25.4,5.8,16.1,0.004,1,12.9,31813.29
1987-01-18,29,5.7,19.7,0,0,5.2,31914.46
1987-01-19,27.4,16.4,21.6,0.024,6,10,14165.07
1987-01-20,26.6,13.4,18.4,0,0,9.1,32124.11
1987-01-21,29.9,8.7,18.6,0,0,5.2,32232.26
1987-01-22,34.4,10.5,23.4,0,0,4.3,32342.43
1987-01-23,37.4,17.2,27.5,0,0,2.9,19969.43
1987-01-24,39.8,23.3,30.2,0,0,6.5,32406.39
1987-01-25,45.7,19.1,31.3,0,0,7.2,32429.1
1987-01-26,48.4,21.3,33.4,0,0,4,32470.4
1987-01-27,48.9,20.4,33.7,0,0,3.3,32407.15
1987-01-28,51.5,31.3,38.9,0.22,8,23.1,25200
1987-01-29,43.6,23.7,34.1,0,0,4.2,27441.88
1987-01-30,48.1,26.8,36.5,0,0,4,27324.8
1987-01-31,49.2,34.1,39.8,0,0,10.3,32097.39
1987-02-01,48.9,27.1,37.8,0,0,3.5,32894.13
1987-02-02,51.2,23.9,36.5,0,0,3.4,32491.72
1987-02-03,51.8,29.2,39.5,0.004,1,4,14120.16
1987-02-04,47.8,30.6,39.8,0.035,5,9.9,33242.5
1987-02-05,48.4,26.8,35.7,0,0,6.6,33828.48
1987-02-06,50.9,26.8,37.5,0,0,6.5,33995.19
1987-02-07,50,27,38,0,0,2.9,33010.37
1987-02-08,51.2,29.5,39.4,0,0,3,29055.43
1987-02-09,52.3,26.9,39.7,0,0,3.4,34193.5
1987-02-10,53,28.7,39.8,0.016,2,4.8,31890.24
1987-02-11,53.5,30.7,41.6,0,0,4.8,34569.26
1987-02-12,46.7,31.9,39.5,0.154,12,3.4,29639.24
1987-02-13,50.4,32,40.6,0.13,8,6,17868.86
1987-02-14,43.4,31.3,39,0.154,7,15.5,16855.83
1987-02-15,41.4,28.5,34.8,0,0,3.6,26168.87
1987-02-16,42.7,31.4,35.8,0.016,3,9.9,24619.81
1987-02-17,42.1,28.4,33.8,0.079,6,5.1,35823.34
1987-02-18,41.2,25.9,32.3,0,0,6.9,35971.53
1987-02-19,39.6,22.5,30.7,0.016,2,14.2,28567.46
1987-02-20,41.6,26.3,32.9,0.028,5,5.9,34708.48
1987-02-21,41.4,23,32.4,0,0,3.3,36423.33
1987-02-22,47,21.4,34.2,0,0,12.8,36575.88
1987-02-23,43.4,27.2,34.9,0.008,1,15.3,36729.14
1987-02-24,38.3,29.7,33.8,0.299,16,11.9,0
1987-02-25,40,26.4,32.7,0.028,7,9.6,27553.53
1987-02-26,35.3,26.8,30.6,0.063,9,7.4,11780.33
1987-02-27,35.8,26.3,30.5,0.272,13,7.1,28025.79
1987-02-28,36.2,22.1,29.5,0,0,2.7,37501.92
1987-03-01,45.4,23.4,33.6,0,0,3.4,37656.88
1987-03-02,48.6,25.4,37.1,0,0,3.4,37811.69
1987-03-03,53.4,24.8,39.7,0,0,4,37966.23
1987-03-04,57.1,25.9,41.4,0,0,4.7,38120.38
1987-03-05,60.8,26,42.4,0,0,5.2,38274.03
1987-03-06,62.4,27.7,45.5,0,0,4.9,38427.09
1987-03-07,62.4,30.6,47.7,0,0,5.3,38579.41
1987-03-08,53.5,35.8,44.6,0.173,11,5.8,33685.81
1987-03-09,48,33.7,39.6,0.276,16,6.9,24727.28
1987-03-10,51.9,28.1,40.6,0,0,4,39036.98
1987-03-11,57.7,28.4,42.9,0,0,14.6,39190.69
1987-03-12,56.2,31.4,44.2,0,0,5.1,39344.85
1987-03-13,62.1,30.8,45.8,0.012,2,20.9,39449.62
1987-03-14,54.2,36.1,44.6,0,0,6.8,39510.09
1987-03-15,51.2,35.8,42.2,0.102,12,15.1,2926.38
1987-03-16,44.3,33.4,38.1,0.035,6,9.6,28384.63
1987-03-17,49.6,31.9,40.1,0.035,5,9.1,39600
1987-03-18,58,29.3,44.6,0.008,1,18.5,39737.13
1987-03-19,52.7,38.8,45.4,0.126,13,22.9,33026.3
1987-03-20,44.3,31.5,37.3,0.079,5,16.2,36033.07
1987-03-21,49.2,28.7,38,0.008,1,11,34079.04
1987-03-22,41.6,29.7,35.3,0.217,17,10.3,15674.48
1987-03-23,44.3,24.8,34.8,0,0,6.7,37983.6
1987-03-24,45.4,26.4,35.4,0,0,14.9,40466.65
1987-03-25,44.2,24.5,33.3,0,0,12.8,40968.76
1987-03-26,50.8,25.8,38,0.008,1,9.2,41136.67
1987-03-27,41.9,28,35,0.016,2,16.6,38735.41
1987-03-28,41.8,25.3,32.7,0,0,9.2,39618.42
1987-03-29,35.2,20.9,28.3,0,0,15.6,41506.58
1987-03-30,44.7,20,32.3,0,0,3.3,41837.93
1987-03-31,55.8,24.7,41.6,0,0,3.5,42028.56
1987-04-01,61.5,27.2,46.9,0,0,3.9,42144.77
1987-04-02,56.2,30.9,44.4,0,0,15.8,42509.19
1987-04-03,65.2,26.6,47.3,0.012,2,9.9,41607.91
1987-04-04,54.2,39.9,47,0.295,13,9.6,20214.72
1987-04-05,52.4,34.4,44.3,0.028,3,7.4,41617.42
1987-04-06,56.5,32.6,46.1,0.004,1,4.9,42414.28
1987-04-07,57.2,33.7,46.6,0,0,5.6,42906.59
1987-04-08,61,32.2,47.9,0,0,9,42811.15
1987-04-09,61.9,44.6,52.3,0,0,15.7,43553.56
1987-04-10,64.1,41.8,52.7,0,0,9,42902.95
1987-04-11,65.9,38.2,53.2,0.024,4,14.3,23212.64
1987-04-12,49.5,37.2,44.6,0.098,8,15.1,40297.62
1987-04-13,55.7,35.7,44.9,0,0,6.3,44123.43
1987-04-14,65,29.2,49.1,0,0,5.5,44263.03
1987-04-15,74.3,34.4,57.4,0,0,9.2,44401.29
1987-04-16,76.3,48.2,63.9,0,0,8.1,44538.1
1987-04-17,80.1,40.9,63.2,0,0,8.5,44673.67
1987-04-18,79.4,45.6,64.4,0,0,23.5,43669.59
1987-04-19,61.1,39.6,53.1,0,0,24.4,44943.84
1987-04-20,57,34.4,45.4,0,0,12.3,45078.35
1987-04-21,66.3,32.7,50.7,0,0,9.9,45212.35
1987-04-22,72.9,35.6,57.7,0,0,4,45312.98
1987-04-23,78.8,40.3,63,0,0,5.8,45367.73
1987-04-24,81.4,42.5,64.9,0,0,7.3,45422.45
1987-04-25,77.7,47.1,64.8,0,0,7.9,45477.09
1987-04-26,79.6,46.2,65.1,0.004,1,9.9,44876.64
1987-04-27,80.1,48.8,66.7,0,0,9.2,43445.22
1987-04-28,78.4,49,65.8,0,0,6.2,45679.96
1987-04-29,79.9,47.4,66.7,0,0,5.4,45785.54
1987-04-30,77,49.1,65.3,0.016,2,16.7,44704.55
1987-05-01,74.2,49.6,63.9,0,0,16.4,45897
1987-05-02,61.4,46.1,54.2,0.224,10,15.8,44571.16
1987-05-03,67.5,42.1,54.6,0,0,14.4,46220.35
1987-05-04,71.3,43.3,58.5,0,0,12,46360.72
1987-05-05,75.3,47.7,62.8,0,0,13.3,46425.95
1987-05-06,75.8,47.3,64,0,0,7.9,46574.14
1987-05-07,77.9,47.8,65,0,0,7.1,46727.9
1987-05-08,80.4,48.9,67.2,0,0,6.2,46887.16
1987-05-09,81.2,49.6,68.2,0,0,6.7,46956.14
1987-05-10,81.8,51.4,69.2,0,0,10.3,47220.55
1987-05-11,81.2,52.8,69.4,0,0,12.5,47292.42
1987-05-12,81.6,53,69.1,0,0,12.5,47362.59
1987-05-13,79.8,53.3,68.7,0,0,7.4,46078.28
1987-05-14,82.9,55.4,70.5,0,0,10,41743.82
1987-05-15,80,56.5,67.9,0.11,4,13.6,37780.15
1987-05-16,76.6,56.5,67,0.02,3,11.5,47626.95
1987-05-17,78.4,54,67.4,0,0,16.1,48156.03
1987-05-18,78.8,53,66.9,0.008,1,14.4,47507.39
1987-05-19,77.7,50.7,66,0.004,1,11.4,48171.61
1987-05-20,72.1,54.1,64.2,0.008,1,15.6,48528.58
1987-05-21,68.3,52.6,60.9,0,0,13.7,48272.17
1987-05-22,72.2,46.2,60.7,0.012,1,10.5,48632.2
1987-05-23,71.9,50.6,61.7,0.13,8,10.4,45070
1987-05-24,70.9,50.4,60.5,0.035,5,8.1,48706.06
1987-05-25,75.2,47,61.9,0.02,3,21.8,46375.22
1987-05-26,62.4,46.1,55.2,0.173,9,16.2,47667.21
1987-05-27,66.4,45.1,57.2,0,0,14.2,48803.31
1987-05-28,68.8,45,57.6,0.063,3,10.1,48646.43
1987-05-29,70.6,46.8,60.1,0.039,3,12.1,48858.89
1987-05-30,75.4,45.2,62.6,0,0,8.1,48883.96
1987-05-31,84.7,47.5,69.7,0,0,16.6,48907.23
1987-06-01,80.1,61.6,70.4,0,0,13.7,48971.14
1987-06-02,82.4,54.5,68.8,0,0,11.2,49042.11
1987-06-03,84.8,53.5,71.7,0,0,8.3,49062.59
1987-06-04,88.5,51.5,73.5,0,0,7.9,48982.88
1987-06-05,87.5,56.8,75.7,0,0,7.6,46308.21
1987-06-06,89.3,62.5,77.6,0,0,9.7,46800
1987-06-07,82.5,64.1,74,0.008,2,8.1,41186.32
1987-06-08,81.2,59.4,72.7,0,0,5.4,37369.14
1987-06-09,83.6,61,73.7,0,0,14.9,48261.38
1987-06-10,86.4,57,74.3,0,0,12.9,49291.68
1987-06-11,89.6,59,76.7,0,0,9.6,49300.22
1987-06-12,91.2,57.8,77.9,0,0,7.9,49306.79
1987-06-13,92.2,62.6,79.6,0,0,7.9,49388.79
1987-06-14,93.7,59.1,80.1,0,0,6.3,49393.11
1987-06-15,93.1,63.3,79.1,0.091,2,20.9,47294.31
1987-06-16,87.6,61.9,76.6,0,0,14.1,49477.52
1987-06-17,89.2,54.5,75.3,0,0,15.3,49559.64
1987-06-18,89.3,55.4,75.8,0,0,15.8,49557.75
1987-06-19,89.3,55.1,76.1,0,0,8.9,49553.5
1987-06-20,91.1,57,77.5,0,0,9.6,49546.96
1987-06-21,90.8,62.7,78.9,0,0,7.6,49624.88
1987-06-22,88.7,58.4,76.5,0,0,13.4,49614.74
1987-06-23,88.3,62.8,76.6,0,0,10.6,49426.32
1987-06-24,92,65,80.2,0,0,9.9,49588.09
1987-06-25,92,68.2,80.8,0,0,10.5,48946.85
1987-06-26,91,68.5,80.8,0,0,5.1,48607.35
1987-06-27,94.4,64.6,82,0,0,11.4,49443.67
1987-06-28,92,70.1,81.4,0,0,14.8,46196.75
1987-06-29,80.6,67,74.3,0.039,2,8.7,46362.09
1987-06-30,88.3,60.2,75.9,0,0,10.8,48834.8
1987-07-01,94.3,61.3,80.1,0,0,12.3,49615.09
1987-07-02,93.7,58.5,79.9,0,0,12.5,49496.82
1987-07-03,93.7,58.7,79.6,0,0,13.3,49466.59
1987-07-04,91.6,59.8,78.9,0,0,11.9,49434.83
1987-07-05,93.9,57.2,79,0,0,13.5,49401.56
1987-07-06,93.3,60.8,79.9,0,0,12.2,48667.22
1987-07-07,91,66.4,79.6,0,0,9.4,48912.74
1987-07-08,96.4,61.8,82,0,0,16,49290.7
1987-07-09,93.3,65.9,82.4,0,0,17.4,49165.63
1987-07-10,92.5,67.7,82.1,0,0,20.7,46457.18
1987-07-11,85.7,68,77.5,0,0,17.7,45222.86
1987-07-12,79.4,60,70.1,0.106,3,10,48499.84
1987-07-13,86.4,58.1,73.8,0,0,8,48907.66
1987-07-14,91.1,66.1,79.7,0,0,6.3,48783.59
1987-07-15,93.8,64.2,81.3,0,0,7.7,48735.9
1987-07-16,94.9,62,80.8,0,0,16,48298.5
1987-07-17,82,65.6,74.1,0.055,2,17.3,46798.51
1987-07-18,83,62.3,73,0,0,20.4,48448.48
1987-07-19,88.7,57,75.5,0,0,16.3,48410.49
1987-07-20,88,56.9,73.7,0.004,1,9.4,30946.24
1987-07-21,90.7,64.2,77.6,0.15,8,17.2,42242.33
1987-07-22,92.6,64,79.4,0,0,17.5,47707.34
1987-07-23,95.5,59.5,80.7,0,0,11.7,47880.13
1987-07-24,98.3,59,82.3,0,0,11,47662.18
1987-07-25,80.2,67.7,74.3,0.472,6,10.1,27330.26
1987-07-26,83.4,64.5,74.5,0.012,1,3.6,47235.07
1987-07-27,86.5,65.2,75.7,0.02,3,7.2,46802.92
1987-07-28,84.8,65,75.2,0.012,2,8.5,44551.39
1987-07-29,78.1,66.3,71.7,0.299,14,7.2,35177.35
1987-07-30,78.3,63.7,71.9,0.024,3,4.8,28456.43
1987-07-31,78.4,63.8,70.5,0.567,8,6.3,43791.71
1987-08-01,83.3,60.3,71.9,0,0,7.4,46965.99
1987-08-02,86.9,60.2,74.4,0,0,5.7,46962.66
1987-08-03,88.1,60.2,74.7,0,0,8.4,46956.19
1987-08-04,89.3,61,76,0,0,6.3,46773.89
1987-08-05,91.1,59.7,76.6,0,0,11.7,46713.8
1987-08-06,89.5,62.7,76.1,0.118,5,9.2,42673.94
1987-08-07,81.2,65.2,71.4,0.445,9,8.9,36000
1987-08-08,79.2,59.4,70.1,0,0,4.7,43586.25
1987-08-09,81.8,58.6,71.3,0,0,5.3,46415.4
1987-08-10,84.7,58.9,72.7,0,0,9.5,46347.78
1987-08-11,87.3,59.7,75.2,0,0,11.8,45751.93
1987-08-12,86.5,65.4,75.6,0.004,1,15.4,44445.63
1987-08-13,87.3,59.7,74.4,0.012,2,15.1,46139.38
1987-08-14,86.9,58.7,74.2,0,0,20.4,46068.25
1987-08-15,83.3,64.2,74.4,0,0,18.7,45995.8
1987-08-16,86.9,59.4,74.9,0,0,9.8,45921.72
1987-08-17,90.6,55.5,76,0,0,10.3,45817.79
1987-08-18,90.2,62.3,77.2,0,0,6.2,45690.28
1987-08-19,94,56,77.8,0,0,8.1,44758.39
1987-08-20,93.2,58.8,77.6,0.008,1,13,45417.21
1987-08-21,87.7,63.6,76.9,0,0,11.1,45057.69
1987-08-22,81.7,63.3,73.5,0.02,3,7.4,42059.34
1987-08-23,74.7,64.7,69,0.394,16,3.1,37273.37
1987-08-24,73.5,61.4,66,0.909,20,7.4,35292.76
1987-08-25,73.6,54.9,63.1,0.429,6,8.8,38918.14
1987-08-26,72.7,54.7,63.3,0,0,5.8,44625.82
1987-08-27,74.4,55.2,64.7,0,0,6.1,44488.72
1987-08-28,78.1,50.9,65.6,0,0,6.5,43773.64
1987-08-29,79.3,50.8,66.3,0,0,4.9,44212.87
1987-08-30,83.6,52.4,69.1,0,0,5.8,44074.3
1987-08-31,85.3,55.3,71.2,0,0,3.8,43935.43
1987-09-01,87.1,55.8,72.5,0,0,5.6,43682.41
1987-09-02,87.5,54.7,72.1,0.028,2,9.3,42599
1987-09-03,85.7,56,72.2,0.008,1,13.9,42304.95
1987-09-04,79.2,55.9,68.2,0.02,2,9.9,43128.71
1987-09-05,80.2,52.9,67.8,0,0,6.1,42532.07
1987-09-06,80.9,57.3,70.4,0,0,7.2,42313.19
1987-09-07,79.6,54.9,69,0,0,7.8,42114.54
1987-09-08,81,52.5,68.6,0,0,7.8,42341.06
1987-09-09,83.5,54.1,70.7,0,0,10.1,41996.9
1987-09-10,82.3,61.8,71.8,0,0,5.7,42034.87
1987-09-11,83.8,54,70.9,0,0,8.7,41977.91
1987-09-12,84.7,51.5,70.2,0,0,7,41841.68
1987-09-13,72.8,56.3,62.3,0.169,6,12.9,23595.89
1987-09-14,67.9,51.4,59.5,0,0,6.2,41737.53
1987-09-15,74,50.2,62.5,0,0,4.9,41685.21
1987-09-16,79,49.2,64.8,0,0,13.4,38135.53
1987-09-17,76,53.7,65.8,0,0,9,41482.75
1987-09-18,77,54.5,66.3,0,0,8.9,41333.68
1987-09-19,78.1,56.9,67.8,0,0,4.2,41184.63
1987-09-20,80.2,57.6,68.9,0,0,5.9,41035.68
1987-09-21,81.4,55.2,68.2,0,0,8.2,40886.92
1987-09-22,81.1,48.8,67.6,0,0,5.4,40738.43
1987-09-23,83,56,70.9,0,0,4.7,40590.32
1987-09-24,83,56,71.1,0,0,6.4,37604.78
1987-09-25,81.3,62.2,71.2,0,0,6.5,38742.33
1987-09-26,80.8,51.8,68,0,0,8.7,40142.23
1987-09-27,78.8,58.1,68.4,0,0,10,39954.49
1987-09-28,74.7,54.2,64.5,0,0,4.3,39839.66
1987-09-29,77.6,52.8,65.3,0,0,4.5,39687.51
1987-09-30,79,50.2,66.4,0,0,6.4,39534.9
1987-10-01,80.3,48.1,66.3,0,0,5.4,39363.49
1987-10-02,81.6,53.8,68.7,0,0,5.4,39145.71
1987-10-03,82.1,47,67,0,0,7.4,38932.41
1987-10-04,81.4,54.6,69.4,0,0,5.4,38723.89
1987-10-05,78.7,57.8,68.1,0,0,4.1,38356.24
1987-10-06,78.8,53.5,67,0,0,3.1,38244.17
1987-10-07,80.5,47.3,65.6,0,0,7.7,38056.07
1987-10-08,78.3,48.5,65.3,0,0,9.9,37122.46
1987-10-09,78.9,53,66,0,0,8.3,37633.12
1987-10-10,78.2,48.8,65.3,0,0,8.1,36450.36
1987-10-11,77.6,48.8,65,0,0,4.9,36883.5
1987-10-12,78.9,52.5,64.3,0.079,5,14.8,34137.26
1987-10-13,60.3,51.5,57.1,0.807,23,10.6,7365.61
1987-10-14,55.6,46.3,51.4,0.169,19,6.3,33853.16
1987-10-15,61.7,47,53.7,0,0,7.8,36467.59
1987-10-16,62,44.3,53.2,0,0,3.6,36445.09
1987-10-17,63.9,38,51.9,0,0,5.2,36290.98
1987-10-18,64.8,45.1,55.4,0,0,6.1,36150.66
1987-10-19,62.6,47.7,54.9,0,0,4.9,36139.85
1987-10-20,62.7,44.3,52.4,0,0,4.5,36126.04
1987-10-21,64.2,34.9,50.3,0,0,3,36000
1987-10-22,66.2,39.1,52.6,0,0,3.1,35940.76
1987-10-23,61,44.9,51.5,0.248,15,4.4,33487.25
1987-10-24,59.6,44.6,51.4,0.311,12,5.6,15117.99
1987-10-25,59.2,47.4,52.5,0.031,2,7.5,35735.59
1987-10-26,61,40.8,51.1,0,0,3.8,35606.31
1987-10-27,63.9,43.4,53,0,0,3.7,35459.19
1987-10-28,62.5,42.7,52.6,0,0,5,29263.03
1987-10-29,60.5,41.8,51.9,0.122,7,6.1,21142.25
1987-10-30,56.7,45.5,51.8,0.48,11,10.1,33701
1987-10-31,59.4,38.1,49.6,0.035,2,4.5,34804.83
1987-11-01,61.4,48,53.5,0.276,13,11.8,29444.42
1987-11-02,56.9,43,50.3,0.028,3,9.9,33075.12
1987-11-03,59.7,41.5,50.6,0,0,4.1,34467.94
1987-11-04,60.9,44.3,51.6,0,0,4.1,34331.32
1987-11-05,62.2,37.8,50.2,0.22,10,6.5,31939.17
1987-11-06,53.2,43.5,48.4,0.516,8,11.3,34059.49
1987-11-07,50.9,40.6,45.1,0.051,6,6.8,31661.14
1987-11-08,55.2,38.8,46.7,0,0,7.8,33790.45
1987-11-09,56.2,34.4,45.5,0,0,3.5,33657.36
1987-11-10,54.7,33,43.9,0.004,1,8.2,32066.3
1987-11-11,52,35.2,43.3,0,0,4.7,33394.82
1987-11-12,53.2,29.9,42,0,0,3.3,30307.2
1987-11-13,56,30.9,44,0.035,3,8.1,30993.31
1987-11-14,48.5,34,42.1,0.638,20,12,9735.48
1987-11-15,40.7,28.9,35,0.059,5,15.6,31305.61
1987-11-16,40.3,20.3,29.9,0,0,6.4,31996.07
1987-11-17,42.8,24,31.3,0.008,1,12.9,32648.58
1987-11-18,40.6,17.3,28.3,0,0,3.8,32532.1
1987-11-19,42.5,19.4,30.1,0,0,3.1,32418.38
1987-11-20,46.1,22.7,32.6,0,0,2.9,32307.6
1987-11-21,46,24.2,34,0.004,1,5.6,32155.66
1987-11-22,46.2,24.9,34.7,0,0,3.9,31977.4
1987-11-23,45.5,26.9,35.6,0,0,5.9,31701.51
1987-11-24,41.8,26.8,33.9,0,0,6.3,31895.32
1987-11-25,43.8,25.2,33.1,0.055,6,5.8,20619.29
1987-11-26,37.4,30,33.1,0.146,12,11.2,17332.19
1987-11-27,37.1,19.4,28.7,0,0,4.4,31378.13
1987-11-28,37.3,18.3,28,0,0,3.4,28950.84
1987-11-29,40.3,24.1,31.4,0,0,3.4,30091.96
1987-11-30,41.1,22,30.3,0,0,3.6,30985.69
1987-12-01,41.9,20.4,30.2,0,0,4.1,30087.73
1987-12-02,46.7,24.4,33.6,0,0,3.6,30770.81
1987-12-03,49.6,25.8,36.2,0,0,3,30741.2
1987-12-04,50.6,27,37.6,0,0,3.1,23916
1987-12-05,49.1,33,39.9,0.146,9,4.3,26583.29
1987-12-06,51.3,30.1,38.7,0,0,5.4,30464.7
1987-12-07,51.5,30.7,38.5,0.118,4,15.1,30282.85
1987-12-08,40.6,26.7,32.3,0,0,6.2,30492.41
1987-12-09,43.7,25.7,33.9,0,0,2.9,30410.82
1987-12-10,51.1,25.3,37.3,0,0,5.2,30448.69
1987-12-11,44.9,24.7,38.2,0,0,9.1,30416.65
1987-12-12,33.4,21.8,26.2,0,0,12.4,29473.34
1987-12-13,27.9,22.1,24.6,0.063,11,18.7,153.18
1987-12-14,26.8,18,22.1,0,0,8.5,30443.37
1987-12-15,29.5,15.5,22.1,0,0,4.7,30457.76
1987-12-16,33.5,19.7,26.4,0.051,6,3.6,18974.53
1987-12-17,36.2,24.9,30.3,0.059,5,3.5,16753.61
1987-12-18,34.8,30.2,32.2,0.11,7,5.3,22662.58
1987-12-19,34.6,27.5,31.1,0.008,2,6.2,8810.63
1987-12-20,33.4,23.9,29,0,0,5.4,30420.82
1987-12-21,39.4,25.9,30.7,0,0,5.9,28932.45
1987-12-22,42.9,24.4,33,0.031,3,8.1,14238.49
1987-12-23,38,17.4,29.9,0.154,8,15.9,20444.21
1987-12-24,28.6,15.7,21.8,0,0,8.1,30314.86
1987-12-25,24.8,8.5,16.2,0,0,15.6,27203.95
1987-12-26,25.4,16.8,21.3,0.008,2,5.1,28757.23
1987-12-27,32.5,16.1,24.2,0,0,6.1,30475.4
1987-12-28,36.6,17.3,25.9,0,0,3.3,30499.08
1987-12-29,40.2,14.6,27.1,0.031,4,5.7,30526.71
1987-12-30,32.1,21.9,26.8,0.193,12,13.5,20278.4
1987-12-31,31.5,15.6,23.9,0,0,4.3,30593.72
1988-01-01,30.8,14.2,21.3,0,0,3.4,30633.08
1988-01-02,30.5,10.4,20.7,0,0,3.8,30676.84
1988-01-03,32.5,9.8,21.4,0,0,2.9,29547.26
1988-01-04,31.9,21.6,27,0.051,5,2.1,11172.45
1988-01-05,33,24.5,29.2,0.398,18,2.4,1041.59
1988-01-06,32.6,26.6,30.1,0.067,8,4.4,30354
1988-01-07,29.5,11.1,22.2,0,0,3.1,30197.52
1988-01-08,29.2,7.9,18.5,0,0,4,28050.57
1988-01-09,29.2,0.5,14.7,0,0,3.6,30680.51
1988-01-10,36.4,7.8,20.7,0,0,3.6,31176.88
1988-01-11,40.5,17.7,26.8,0.067,3,12.3,31129.61
1988-01-12,30.7,3.6,19.7,0,0,8.9,31338.12
1988-01-13,29.7,-2.2,13.2,0,0,4.6,31423.38
1988-01-14,33.5,1.9,18.3,0,0,4,31511.54
1988-01-15,37.2,5.6,22.6,0.067,5,4,12812.3
1988-01-16,33.5,16.6,27.5,0.012,1,6.1,28186.25
1988-01-17,34.4,19.4,28.5,0.276,17,6.8,10578.17
1988-01-18,33.9,26.3,30.1,0.299,20,10.8,12739.48
1988-01-19,25.7,13.2,20.7,0,0,14.5,29452.79
1988-01-20,17.3,-6.5,7.8,0,0,3.4,32093.58
1988-01-21,21.8,0.1,11.7,0,0,6,32198.15
1988-01-22,21.7,0.7,12.5,0,0,4,32305.31
1988-01-23,27.6,2,15.5,0,0,5.1,32386.52
1988-01-24,25.8,2.4,16.6,0,0,4.1,32417.42
1988-01-25,25.3,-2.5,10.9,0,0,3.6,32430.67
1988-01-26,30.8,6.1,18.2,0,0,3.1,32466.09
1988-01-27,33.1,13.1,22.7,0,0,3.1,32400
1988-01-28,34.9,18.5,26.6,0,0,2.7,32400
1988-01-29,39.8,15.9,27.9,0.016,1,3,25604.73
1988-01-30,35.5,26.2,31.8,0.169,13,2.9,32778.27
1988-01-31,36.7,12.8,26.7,0.102,5,3.4,32617.11
1988-02-01,37,26.4,31.4,0.11,9,2.9,32716.03
1988-02-02,34.9,28.2,31.2,0.272,23,3.3,3037.28
1988-02-03,31.7,17.9,28.2,0.079,6,4.9,33270.62
1988-02-04,29.3,9.2,18.5,0,0,3.1,33651.68
1988-02-05,30.7,8.4,18.8,0,0,3.2,33809.49
1988-02-06,34.2,6.1,20.1,0,0,3.6,33974.69
1988-02-07,34.9,10.8,22.8,0,0,3.4,33859.49
1988-02-08,39,12.5,25.5,0,0,3.2,34173
1988-02-09,43.5,12.8,28.7,0,0,3.8,33207.59
1988-02-10,40.5,25.1,32.5,0,0,11.2,34616.21
1988-02-11,40.2,20.6,30.5,0,0,3.4,34897.62
1988-02-12,45.3,16.4,30.7,0,0,3.5,35050.81
1988-02-13,46.5,15.3,28.6,0.02,2,16.9,35195.05
1988-02-14,38.7,20.9,29.9,0,0,5.8,35340.89
1988-02-15,45.2,16.4,30.5,0,0,3.6,35488.15
1988-02-16,38.9,19.3,28.7,0,0,14,35636.69
1988-02-17,37.9,19.3,27.9,0,0,6.8,35786.34
1988-02-18,36.2,16.8,26.3,0,0,8.3,20812.88
1988-02-19,42,20.3,31.3,0,0,7,35711.37
1988-02-20,44.7,22.4,34.6,0,0,3.4,36240.55
1988-02-21,46,23.5,34.1,0,0,5.6,36393.23
1988-02-22,49.7,20.3,35.3,0,0,8.3,36546.31
1988-02-23,48.1,23.8,35.8,0,0,3.9,36699.65
1988-02-24,49.7,22.2,35.7,0,0,3.2,36853.14
1988-02-25,51.5,24.9,38.2,0,0,3.5,37006.64
1988-02-26,53.3,26.7,39.7,0,0,3.3,37160.02
1988-02-27,54.6,30.7,41.3,0.079,8,7.6,29427.13
1988-02-28,55,33.3,43.4,0.031,3,4.6,32892.18
1988-02-29,57.9,31.3,43.7,0.063,6,4.5,36012.94
1988-03-01,54.7,32.1,43,0.043,6,6.8,37770.02
1988-03-02,48.4,33.5,40.3,0,0,5.1,37921.46
1988-03-03,49.5,32.1,40.3,0.004,1,5.4,38073.73
1988-03-04,52.6,34.1,42.6,0,0,12.9,38226.82
1988-03-05,49.8,31.3,40.6,0,0,3.8,37617.98
1988-03-06,57.4,26.5,42.5,0.079,6,11.9,31684.76
1988-03-07,41.7,28.2,36.1,0.051,5,13.6,38689.84
1988-03-08,44.3,24.2,34.2,0,0,5.3,38845.04
1988-03-09,57.8,24.4,40.5,0.047,5,11.2,39000.51
1988-03-10,37.2,27.6,32.4,0.315,23,19.3,3199.39
1988-03-11,34.1,21.8,27.9,0.02,3,12.2,34956.16
1988-03-12,35.6,20.1,28.3,0.008,1,9.6,39434.03
1988-03-13,37.4,19,27.4,0,0,7.5,39494.68
1988-03-14,39.4,16.4,28.3,0,0,3.7,39100.21
1988-03-15,49.7,23.6,36.3,0.024,4,5.7,39635.65
1988-03-16,40.6,25.4,32.7,0.146,17,12.8,20688.94
1988-03-17,38.9,21.8,29.1,0,0,10.8,39740.76
1988-03-18,44.7,22,33.2,0,0,3.8,39884.66
1988-03-19,52.5,24.5,39.1,0,0,4.5,39973.82
1988-03-20,59.6,26.5,43.6,0,0,3.4,40139.34
1988-03-21,67.3,27.8,48.1,0,0,10.8,40211.24
1988-03-22,59.3,43.9,50.9,0,0,13,38857.59
1988-03-23,65.3,29.8,49.2,0,0,13.7,40447.39
1988-03-24,49.8,32.5,42.7,0,0,19.8,40994.52
1988-03-25,61.9,29,46.5,0,0,15.1,41102.88
1988-03-26,64.1,35.5,50.9,0,0,4.7,41270.08
1988-03-27,71.9,33.6,51.1,0.004,1,22.8,41379.94
1988-03-28,40.5,28.7,34.7,0.008,1,13.5,41125.26
1988-03-29,51.5,24.5,37.4,0,0,14.7,41810.94
1988-03-30,40.7,31.3,35.2,0.209,18,7.7,24866.72
1988-03-31,43,28,35,0.039,7,18,35423.7
1988-04-01,48.9,28.1,37.9,0,0,8.3,42401.89
1988-04-02,56.5,29.2,43.8,0,0,4.3,42608.3
1988-04-03,66.5,29.4,49.2,0,0,7.9,41684.17
1988-04-04,65.8,41.3,53.9,0.02,3,14.7,41668.79
1988-04-05,59,40.1,49.7,0,0,8.5,43086.54
1988-04-06,68.3,39.3,54.9,0,0,4.4,43232
1988-04-07,76.7,37.3,59.3,0,0,11.6,43376.43
1988-04-08,57.8,37.3,50.7,0,0,16,43519.75
1988-04-09,53.3,29.6,42.5,0,0,11.7,43661.85
1988-04-10,61.4,31.1,46.8,0,0,5.5,43802.62
1988-04-11,69.5,37.2,55.4,0,0,4.3,43942.27
1988-04-12,74.9,42.5,61.4,0,0,5.8,44081.73
1988-04-13,76.8,40.8,61.6,0,0,7.3,41656.9
1988-04-14,68.8,45.7,57.2,0.063,7,12.4,31844.35
1988-04-15,65.3,44.3,55.1,0.059,4,8.1,42930.34
1988-04-16,58.9,43.6,50.3,0.437,15,11.3,11244.29
1988-04-17,57.5,42.2,49.7,0.031,4,7.4,36895.4
1988-04-18,60,41.3,51.3,0.138,6,11.8,43410.88
1988-04-19,63.4,38.3,51.8,0.008,1,11.4,43747.54
1988-04-20,65.6,40.4,53.9,0.043,4,14.8,45013.29
1988-04-21,57.8,42.4,50.3,0.161,5,18.7,36095.16
1988-04-22,53.4,38,45.2,0.11,9,13.2,43208.7
1988-04-23,56,33.6,45.8,0.051,7,9.3,44987.25
1988-04-24,56.4,37.1,46,0.331,13,10.4,38514.13
1988-04-25,60.9,36.9,49.2,0,0,16.8,44226.23
1988-04-26,55.3,36.2,46.2,0,0,4.7,45610.57
1988-04-27,67.7,33.5,52.1,0,0,5.5,44929.91
1988-04-28,73.5,42.2,57.8,0,0,14.6,44153.29
1988-04-29,71.3,40.8,57.9,0,0,8.5,45825.61
1988-04-30,77,44.1,62.6,0,0,22,42453.67
1988-05-01,60.5,39.8,48.7,0.071,5,22.5,43429.04
1988-05-02,58.6,34.5,46.7,0,0,11.5,46056.91
1988-05-03,62.3,39.7,51.5,0,0,4.9,46339.83
1988-05-04,76.7,38.8,59.3,0,0,16.3,45997.84
1988-05-05,78.8,43,63.5,0,0,24.2,45522.77
1988-05-06,58.3,45.9,52.1,0.012,2,25.5,46534.59
1988-05-07,62.3,38,51.4,0,0,14.3,46778.69
1988-05-08,64.6,40.1,53.9,0,0,12.3,46656.77
1988-05-09,70.1,46.1,59.3,0,0,8.7,47106.76
1988-05-10,76.1,50.5,62.7,0,0,13,47378.34
1988-05-11,78.6,44.7,64.2,0,0,7.9,47556.02
1988-05-12,84.4,47.9,69.7,0,0,5.6,47737.18
1988-05-13,88.4,47.2,71.8,0,0,16.8,47921.49
1988-05-14,82,60.4,72.4,0,0,11,47661.81
1988-05-15,84.7,56.9,72.1,0,0,5.6,48132.91
1988-05-16,89,51.5,73.8,0,0,16.3,48230.07
1988-05-17,81,58.7,67.6,0.224,6,19.1,39603.45
1988-05-18,67.8,53.2,60.5,0.067,7,8.9,47793.68
1988-05-19,65.1,47.9,56.8,0.051,5,12,47237.71
1988-05-20,67.5,44.3,56.3,0,0,16.3,48585.33
1988-05-21,73.5,48.8,61.3,0,0,9.2,48624.3
1988-05-22,74.6,46.5,61.9,0,0,9.9,48661.57
1988-05-23,78.1,50.8,65.6,0,0,6,48697.16
1988-05-24,84.3,48,70,0,0,11.9,48731.08
1988-05-25,85.4,52.5,72.6,0,0,12.9,48763.32
1988-05-26,87.3,53.3,73.9,0,0,9.7,48793.9
1988-05-27,88,54,73.5,0,0,15.4,44416.77
1988-05-28,87.5,54.1,73.8,0,0,13.1,48852.84
1988-05-29,84.1,52.3,68.4,0.075,4,27.8,44637.49
1988-05-30,62.2,45.9,54.2,0.008,1,13.6,48899.63
1988-05-31,65.9,43.3,55.3,0.008,1,11.2,48510.22
1988-06-01,74.5,49.5,63.1,0,0,6.9,48942.61
1988-06-02,82,53.5,70.4,0,0,6.3,47681.66
1988-06-03,88.9,57.4,75.4,0,0,6.1,49076.75
1988-06-04,92.8,59.2,78.8,0,0,10.5,49034.33
1988-06-05,90.5,64.1,79.1,0,0,17.3,49109.3
1988-06-06,89,60.5,76.5,0,0,17.6,49187.3
1988-06-07,88.2,57.4,75.5,0,0,14.8,49267.95
1988-06-08,86.6,55.7,73.9,0,0,13.2,49281.65
1988-06-09,92.6,52.4,76.3,0,0,13.1,49222.07
1988-06-10,90.6,58,77.5,0,0,21,48366.64
1988-06-11,88.4,64.9,76.7,0,0,14.5,49309.79
1988-06-12,86.8,56.9,74,0,0,12.2,49391.03
1988-06-13,82.3,58.6,72,0,0,11,48812.96
1988-06-14,85.2,55.8,72.7,0,0,6.7,49396.92
1988-06-15,91.8,55.6,76.7,0,0,8.1,49396.52
1988-06-16,92.5,59.2,78.5,0,0,8.4,49393.99
1988-06-17,93.1,63.2,79.4,0.004,1,12.9,46800
1988-06-18,91,65.8,80.5,0,0,11.9,48410.02
1988-06-19,94.7,65.5,81.8,0.012,2,6.8,48837.76
1988-06-20,94.7,65.6,82.1,0,0,10.6,49277.63
1988-06-21,96,66.8,83.9,0,0,8.7,49352.27
1988-06-22,97.5,67.4,84.8,0,0,8.3,49338.64
1988-06-23,97.3,66.8,84.8,0,0,13.9,49412.16
1988-06-24,98.3,67.7,85.5,0,0,12.3,49128.41
1988-06-25,93.9,69.8,83.3,0.063,3,6.7,48930.25
1988-06-26,89.9,68.6,79.5,0.063,2,9.8,46768.97
1988-06-27,87.7,66.8,78.1,0.028,3,10.2,43958.19
1988-06-28,75,68,72.5,0.043,4,8.1,27637.19
1988-06-29,84.7,64.9,73.3,0.087,3,6.9,44094.11
1988-06-30,88.1,62.1,76.7,0,0,7.9,48999.89
1988-07-01,92.5,60.6,79.4,0,0,7,49331.19
1988-07-02,94.1,63.4,81.3,0.004,1,11.2,49036.03
1988-07-03,90.3,65.4,78.7,0.039,2,13.2,44980.81
1988-07-04,90,63.9,79,0,0,13.4,49063.52
1988-07-05,92.4,63.9,79.9,0,0,13.4,49117.21
1988-07-06,95.2,66.4,82.3,0,0,13.3,49167.64
1988-07-07,94.8,65.1,82.6,0,0,9.2,49214.5
1988-07-08,95.7,71.5,84.1,0,0,14.9,48754.13
1988-07-09,93.4,66.5,81.8,0,0,14,48540.02
1988-07-10,92,65,80.7,0,0,11.7,48502.79
1988-07-11,93.8,67.6,82.8,0,0,14.9,48721.12
1988-07-12,94.6,68.1,83.5,0,0,11.5,48836.64
1988-07-13,97.8,68.9,85.6,0,0,8.1,48867.62
1988-07-14,96.6,65,84.4,0,0,11.3,47949.63
1988-07-15,96.3,67.2,84.5,0,0,6,48166.73
1988-07-16,97,66.3,84.5,0,0,7.3,48189.82
1988-07-17,97.1,66.6,84.1,0,0,13.9,48377.82
1988-07-18,94.9,71.6,83.5,0,0,12,48418.2
1988-07-19,92.9,69.4,81.9,0,0,9.6,48325.06
1988-07-20,92,64.3,80.6,0,0,8.4,48093.56
1988-07-21,94.9,61.6,82.2,0,0,6.1,48009.78
1988-07-22,99.2,70.5,86.8,0,0,10.3,47833.87
1988-07-23,97.2,76.5,86.6,0,0,10.1,38142.41
1988-07-24,95.4,75,85.1,0,0,8.8,46879.64
1988-07-25,97.3,67.5,84.4,0,0,17.9,46240.34
1988-07-26,90.2,68.4,81.5,0.035,2,6.3,46801.21
1988-07-27,90.7,66.1,79.3,0.02,2,12.6,47055.19
1988-07-28,89.1,66,78.8,0.008,1,12.3,47131.22
1988-07-29,91.2,67.4,80.3,0.02,3,12.6,47047.29
1988-07-30,91.1,66.2,80.7,0.008,1,6.7,47042.24
1988-07-31,91.2,67.4,81.4,0,0,7.4,46966.56
1988-08-01,91.7,67.1,81,0,0,10,46963.35
1988-08-02,93.2,65,80.7,0,0,11.9,44845.1
1988-08-03,91.6,68.3,80.2,0,0,11.9,46845.9
1988-08-04,88.8,68.9,79.2,0,0,7.8,46783.41
1988-08-05,92.6,64.5,80.4,0,0,6.2,46627.95
1988-08-06,84.2,71.9,77.3,0.091,5,11.2,42996.47
1988-08-07,85.6,65.8,75.7,0,0,12.9,46501.09
1988-08-08,87.6,64.1,75.9,0,0,11.1,46436.55
1988-08-09,88.7,65,77.5,0,0,7.2,46372.82
1988-08-10,91.3,58.3,77.9,0,0,9.4,46306.65
1988-08-11,92.6,60.5,78.8,0,0,9.8,42737.46
1988-08-12,87.8,65.9,77.8,0,0,14.5,46160.47
1988-08-13,92.6,61,79.1,0,0,13.6,46087.67
1988-08-14,96.1,61.7,81.7,0,0,13.7,46013.51
1988-08-15,84.7,69.2,78,0.039,3,12.4,36127.5
1988-08-16,87.3,66.3,77.5,0,0,6.2,45846.26
1988-08-17,88.1,62.9,76.3,0,0,8.6,45717.68
1988-08-18,91.3,62.3,78.6,0,0,7.4,45587.98
1988-08-19,93.9,62.3,81.5,0,0,4.1,45457.27
1988-08-20,92.9,64.8,79.3,0.047,3,15.8,42981.21
1988-08-21,87,67.2,76,0.232,5,13.8,45000.28
1988-08-22,84.9,65.2,75.1,0.016,1,7.8,45059.98
1988-08-23,90.7,64.6,79.3,0,0,5.5,44926.16
1988-08-24,91.4,63.3,78.7,0,0,7.5,43333.79
1988-08-25,89.3,68.1,79.4,0,0,9.3,41856.39
1988-08-26,90.9,66.5,76.4,0.165,6,11.3,34259.89
1988-08-27,80.4,63.6,72,0.059,4,5.2,43790.23
1988-08-28,82.5,61.2,72.1,0,0,6,44071.73
1988-08-29,85.7,59.8,73.5,0,0,4.9,42857.33
1988-08-30,87,59.7,74.5,0,0,6.2,43684.05
1988-08-31,87.5,61,75.6,0.02,1,6.4,42446.68
1988-09-01,90.8,59.3,76.9,0.008,1,5.9,42912.69
1988-09-02,90.1,58.4,76.4,0,0,11.2,43426.89
1988-09-03,90.5,58.3,77,0,0,11.2,43332.83
1988-09-04,86.3,61.3,75.7,0,0,9,43062.18
1988-09-05,86.3,56.9,73.7,0,0,6.9,42888.7
1988-09-06,89.7,56.9,75.7,0,0,10,42572.77
1988-09-07,92.3,61.5,79.3,0,0,10,42493.87
1988-09-08,90.9,64.9,79.7,0,0,8.2,42348.72
1988-09-09,93.4,59.1,78.4,0,0,11.3,42048.26
1988-09-10,85.6,64.1,74.3,0.055,5,19.6,41906.23
1988-09-11,71.6,58.6,65.3,0.087,5,11.7,41854.26
1988-09-12,62.6,53,56.9,0.717,15,7.6,29845.58
1988-09-13,64.2,48.8,56.1,0.031,4,10.5,41749.86
1988-09-14,63.2,50.3,56.5,0.004,1,8.1,41697.41
1988-09-15,68.7,46.1,58.2,0,0,5.7,41644.8
1988-09-16,78.6,45.4,62,0,0,6.5,41520.58
1988-09-17,82.9,48.8,66,0,0,15.7,41374.07
1988-09-18,69.9,46.7,60.1,0,0,19,41227.11
1988-09-19,74,43.3,57,0,0,7.1,41079.16
1988-09-20,82.4,48.9,66.5,0,0,18.6,40930.3
1988-09-21,74.9,56.2,63.4,0.311,8,12.5,40780.64
1988-09-22,64.2,46.7,56,0.02,2,6.5,40630.25
1988-09-23,69.4,46.4,58.6,0,0,4.9,40479.23
1988-09-24,77.6,45.9,62,0,0,7.3,40327.68
1988-09-25,79.8,46.6,63.8,0,0,12.5,39990.46
1988-09-26,78.2,48,63.7,0,0,5.2,33141.21
1988-09-27,81.2,48,64.8,0,0,18,39870.71
1988-09-28,69,47.6,58.9,0,0,11.6,39717.93
1988-09-29,71,46.7,59.2,0,0,5.6,39565.07
1988-09-30,76,55.1,65.5,0,0,3.4,39291.4
1988-10-01,80.5,54.2,67.7,0,0,4.5,39076.77
1988-10-02,81.2,49.2,66.6,0,0,6.9,38867.04
1988-10-03,82.4,50.2,67.2,0,0,6,37458.89
1988-10-04,82,50,66.7,0,0,9.6,36692.2
1988-10-05,78.4,49,65.5,0,0,9.1,38271.07
1988-10-06,69.5,54.6,60.7,0.106,8,7.7,33768.01
1988-10-07,67.1,48.8,58.6,0.098,4,6.1,37323.45
1988-10-08,69.8,46.6,58.5,0.008,1,6,37392.21
1988-10-09,68.4,45.4,57.5,0,0,13.1,37146.35
1988-10-10,71.2,42.8,58,0,0,5.2,37439.61
1988-10-11,72.2,44.6,59.9,0,0,5.1,37234.22
1988-10-12,71.5,44.9,58.1,0.059,4,11.5,27873.99
1988-10-13,73.1,46.1,59.9,0,0,7.5,36331.54
1988-10-14,72.4,47.1,60.4,0,0,7.6,36000
1988-10-15,71.9,51.7,61.5,0,0,5.5,36450.75
1988-10-16,72.9,53.2,62.9,0,0,6.5,36353.58
1988-10-17,75.2,54.7,65.1,0,0,8.1,36210.47
1988-10-18,76.7,54.1,65.2,0,0,6.9,36142.01
1988-10-19,76.3,46.8,62.4,0,0,14,36128.63
1988-10-20,72.5,51.5,62.1,0,0,4.5,36075.41
1988-10-21,74,49.9,62.1,0,0,4.9,35984.04
1988-10-22,74.9,46.1,61.2,0,0,11.6,35884.05
1988-10-23,72,51.4,61.9,0,0,5.3,35818.23
1988-10-24,73,50.8,61.5,0,0,4.8,35752.1
1988-10-25,70.7,52.5,60.8,0,0,4.5,35641.39
1988-10-26,72.7,43.6,59.1,0,0,7.1,35496.96
1988-10-27,70.8,51.5,61,0,0,6.8,35354.1
1988-10-28,72.2,46.6,59.3,0,0,10.8,33964.14
1988-10-29,69.3,47.5,59.2,0,0,6.7,29388.87
1988-10-30,68.9,43.6,58.2,0,0,5.1,34928.48
1988-10-31,69,45.6,57.5,0,0,4.7,34786.91
1988-11-01,69.7,38.4,54.8,0,0,9.3,34645.73
1988-11-02,69.5,43.6,57.4,0,0,10.4,34505.07
1988-11-03,71,48,58.6,0,0,19.3,34365.09
1988-11-04,62.9,46.7,55.7,0,0,17,34225.93
1988-11-05,58.6,43.4,50.4,0,0,3.9,34087.76
1988-11-06,68.2,35.9,52.2,0,0,11.7,33465.13
1988-11-07,60.9,46.5,53.4,0,0,5.4,31219.9
1988-11-08,63.2,47.8,54,0.016,3,17.6,31927.65
1988-11-09,56.2,40.7,48.4,0.075,5,8.5,33548.14
1988-11-10,61.3,36.7,49.3,0,0,13.5,29375.13
1988-11-11,54.8,40.6,48.5,0.11,9,12.2,33288.55
1988-11-12,56.1,30.8,44.2,0,0,7.1,33161.92
1988-11-13,63.1,34.4,49.2,0,0,17.8,31833.55
1988-11-14,61.1,43.4,51.9,0.15,9,23.1,32785.75
1988-11-15,42.2,32.8,38.8,0.13,5,8.8,27440.14
1988-11-16,45.2,28,35.9,0,0,7.5,32681.01
1988-11-17,44.2,32.6,37.1,0.035,5,15.5,18049.58
1988-11-18,41.3,27.7,33.3,0,0,6.7,32455.65
1988-11-19,40.4,25.9,32.6,0,0,4.5,32345.3
1988-11-20,42.9,26,33.3,0,0,3.9,32236.66
1988-11-21,46.8,23.4,33.7,0,0,5,32129.88
1988-11-22,50.7,26.3,36.2,0,0,5.6,31933.44
1988-11-23,56.1,28.1,41.1,0,0,12.5,30064.73
1988-11-24,45.2,34.5,40,0.043,2,17.4,21311.44
1988-11-25,41.6,30.2,35.1,0.004,1,11.2,20384.95
1988-11-26,39.8,28.5,33.4,0.004,1,14.9,31391.27
1988-11-27,35.7,23.1,28.9,0,0,12.9,31421.43
1988-11-28,44.8,20.9,31.3,0,0,10.9,26547.47
1988-11-29,40.2,26.8,32.1,0,0,8.5,31070.29
1988-11-30,42.3,25.8,33.1,0,0,2.8,30951.77
1988-12-01,47,24.3,34.4,0,0,3.6,30843.07
1988-12-02,49.5,23.3,35.6,0,0,3.2,30808.03
1988-12-03,49.5,25.5,36.5,0,0,3.1,30715.18
1988-12-04,50.8,24,36.1,0,0,3.4,30524.57
1988-12-05,48.4,26.2,36.7,0,0,4.1,30610.9
1988-12-06,46.6,28.7,37.5,0,0,4.7,30545.62
1988-12-07,41.8,30.8,35.6,0.035,4,13.6,29748.47
1988-12-08,42.1,27.8,33.5,0,0,7,30407.46
1988-12-09,43.5,23.6,33.6,0,0,4.3,30416.93
1988-12-10,45.8,28.2,36.1,0,0,4.1,30448.46
1988-12-11,45.5,29.4,35.7,0,0,4.6,30422.51
1988-12-12,48.4,24.5,36.1,0,0,3,30439.55
1988-12-13,52.4,25.1,38.1,0,0,3.4,30445.06
1988-12-14,53.2,25.3,37.4,0,0,7.4,30459.91
1988-12-15,45.2,29.4,35.8,0,0,8.3,30477.04
1988-12-16,45.9,28.2,35.2,0,0,4.3,30464.23
1988-12-17,46.6,27.2,36.1,0,0,2.8,30445.85
1988-12-18,51.7,27.2,38.3,0,0,3.7,30431.45
1988-12-19,41.8,31.8,36.1,0.024,2,13.2,30380.34
1988-12-20,46.1,28.5,35.7,0,0,10,30414.71
1988-12-21,41.7,31.3,36.1,0.126,15,15,13360.98
1988-12-22,40.9,25.1,32.8,0.02,2,12,28559.16
1988-12-23,34.4,22.4,29.5,0.075,8,16.5,27088.05
1988-12-24,30.7,20.6,25.9,0.047,6,7.9,2402.16
1988-12-25,41.2,24.9,33,0.157,12,17.7,29597.29
1988-12-26,29.9,17.3,23.6,0,0,10.8,30463.6
1988-12-27,26.6,14.6,20.5,0,0,7.6,30486.92
1988-12-28,27.7,14.7,21.2,0,0,4.9,21574.5
1988-12-29,28.4,13.7,21.1,0,0,5.2,30547.18
1988-12-30,32.9,14.4,23.6,0,0,3.2,30583.84
1988-12-31,39,16.1,26.5,0,0,5.1,30624.71
1989-01-01,38.8,18,27.9,0,0,3.1,30669.68
1989-01-02,42.7,17.2,28.7,0,0,4.4,30718.64
1989-01-03,43.7,18.3,30,0,0,3.6,30771.48
1989-01-04,36.8,22.7,28.3,0.232,11,6.8,335.04
1989-01-05,40.4,29,34.5,0.047,5,11.2,28431
1989-01-06,36,11.8,30,0.075,3,16.6,29779.63
1989-01-07,25.4,12.3,17.9,0,0,11.8,31019.24
1989-01-08,26.2,4.5,14.3,0,0,9.9,31089.7
1989-01-09,29.9,3.6,16.5,0,0,6.7,28528.12
1989-01-10,37.1,9.2,23.3,0,0,5.7,31240.05
1989-01-11,28.8,19.4,24.6,0.02,4,7.8,22999.25
1989-01-12,28.1,10.3,18.7,0,0,6.9,31402.15
1989-01-13,28.1,-1.3,13.4,0,0,5.5,31487.34
1989-01-14,28.2,0.2,15.2,0,0,3.6,31575.11
1989-01-15,30.5,13.7,21.4,0,0,4.9,31665.37
1989-01-16,33.4,6.3,19.6,0,0,2.9,31758.73
1989-01-17,36.8,11,23.6,0,0,3.3,31855.87
1989-01-18,39.8,16.1,27.5,0,0,3.4,31956.55
1989-01-19,44.1,18.8,29.9,0,0,3.4,32060.61
1989-01-20,44.4,15.5,29.7,0,0,3.6,32167.84
1989-01-21,43.1,17.7,30.5,0,0,2.9,30553.84
1989-01-22,44.1,18.2,30.6,0,0,4.1,32377.47
1989-01-23,49.9,24,35.2,0,0,8.2,32400
1989-01-24,39,29.3,33.8,0.28,22,4.7,11236.71
1989-01-25,35.8,20.2,30.4,0.028,5,4,26752.14
1989-01-26,36.3,12.8,24.1,0,0,4,32558.8
1989-01-27,38.5,15.9,27.1,0,0,3.8,32407.3
1989-01-28,38.9,20.5,29.1,0,0,11.5,32613.99
1989-01-29,40.4,13.5,27.9,0,0,3.1,32512.78
1989-01-30,45.2,20,31.8,0,0,3.8,32865.36
1989-01-31,48,19,32,0,0,6.5,33008.12
1989-02-01,49.9,28.2,39.2,0,0,23.2,32708.63
1989-02-02,49.6,36.8,42.3,0,0,24.3,33046.2
1989-02-03,45,38,40.9,0.169,11,20.3,10695.35
1989-02-04,38.9,14.3,30.2,0.598,20,20.4,19482.12
1989-02-05,15.7,-9.7,2.6,0.047,7,11.3,33450.5
1989-02-06,0.6,-14.6,-7,0,0,4.5,34185.2
1989-02-07,5.3,-16.6,-6,0,0,3.9,33922
1989-02-08,14.6,-5.5,4.6,0,0,3.9,27560.68
1989-02-09,28.5,9.8,20.1,0,0,2.5,31173.28
1989-02-10,35.4,19.6,28,0.039,3,2.3,31063.23
1989-02-11,37.1,21.8,30.3,0.004,1,2.5,34334.95
1989-02-12,33.1,20.4,26.3,0.126,10,5.8,33267.15
1989-02-13,30.2,13,22.4,0,0,5.7,34996.8
1989-02-14,30,1.8,16.4,0,0,5.2,35093.52
1989-02-15,35.1,4.4,20.7,0,0,4,35608.31
1989-02-16,40.1,4.5,24.5,0,0,3.4,35272.19
1989-02-17,43,22.4,32.6,0,0,3.5,34977.57
1989-02-18,48.1,24.2,35.6,0,0,3,32476.54
1989-02-19,44.9,26.3,36.4,0.075,9,6.8,31479.11
1989-02-20,43.9,27.9,34.8,0,0,10.8,36362.16
1989-02-21,43.8,24.9,34,0,0,6.6,36513.3
1989-02-22,48.4,23.3,35.9,0,0,3.7,36664.27
1989-02-23,54.9,25.1,39.2,0,0,3.8,36814.93
1989-02-24,59.5,27,42.1,0,0,4.3,36965.16
1989-02-25,62.4,32,45.9,0,0,6,35144.71
1989-02-26,61.4,30.9,45.9,0,0,12.9,37266.51
1989-02-27,48.6,37.6,42.3,0,0,12,37418.72
1989-02-28,51.8,26.7,40.1,0,0,9.4,37571.83
1989-03-01,56.9,26.5,41.6,0,0,8.9,37725.69
1989-03-02,51.2,35.7,43.6,0.161,8,21.4,19131.55
1989-03-03,43.7,24.2,37,0.26,16,16.6,31827.59
1989-03-04,34.4,19.9,26.1,0,0,11.9,38190.64
1989-03-05,43.7,21.2,32.4,0,0,3.5,38346.34
1989-03-06,52.5,26.6,39.4,0,0,3.4,38502.21
1989-03-07,63,30.3,45.3,0,0,10.5,37766.86
1989-03-08,70.3,36.5,51.8,0,0,10.2,38814.02
1989-03-09,74.2,37.1,54.1,0,0,8.7,38969.74
1989-03-10,74.2,37.1,54.9,0,0,7.6,39125.18
1989-03-11,73.4,36.9,55.1,0,0,9.2,39280.25
1989-03-12,71.4,42.8,55.8,0,0,10.9,27673.44
1989-03-13,70.2,41.6,53.5,0,0,26.4,39480.18
1989-03-14,48.8,31.8,41.2,0,0,16.4,39547.07
1989-03-15,57.7,27.1,42.8,0,0,7,39604.52
1989-03-16,66.8,30.6,50.7,0,0,20.6,39676.16
1989-03-17,54.9,38.6,48.7,0,0,16.8,38728.54
1989-03-18,67.8,32.6,51.2,0,0,10.5,39689.62
1989-03-19,63.2,47.5,53.3,0.047,6,17,30861.5
1989-03-20,48.5,32.3,39.5,0.004,1,16.7,38211.76
1989-03-21,56.9,26.3,43,0,0,6.3,40199.72
1989-03-22,65.6,30.2,50,0,0,9.2,39761.85
1989-03-23,69,47,58.6,0,0,15,40268.01
1989-03-24,69.3,44.4,57,0,0,16.6,40868.32
1989-03-25,67.5,40.1,55,0.02,3,17.6,40825.04
1989-03-26,58.2,42.7,49.6,0.067,4,13.2,26384.31
1989-03-27,59.9,36.4,48.6,0,0,12.3,41358.97
1989-03-28,65.3,41,53.2,0,0,8.2,41535.57
1989-03-29,62.3,44.8,53.8,0.008,2,16.6,41140.29
1989-03-30,59.3,41.4,49.7,0,0,15.9,41756.5
1989-03-31,69.6,33.1,54.1,0.008,1,16.8,41389.68
1989-04-01,57.6,43.1,51.8,0.024,3,8.4,36453.77
1989-04-02,68.5,37.9,54.1,0,0,20,41987.94
1989-04-03,61.2,43.4,51.7,0,0,19.3,42526.47
1989-04-04,62.1,39.8,50.2,0,0,17.3,42820.5
1989-04-05,66.8,38.6,53.6,0,0,10,43047.99
1989-04-06,75.2,47.1,60.7,0,0,15.8,43048.24
1989-04-07,78.5,51.2,64.3,0,0,14.4,43334.02
1989-04-08,73.3,55.4,64.6,0,0,16.4,42755.46
1989-04-09,69.3,44.8,58,0,0,17.5,43619.77
1989-04-10,60.5,34.4,48.6,0,0,12.3,43762.36
1989-04-11,65.9,39.6,53.5,0,0,10.5,43904.65
1989-04-12,65.6,43.7,54.1,0,0,12.7,44046.53
1989-04-13,67.8,38.9,55.7,0,0,5.9,44187.92
1989-04-14,73.7,45.2,62,0,0,6.5,42626.2
1989-04-15,80,46.2,66,0,0,12.9,39310.41
1989-04-16,76.8,56.1,66.1,0,0,12.3,44608.11
1989-04-17,78.6,50.5,66.7,0,0,12.9,44746.53
1989-04-18,79.2,53.3,67,0,0,13.8,44667.72
1989-04-19,83.9,49,68.8,0,0,9.4,43605.07
1989-04-20,86.6,50.5,71,0,0,12.2,40171.13
1989-04-21,86.5,56.4,74.1,0,0,17.9,43356.33
1989-04-22,82.8,63.4,73.2,0,0,22.3,38637.37
1989-04-23,80.8,49.6,67.6,0,0,21.2,45393.17
1989-04-24,77.8,48.2,65.3,0,0,21,45447.05
1989-04-25,72.2,48.8,62,0,0,20.3,45009.02
1989-04-26,60.1,45.7,54.8,0,0,20.7,45554.51
1989-04-27,60.5,37.9,49.9,0,0,12.6,44598.24
1989-04-28,60.3,42.4,51.8,0,0,8.5,44896.19
1989-04-29,61.5,41.6,50.8,0.02,3,11,45753.57
1989-04-30,66.7,41.3,54.1,0,0,9.6,45925.66
1989-05-01,74.7,39,59.5,0,0,10.8,45985.14
1989-05-02,75.7,47.8,63,0,0,15.7,46043
1989-05-03,74.3,53.1,63.4,0,0,16.3,38322.42
1989-05-04,74.2,53.4,63.9,0,0,14.2,46312.36
1989-05-05,76.1,49.6,64.7,0,0,4.7,46623.18
1989-05-06,84.2,48,69.9,0,0,14.2,46667.91
1989-05-07,88,58.7,75.4,0,0,8.2,46583.05
1989-05-08,89,63,76.8,0,0,11.7,47019.35
1989-05-09,85.1,57.6,72.7,0.008,1,16.2,42663.12
1989-05-10,82,59.6,70.5,0.031,1,20.1,46759.74
1989-05-11,76.7,50.4,63,0,0,23,47538.71
1989-05-12,63.5,43.8,54,0.028,3,13.3,45683.52
1989-05-13,65.8,45.5,56.4,0,0,6.8,47793.27
1989-05-14,61.1,47.5,54.5,0.146,15,8.4,38897.78
1989-05-15,61.7,45,53.7,0.114,7,6.7,45058.88
1989-05-16,64.5,45.4,56.2,0.012,1,6.7,46727.68
1989-05-17,72.2,47.9,60.4,0,0,7.2,48295.63
1989-05-18,81,50,67.5,0,0,17.6,48387.91
1989-05-19,74.8,53.2,65.4,0,0,10.3,48478.46
1989-05-20,81.2,54.2,68.6,0,0,9.8,48567.2
1989-05-21,87.9,60.4,74.9,0,0,18.2,46399.8
1989-05-22,89.3,55.6,75.4,0,0,16.2,48650.55
1989-05-23,89.3,62,77.9,0,0,24.8,47245.5
1989-05-24,75,61.4,68.8,0,0,16.4,48721.46
1989-05-25,71.6,50.7,61.9,0,0,13.4,48754.54
1989-05-26,73.4,48.1,62.3,0,0,6.6,48792.23
1989-05-27,87,46.5,70.4,0,0,17.3,48820.82
1989-05-28,88,58.3,75.4,0,0,21.2,48844.14
1989-05-29,84.4,60.3,74,0,0,24.2,48870.76
1989-05-30,77.2,56,67,0,0,24,48937.69
1989-05-31,71.3,46.9,60.4,0,0,8.4,48961.38
1989-06-01,79.1,52.7,66.5,0,0,8.8,48982.95
1989-06-02,82.5,57,71.1,0,0,8.8,49002.44
1989-06-03,82,58.7,71.7,0,0,11.1,48978.77
1989-06-04,82.1,53.3,70.3,0,0,13.1,48995.27
1989-06-05,85.7,56.8,72.5,0,0,13.6,49171.16
1989-06-06,79.4,57.9,69.9,0,0,12.5,49059.88
1989-06-07,82.2,56.2,70.5,0,0,9,49068.86
1989-06-08,82.1,60.5,71.6,0,0,9.3,47830.8
1989-06-09,82.9,55.6,71.6,0,0,10,49150.81
1989-06-10,84.7,60.1,74.4,0,0,10.4,49083.3
1989-06-11,85.7,59.4,74.5,0,0,14.7,48258.25
1989-06-12,80.2,60.6,70.4,0.035,2,9.9,49159.43
1989-06-13,83.7,56.4,72,0,0,6.6,49058.6
1989-06-14,83.6,57.6,73.1,0,0,9.2,41582.12
1989-06-15,92.3,60.6,79.5,0.008,1,12.9,49053.23
1989-06-16,95.6,64.3,82.9,0,0,20.7,49474.37
1989-06-17,87.1,62.9,76.8,0,0,6.8,49471.88
1989-06-18,97.6,62.3,82.5,0,0,9.5,49382.82
1989-06-19,100.1,61.9,85.3,0,0,19.1,47214.55
1989-06-20,96.3,73.6,85.7,0,0,22.9,37867.33
1989-06-21,72.4,57.4,65.2,0,0,12.7,43549.42
1989-06-22,75.6,48.8,64.8,0,0,6.2,49079.96
1989-06-23,87.5,52.4,71.4,0,0,19.5,48681.71
1989-06-24,86.3,58.1,72.7,0,0,10,49315.45
1989-06-25,86.5,61.7,73.3,0,0,16.7,47112.36
1989-06-26,83,60.2,72.3,0,0,10.1,49638.42
1989-06-27,90.8,55.2,76.8,0,0,17.4,48991.7
1989-06-28,90.5,62.4,79.3,0.004,1,15.8,49327.65
1989-06-29,91.9,63,80.1,0,0,10.5,49392.98
1989-06-30,96.9,60.6,81.9,0,0,15.5,49545.45
1989-07-01,92.9,67.1,82.2,0,0,11.5,49605.93
1989-07-02,96.9,57.3,81.3,0,0,8.4,49574.98
1989-07-03,97.6,60.8,83.4,0,0,7.9,49542.02
1989-07-04,100.6,59.6,84.5,0,0,7.9,49419.45
1989-07-05,101.1,63.2,86.1,0,0,9.2,49383.28
1989-07-06,102.6,69.2,89.5,0,0,8.1,49173.03
1989-07-07,101.2,66.4,87.4,0.004,1,6.5,47727.97
1989-07-08,101.4,72,89.6,0,0,5,47922.49
1989-07-09,98.8,68.7,86.8,0,0,12,48545.4
1989-07-10,92.6,72,82.9,0.016,2,13,47146.45
1989-07-11,90.1,68,79.7,0.004,1,7.9,48248.96
1989-07-12,87.2,67.3,79,0,0,13.1,48331.38
1989-07-13,91.3,68.5,80.9,0,0,9.6,48587.92
1989-07-14,93,69.6,81.3,0,0,11.7,48532.02
1989-07-15,96.4,66.5,83.7,0,0,12.3,48712.03
1989-07-16,95.7,69.5,84.8,0,0,15.1,48592.73
1989-07-17,93.8,66.8,83.1,0,0,9.7,48613.99
1989-07-18,94.8,65.8,82.4,0,0,10.1,48427.78
1989-07-19,98.2,65.7,84.8,0,0,6.9,48293.48
1989-07-20,97.4,66.4,85.8,0,0,4.6,47978.75
1989-07-21,96.6,68.3,84.7,0,0,15,47858.63
1989-07-22,95.3,70.5,83.5,0,0,20,44924.63
1989-07-23,85.7,71.7,78.8,0.024,2,10.3,40697
1989-07-24,88.4,66.8,77.7,0.106,2,9.7,47337.96
1989-07-25,87.1,64.6,76.5,0,0,9.4,47149.87
1989-07-26,86.9,65.2,75.7,0.051,2,13.4,42649.23
1989-07-27,84,64.9,74.6,0,0,7.2,44122.66
1989-07-28,86.2,65,75.7,0.051,3,7.7,45987.38
1989-07-29,85.8,64.6,75.5,0.004,1,10.1,46894.07
1989-07-30,89.3,64.5,78.2,0,0,8.3,47043.2
1989-07-31,91.6,64.1,80.5,0,0,7.1,47037.55
1989-08-01,84.3,70.5,76.5,0.154,9,10.9,44705.54
1989-08-02,87.2,64.5,76.5,0,0,10.6,46833.21
1989-08-03,89.4,61.1,77.2,0,0,14.1,46924.94
1989-08-04,90.1,62.7,78.8,0,0,11.5,46803.69
1989-08-05,91.1,64.1,80.3,0,0,11.5,46739.84
1989-08-06,92.2,64.6,80.1,0,0,7.7,46673.45
1989-08-07,92.4,61.4,80.1,0,0,5.4,46560.18
1989-08-08,93.8,62,81.6,0,0,9.7,46453.44
1989-08-09,87.5,68.6,79.2,0,0,16.9,46385.53
1989-08-10,90.4,64.1,79.7,0,0,13,46316.21
1989-08-11,86.8,67.6,78.1,0,0,10.8,44769.71
1989-08-12,87.3,66.6,77.3,0.012,1,13,46173.71
1989-08-13,89.3,63.4,78,0,0,8.7,46100.68
1989-08-14,92,63.1,79.1,0.02,1,9.2,42319.05
1989-08-15,89.4,64.1,78.5,0,0,10.4,43987.94
1989-08-16,91.3,63.3,79.3,0,0,9.6,45871.51
1989-08-17,88,64.1,75.7,0.031,3,16.6,45743.63
1989-08-18,81.2,61.3,71.1,0.094,5,9.1,44933.41
1989-08-19,82.8,59.2,71.3,0,0,10.8,45450.07
1989-08-20,83.5,56.9,70.3,0.016,2,10.6,45355.61
1989-08-21,83.6,56.7,71,0,0,11.3,43338.51
1989-08-22,84.7,55,72.1,0,0,7.9,45094.21
1989-08-23,88.7,56.7,74.9,0,0,17.6,44962.97
1989-08-24,86.3,62.3,74.9,0,0,18.6,44830.78
1989-08-25,83.7,59.1,71.5,0,0,12,44697.11
1989-08-26,87.9,53.7,72.8,0,0,10.4,44562.03
1989-08-27,89.6,54.8,74.5,0,0,13.2,44425.66
1989-08-28,89.3,53.6,74.7,0,0,8.1,44288.1
1989-08-29,91.3,58.2,77,0,0,8.8,44149.43
1989-08-30,90.3,57.8,76.7,0,0,19.1,44009.77
1989-08-31,88.6,61.9,77.2,0,0,11.6,43869.2
1989-09-01,89.9,56.9,75.6,0,0,11.6,43727.81
1989-09-02,91.8,59.1,77.8,0,0,15.6,43585.7
1989-09-03,90.2,63.2,77.9,0,0,10.8,43442.96
1989-09-04,88.1,58.4,75.4,0,0,11,42647.78
1989-09-05,88,60.3,75.9,0,0,9.6,42908.2
1989-09-06,90.7,61.2,78,0,0,18.8,42589.96
1989-09-07,89.9,66.8,79.3,0,0,18.8,42442.43
1989-09-08,80.9,63.3,72,0,0,18,41473.77
1989-09-09,77.7,55.7,67.6,0,0,7.6,42174
1989-09-10,79.8,53.8,67.8,0,0,13,42005.45
1989-09-11,79.4,54.3,66.7,0,0,18.6,39659.91
1989-09-12,64.8,53.6,58.5,0.051,6,8.1,39193.14
1989-09-13,69.8,46.1,58.7,0,0,5,41767.93
1989-09-14,76.6,48.5,64.6,0,0,4.5,41715.81
1989-09-15,80.6,47.8,67.1,0,0,8.1,41657.08
1989-09-16,84.1,48,68.6,0,0,5.5,41562.68
1989-09-17,86.7,53.4,70.7,0.11,5,20.4,41413.98
1989-09-18,77.4,59.3,68.3,0.35,10,13.7,41176.43
1989-09-19,80.5,52,66.5,0.079,5,12.8,41114.53
1989-09-20,67.8,53.6,60.3,0.177,4,13.9,39972.81
1989-09-21,70.1,50.9,59.9,0,0,7,40812.95
1989-09-22,74.9,49,61.8,0,0,8.1,40661.58
1989-09-23,81.1,51.6,66.8,0,0,6,40509.95
1989-09-24,83,52.4,69.4,0,0,6.8,40358.16
1989-09-25,85.2,55.2,71.5,0,0,5.2,38300.98
1989-09-26,79.2,54.2,68.3,0,0,12.4,34307.26
1989-09-27,84.9,55.1,71.3,0,0,6.7,39043.84
1989-09-28,87.1,56,72.4,0,0,6.4,39751.16
1989-09-29,88.4,53.8,73.3,0,0,9.2,39599.91
1989-09-30,85.1,55.1,71.1,0,0,18.5,39416.98
1989-10-01,74.3,54.8,65.3,0,0,11.7,39201.36
1989-10-02,79.9,52,66.7,0,0,19.7,38990.86
1989-10-03,79.3,58.7,68.9,0,0,23.2,38697.9
1989-10-04,71.2,52.7,62.8,0,0,11.2,36665.94
1989-10-05,67.7,48,58.7,0,0,4.7,38386.8
1989-10-06,72.4,41.5,59.5,0,0,9.3,38195.13
1989-10-07,70.5,45.2,59.5,0,0,4.8,37790.37
1989-10-08,72.9,45.7,61.2,0,0,5.6,37828.93
1989-10-09,74.9,51.8,63.4,0,0,5.1,37655.35
1989-10-10,79.6,46.4,64.5,0,0,8.6,37549.32
1989-10-11,81.1,46.8,65.8,0,0,9.1,37385.91
1989-10-12,80.9,44.6,65,0,0,6.1,37190.94
1989-10-13,81,44.5,64.7,0,0,5.8,36215.76
1989-10-14,80.6,51.1,66.6,0,0,13,36710.48
1989-10-15,71.1,51.9,61.2,0.028,3,10,36095.91
1989-10-16,64,45.8,55,0.067,6,7.1,36423.42
1989-10-17,61.7,42.7,51.4,0,0,4.8,36278.86
1989-10-18,63.5,37.5,51.6,0,0,3.6,36196.73
1989-10-19,65.9,36.4,53.3,0,0,3.6,36131.6
1989-10-20,69.1,37.4,54.1,0,0,6.7,36039.26
1989-10-21,67.1,43.4,56.4,0.055,3,12.6,35967.13
1989-10-22,65.3,48.2,56,0.043,3,9.2,35902.23
1989-10-23,69.5,42.5,55.4,0,0,9.3,35836.93
1989-10-24,74.3,42.1,57.5,0,0,12.8,35770.97
1989-10-25,70.6,48.9,58.6,0.083,4,19.5,26190.24
1989-10-26,57.4,41.6,48.6,0.02,2,17.8,35541.47
1989-10-27,61.1,32.8,47.7,0,0,9.6,35395.7
1989-10-28,48.9,34.8,42.7,0,0,12.8,35250.2
1989-10-29,48.3,30.7,38.1,0,0,7.4,35105.09
1989-10-30,50.6,30.2,40.3,0,0,5.7,34960.54
1989-10-31,55.9,25.9,41.2,0,0,13.1,34816.65
1989-11-01,47.7,29.2,37.9,0,0,9.3,34673.62
1989-11-02,50.3,27.8,39.2,0,0,3.9,34531.57
1989-11-03,53.3,28.2,41.5,0,0,5.1,34390.67
1989-11-04,59.9,37.9,47.6,0,0,9.3,34251.08
1989-11-05,62.2,41.6,51.6,0,0,8.1,32790.47
1989-11-06,57.8,41.3,49.4,0,0,10,32866.29
1989-11-07,55.9,41.9,47.6,0,0,11.3,33841.81
1989-11-08,55,37.9,45.6,0,0,8.5,33709.14
1989-11-09,58.7,40.5,49.4,0,0,5.7,31318.19
1989-11-10,62.3,41.6,51.4,0,0,3.3,33450.48
1989-11-11,64.8,39.2,51.5,0,0,3.4,33324.86
1989-11-12,68.5,34,51.4,0,0,8.7,33201.34
1989-11-13,66.1,34.9,51.4,0,0,8.8,33078.84
1989-11-14,57.6,37.1,46.3,0,0,18.7,32957.45
1989-11-15,47.9,33.3,40.4,0,0,4.9,32296.22
1989-11-16,50.7,28,40.6,0,0,4.6,32718.56
1989-11-17,52.7,36.1,43.4,0,0,3.1,22703.12
1989-11-18,54.4,30.3,42.6,0,0,5.1,32485.91
1989-11-19,59.4,31.7,45.5,0,0,3.4,32372.32
1989-11-20,61.4,36.3,48.6,0,0,4.1,30667.29
1989-11-21,59.9,33.9,48,0,0,5.9,30911.82
1989-11-22,56.8,38.7,47.4,0,0,3.4,32044.48
1989-11-23,59.4,30.1,44.9,0,0,7.4,28760.42
1989-11-24,59.2,38,47.9,0,0,12.7,23125.13
1989-11-25,56.2,39.8,47.7,0,0,9.4,31455.71
1989-11-26,53.5,36.4,47.5,0.047,6,29.2,28712.43
1989-11-27,39.2,26.4,33.3,0,0,11.5,30815.3
1989-11-28,39.6,26.9,32.5,0,0,5.1,31205.56
1989-11-29,42.2,25.4,33.4,0,0,2.8,31155.34
1989-11-30,44,28.6,35.2,0,0,4.2,31032.14
1989-12-01,49.7,28.7,36.4,0,0,11.3,30918.87
1989-12-02,48.2,25.7,36.7,0,0,3.4,30815.68
1989-12-03,48.4,26.3,37.5,0,0,3.5,30722.51
1989-12-04,48.8,29,38.6,0,0,3,30695.73
1989-12-05,53.7,32.3,42.1,0.008,1,4.1,30567.31
1989-12-06,48.5,32.6,40.1,0.098,10,11,25556.04
1989-12-07,44.7,30.8,36.9,0,0,4.7,30497.22
1989-12-08,47.9,23.7,35.3,0,0,3.6,30489.97
1989-12-09,46.8,24.9,35.5,0,0,8.2,26427.71
1989-12-10,39.2,25.6,33.1,0.031,3,11.2,30200.88
1989-12-11,34.1,22.2,27.3,0.016,3,6.5,30425.45
1989-12-12,34.5,14.6,25.2,0,0,5.3,30441.73
1989-12-13,37.2,17.4,26.9,0,0,5.6,30445.95
1989-12-14,41.1,20.1,30.2,0,0,6.7,30459.4
1989-12-15,40.9,26.2,33.1,0,0,3.3,24644.92
1989-12-16,40.5,23.6,31.5,0,0,9.3,30464.11
1989-12-17,43.4,23.3,32.9,0,0,8.9,29630.21
1989-12-18,40.9,25.4,34.5,0,0,9.8,30428.4
1989-12-19,41.2,26.3,32.9,0,0,5.5,30416.96
1989-12-20,44,21.4,32.7,0,0,3.7,30409.91
1989-12-21,46.1,31.3,37.1,0,0,8.5,30407.3
1989-12-22,43.2,25.2,34.8,0,0,4.1,30409.48
1989-12-23,47.3,23.4,35,0,0,3.4,30416.16
1989-12-24,48.7,30.8,38.4,0,0,3.2,30427.21
1989-12-25,48.6,28.1,37.3,0,0,2.8,30442.56
1989-12-26,46.5,27.2,35.8,0,0,2.9,30462.15
1989-12-27,45.2,29.6,36.8,0,0,2.5,27784.28
1989-12-28,44.4,26.4,35.1,0,0,3.8,25639.83
1989-12-29,44.3,28.5,35.3,0,0,4.3,30545.63
1989-12-30,39.7,27.1,32.3,0.016,2,4.5,30443.61
1989-12-31,41.4,20.5,31.5,0,0,3,30621.13
1990-01-01,48.4,18.1,32.5,0,0,5.5,30664.61
1990-01-02,47.7,32.1,38.1,0.13,5,18.4,30006.39
1990-01-03,31.9,4.7,24.3,0.157,9,9.4,23970.69
1990-01-04,25.4,0.9,10.6,0,0,5.1,30816.95
1990-01-05,31.7,0.3,14.5,0,0,3.9,30874.76
1990-01-06,33.6,-0.7,15.8,0,0,4.3,30935.94
1990-01-07,37.8,8.5,23.2,0,0,4,22357.86
1990-01-08,45.6,19.3,30.6,0,0,3.6,31068.08
1990-01-09,50.6,20.9,32.6,0,0,3.6,31138.87
1990-01-10,49.7,18.9,32.2,0,0,3.9,31212.69
1990-01-11,49.2,21.9,33.8,0,0,3.6,31290.14
1990-01-12,50.3,22.7,34.6,0,0,4.2,31371.71
1990-01-13,48.3,26.1,36,0.083,5,9.2,31457.19
1990-01-14,48.1,30.5,38,0.094,13,13.4,31411.71
1990-01-15,43.8,30.7,36,0.091,11,10,25459.69
1990-01-16,41.7,26.4,32.2,0.051,5,5.5,31735.28
1990-01-17,40.7,22.8,30.6,0.043,8,6.4,31834.56
1990-01-18,40.4,24.2,30.4,0.122,12,9,18194.78
1990-01-19,30.4,24.5,27.9,0.252,22,5.2,536.39
1990-01-20,31.3,13.1,23.7,0,0,3.5,32149.67
1990-01-21,27.3,2.4,14.2,0,0,3.6,32259.87
1990-01-22,33.4,2.2,17.9,0,0,3.6,32371.75
1990-01-23,35.6,7.2,22.9,0,0,4.7,32400
1990-01-24,30.2,11.9,20.7,0,0,12.2,32443.17
1990-01-25,35.6,6.7,22.2,0,0,3.2,32407.29
1990-01-26,43.7,16.6,28.2,0,0,9.4,32468.08
1990-01-27,30.8,17.5,24,0,0,9,32554.35
1990-01-28,36.9,12,23.9,0,0,7.6,32501.27
1990-01-29,40.4,21.3,28.7,0,0,13.8,30400.5
1990-01-30,41.6,19,29.8,0,0,5.4,12662.86
1990-01-31,44.6,29.1,35.8,0.051,4,11.3,22402.42
1990-02-01,40.9,25.4,32.2,0.205,16,7.9,23981.16
1990-02-02,35,23.4,28.5,0.205,12,9.9,25232.01
1990-02-03,36.1,9.6,23.4,0,0,3.8,33434.21
1990-02-04,40,15.1,27.7,0,0,4.5,32677.74
1990-02-05,42.4,23.9,31.8,0,0,6,33788.14
1990-02-06,45.8,19.1,32.3,0,0,7.6,32916.17
1990-02-07,46.7,31.3,38.1,0.004,1,16.4,28553.67
1990-02-08,37.1,22.1,31.3,0.067,7,8.7,33825.95
1990-02-09,40.6,19.8,29.2,0,0,5.8,34646.31
1990-02-10,47,26.3,36.3,0,0,8.3,34059.7
1990-02-11,49.9,27.2,38.9,0,0,3.9,34958.73
1990-02-12,55,29.9,41.5,0,0,15.1,20167.25
1990-02-13,54.2,29.9,42.7,0.004,1,24.1,35282.5
1990-02-14,31.2,20.8,27.5,0.031,4,11.4,32598.17
1990-02-15,25.8,13,18.8,0.106,9,12.1,34158.25
1990-02-16,31.9,-4.5,16.3,0,0,12.1,33539.64
1990-02-17,42.3,23.1,32.8,0.039,7,19.5,32725.94
1990-02-18,44.2,25.7,34.8,0.035,7,13.7,33834.76
1990-02-19,45.7,23.8,33.8,0.146,12,8.6,21086.24
1990-02-20,47,26.2,35.7,0,0,9.2,36317.42
1990-02-21,46.1,27.2,35.2,0,0,7.8,36466.59
1990-02-22,48.6,28.7,38.3,0,0,3.3,36616.99
1990-02-23,53.1,30.6,41.2,0,0,2.6,36768.5
1990-02-24,56,27.9,41.7,0,0,5.2,36920.98
1990-02-25,56.9,27.7,42.1,0,0,4.2,34850.66
1990-02-26,59.2,28.1,44.6,0,0,4.3,37228.29
1990-02-27,52.5,35,43.3,0.012,2,6,31453.93
1990-02-28,52.9,29,40.5,0,0,5.7,37537.89
1990-03-01,55.2,30,43.8,0,0,7.3,37693.25
1990-03-02,57.3,31.1,46.6,0,0,6.3,37848.8
1990-03-03,53.3,34.4,43.9,0.055,6,14.2,9086.41
1990-03-04,60.4,32.3,45.7,0.024,3,9.2,33311.63
1990-03-05,56.9,36.2,45.4,0.035,5,21.4,33566.17
1990-03-06,45.6,32.8,38.5,0.24,21,14.6,1067.89
1990-03-07,47.7,28,37.9,0,0,5.1,38625.55
1990-03-08,59.1,27.5,41.8,0,0,8.3,38779.91
1990-03-09,63.5,34.1,47.5,0,0,9.7,30595.66
1990-03-10,61.5,33.9,47.7,0.012,1,12.1,35804.91
1990-03-11,52.1,37,43.4,0.106,12,21.7,36811.31
1990-03-12,43.9,29.7,36.7,0,0,18.1,39390.75
1990-03-13,40.1,28.1,32.9,0.016,3,11.7,39067.62
1990-03-14,43.4,23.5,32.9,0,0,13.6,39531.95
1990-03-15,45.2,29,36.2,0,0,11.6,39585.58
1990-03-16,47,25.5,36.1,0,0,4.2,39672.86
1990-03-17,53.4,25.1,39.3,0,0,4.7,39638.69
1990-03-18,55.9,29.5,42.8,0,0,8.8,39797.83
1990-03-19,61.4,28.7,45.3,0,0,4.6,39897.34
1990-03-20,64.2,36.8,51,0,0,7.9,25962.59
1990-03-21,68.4,38.6,55.1,0,0,13.4,40157.03
1990-03-22,70.6,42.3,56.9,0,0,8.1,40307.65
1990-03-23,69.2,43.4,56.4,0.004,1,17.5,40267.57
1990-03-24,63.7,40.9,53.6,0,0,9.2,40744.47
1990-03-25,68.3,40,54.4,0,0,8.8,40316.29
1990-03-26,71.3,38,56,0,0,9.7,40902.76
1990-03-27,70,47,59.3,0,0,15.4,38753.12
1990-03-28,64.1,43.3,53.8,0.012,3,14,39600
1990-03-29,52.4,38.5,46.5,0.098,14,5.5,37396.32
1990-03-30,52.8,39.8,45.8,0.087,9,4.4,30109.45
1990-03-31,59.3,32.8,47.8,0,0,3.8,41757.82
1990-04-01,64,33.6,51.2,0,0,4.7,41615.2
1990-04-02,63.9,36.9,52,0,0,4.3,41619.74
1990-04-03,66.8,38.4,54.3,0,0,8.1,42141.36
1990-04-04,68.2,39.6,55.8,0,0,6.7,42512.86
1990-04-05,69.7,40.9,55.9,0,0,15.1,42537.37
1990-04-06,64.6,38.7,53.4,0,0,7.8,42052.11
1990-04-07,69.4,39.3,56.7,0.016,2,12.8,41994.38
1990-04-08,64.4,48.2,55.8,0.067,8,17,40954.72
1990-04-09,64.6,42.7,52.3,0.02,3,14.5,41374.76
1990-04-10,65,40.9,54.5,0,0,4.1,43732.15
1990-04-11,69.8,40.7,58.4,0,0,6.9,43569.61
1990-04-12,71.4,46.3,59.9,0.016,2,15,44018.13
1990-04-13,71.5,50.7,60.9,0,0,13.5,41234.89
1990-04-14,77.2,47.3,63.9,0,0,9.3,43057.86
1990-04-15,81.3,46.1,66.6,0,0,10.1,44218.96
1990-04-16,79.9,44.8,65.6,0,0,14.5,41353.25
1990-04-17,72.2,49.1,62.3,0,0,16.9,41776.21
1990-04-18,62.3,45.3,54.8,0.012,2,8.1,33897.6
1990-04-19,68.2,46.5,57.1,0.008,2,7.9,43251.38
1990-04-20,73.1,41.6,59.4,0.008,1,10.2,44969.15
1990-04-21,78.2,46.1,63.9,0,0,14.2,40930.32
1990-04-22,74.3,49.7,63.4,0,0,17.8,44426.94
1990-04-23,71,46.9,60.8,0.016,2,17,44159.97
1990-04-24,58.7,45,51.6,0.295,19,8.6,37146.88
1990-04-25,62.4,43.5,52.2,0.039,5,10.2,40808.11
1990-04-26,63.3,40.8,52.2,0,0,19,45544.77
1990-04-27,66.7,40.3,54.7,0,0,11.1,41082.63
1990-04-28,79.9,46.2,63,0.02,3,26.6,45651.68
1990-04-29,47.4,35.8,41.9,0.118,9,6.7,34205.99
1990-04-30,51.6,36.3,44.5,0,0,14.6,36754.85
1990-05-01,58.7,36.6,47.8,0.087,6,10.5,44917.95
1990-05-02,63.2,37.5,51.9,0.035,3,5.7,46031.89
1990-05-03,68.7,46.5,57.8,0,0,12.2,46236.19
1990-05-04,71.3,46.5,58.5,0,0,13.3,46377.87
1990-05-05,72.8,44.5,60.2,0,0,8.7,46525.78
1990-05-06,79.4,42.1,64.7,0,0,14.6,46679.35
1990-05-07,82.5,53.2,69.4,0,0,20.9,46748.26
1990-05-08,75.5,46.8,62.1,0,0,27,47001.57
1990-05-09,64.1,38.9,52.4,0,0,7.2,47265.83
1990-05-10,78.7,38.2,61.2,0,0,16,44990.62
1990-05-11,71.5,48.8,61.4,0,0,17.5,46034.95
1990-05-12,73.2,49.9,62.5,0,0,13.5,44296.95
1990-05-13,75.7,50.2,64.6,0.004,1,15.5,47662.46
1990-05-14,78.5,48.3,66.8,0,0,20.5,47843.62
1990-05-15,71.2,52.4,61.2,0.051,5,15.3,39090.55
1990-05-16,66.3,45,56.5,0,0,9,48175.07
1990-05-17,80.8,43.3,64.4,0,0,10.9,46286.72
1990-05-18,76.9,54,66.3,0,0,19.3,48365.57
1990-05-19,76.8,48.1,65.6,0,0,18.4,47092.24
1990-05-20,74.2,51,64.6,0,0,11.2,48548.36
1990-05-21,82.3,47.5,68.1,0,0,9.3,48601.99
1990-05-22,85.7,51.2,71.9,0,0,16.2,47907.91
1990-05-23,84.9,58.2,74.4,0,0,16.5,48677.99
1990-05-24,80.3,60.4,72.2,0.008,1,28,48713.59
1990-05-25,74.6,50.8,64.1,0,0,10.5,48747.55
1990-05-26,78.5,53.1,67.3,0,0,13.3,47694.91
1990-05-27,83,52.8,69.8,0,0,9.1,48815.64
1990-05-28,83.7,54.6,69.4,0.012,1,23.2,43959.12
1990-05-29,67.7,51.1,60.1,0.189,10,11.7,45323.62
1990-05-30,74.1,48.4,63.1,0,0,15.8,48891.68
1990-05-31,79.1,50.6,67.3,0,0,20.1,48915.15
1990-06-01,67.9,48.8,59.8,0.083,2,23,49028.15
1990-06-02,72.8,42.4,59.4,0,0,6.7,49050.51
1990-06-03,85.9,49,70.7,0,0,6.6,49070.5
1990-06-04,95.9,54.2,79,0,0,18.6,49088.18
1990-06-05,95.9,71.3,83.5,0,0,16.1,49103.63
1990-06-06,92.9,61.6,80.6,0,0,19.9,49180.05
1990-06-07,89.1,65.3,79.1,0,0,10.4,49193.68
1990-06-08,91.1,64.1,78.8,0,0,8.5,49205.16
1990-06-09,95.2,62.5,81,0,0,16.7,39503.08
1990-06-10,86,67.6,77,0.075,4,19.5,49149.7
1990-06-11,82.2,63.1,73.7,0,0,20,49052.02
1990-06-12,84.9,57.8,72.7,0,0,21.2,49306.98
1990-06-13,88.9,56.9,76,0,0,19,49465.98
1990-06-14,87.8,63.6,77.1,0,0,20.9,49470.75
1990-06-15,85.7,60,74.4,0,0,22.1,49069.4
1990-06-16,80.1,58.1,70,0,0,14,49474.21
1990-06-17,90.2,53.7,74.5,0,0,11.4,49473
1990-06-18,94.3,56.8,78.8,0,0,19.5,49554.33
1990-06-19,86.4,68.2,77.5,0,0,14.6,49550.38
1990-06-20,87.6,62.6,75.9,0,0,7.6,49630.71
1990-06-21,91.5,65.3,79.8,0,0,9.9,49623.27
1990-06-22,94.9,63.2,81.9,0,0,7.4,49613.46
1990-06-23,98.6,59.8,83.6,0,0,11,49160.48
1990-06-24,97.8,74.6,87.7,0,0,10.1,48964.03
1990-06-25,98.7,72.2,87.9,0,0,8.8,49303.21
1990-06-26,100.6,66.3,86.9,0,0,13,49372.98
1990-06-27,101.1,66.9,87.1,0,0,16.6,49620.48
1990-06-28,100,69.5,88,0,0,12.2,49597.96
1990-06-29,101.5,64.8,86.8,0,0,10.1,49125.33
1990-06-30,100.8,70.2,88.3,0,0,9.9,49368.04
1990-07-01,100.1,69.9,87.3,0.047,2,8.8,48804.28
1990-07-02,98.5,69.4,85.9,0.004,1,15.7,49310.88
1990-07-03,88.2,69.8,78.9,0.043,2,14.5,49183.28
1990-07-04,90.9,64.8,79.4,0,0,5.7,48951.69
1990-07-05,92.3,65.1,80.6,0,0,11.4,47242.01
1990-07-06,92.6,65.5,79.8,0.008,1,13.7,48654.35
1990-07-07,82.9,70.2,74.8,0.173,7,11.4,35339.56
1990-07-08,77.1,65.1,71,0.354,15,6.8,46800
1990-07-09,80.7,62.4,72.2,0.004,1,7.3,48416.92
1990-07-10,85,63.3,74.6,0,0,8.4,48944.91
1990-07-11,91,65.4,78.2,0,0,9.7,48985.38
1990-07-12,93.1,61.5,79.6,0,0,7.8,48941.63
1990-07-13,94.7,63.5,81.1,0,0,17.9,42057.9
1990-07-14,89.9,70.4,81.5,0,0,6.5,48231
1990-07-15,91.1,64,80.1,0,0,15.1,48304.48
1990-07-16,91.5,64.9,80.8,0,0,8.3,48375.63
1990-07-17,93.5,64.4,82.3,0,0,5.1,48183.54
1990-07-18,92.9,68.3,82,0.012,1,10.6,47597.17
1990-07-19,92.8,66.7,80.8,0,0,13,47895.75
1990-07-20,93.8,68.6,81.2,0.067,2,16,47879.21
1990-07-21,90.4,68.4,78.9,0,0,13.4,47919.91
1990-07-22,88.1,61.9,76.7,0,0,8.8,47786.27
1990-07-23,90,64.5,79.9,0,0,16.8,44293.1
1990-07-24,89.7,67.5,78.9,0.02,2,18.8,43739.17
1990-07-25,89.1,64.6,78.4,0.004,1,15.1,47460.07
1990-07-26,91.6,65.3,80.8,0,0,11.7,47445.95
1990-07-27,91.4,66.3,80.2,0,0,10.5,47346.51
1990-07-28,93.1,68.2,81.6,0,0,11.1,47299.77
1990-07-29,92.3,62,80.3,0,0,9.6,47204.41
1990-07-30,92.9,64.1,80.6,0,0,15.5,47119.02
1990-07-31,94.7,62.4,81.7,0,0,8.8,47110.45
1990-08-01,92.7,64.5,80.8,0,0,12.8,46113.44
1990-08-02,89.3,66.1,79.4,0,0,15.1,46800
1990-08-03,90.6,63.8,78.9,0,0,9,46942.25
1990-08-04,92.9,66.2,81.2,0,0,11.6,46876.16
1990-08-05,90.3,64,79.5,0,0,9.3,46754.3
1990-08-06,90,61.6,79,0,0,7.2,46687.43
1990-08-07,93.5,60.9,80.3,0,0,5.7,46573.08
1990-08-08,95.7,62.4,82.4,0,0,5.8,46506.06
1990-08-09,95.1,65.3,83.3,0,0,5.9,46398.53
1990-08-10,96.3,66,83.8,0,0,11.5,46333.95
1990-08-11,89.1,70.9,80.8,0,0,18,45422.37
1990-08-12,87.3,67.7,77.7,0,0,14,46188.79
1990-08-13,84.7,63.8,74.6,0.055,2,10.3,39513.48
1990-08-14,83.4,63.4,73.8,0.012,2,7.4,41467.96
1990-08-15,79.5,64.5,71.4,0.169,8,4.7,40696.29
1990-08-16,75,63.8,68.7,0.413,17,9.1,40815.99
1990-08-17,79,62.1,69.7,0.031,3,5.9,45775.5
1990-08-18,85.6,57.8,72.2,0,0,15.4,45649.39
1990-08-19,85.4,56.9,72.6,0,0,15,45030.23
1990-08-20,83.9,60.5,73.5,0,0,15.4,45393.4
1990-08-21,87.5,59.5,75.2,0,0,12.4,45263.05
1990-08-22,85.6,60.5,74.6,0.016,2,12.3,45131.26
1990-08-23,89,55.5,74.9,0,0,11.1,44998.13
1990-08-24,88.1,56.2,75,0,0,18.5,44863.77
1990-08-25,88.6,60.2,75.8,0,0,17.2,44082.49
1990-08-26,90.8,59.5,77,0,0,16,44591.74
1990-08-27,92.1,58.1,77.6,0,0,11.4,44454.26
1990-08-28,92.2,59.5,78.9,0,0,7.4,44315.95
1990-08-29,95,61.3,81,0,0,6.1,44176.87
1990-08-30,95.6,63.3,81.2,0,0,17.6,44037.14
1990-08-31,91.5,65.1,80.6,0,0,11.5,43852.34
1990-09-01,92.1,66.6,79.9,0.008,1,9.8,41074.65
1990-09-02,79.9,68.2,75.1,0.031,4,9.1,35128.78
1990-09-03,89.3,63.5,75.9,0.031,3,10.8,38771.7
1990-09-04,87,62.8,75.9,0.008,2,9,42661.06
1990-09-05,83.2,63.6,74,0.02,2,8.9,42348.6
1990-09-06,85,62.4,74.7,0,0,7.7,42298.11
1990-09-07,89.7,63.1,77.8,0,0,4.8,42388.16
1990-09-08,90.3,61.2,78.6,0,0,10.1,42189.8
1990-09-09,90.3,61.8,77.7,0,0,12,42014
1990-09-10,89.7,61.2,77.2,0,0,8.3,41966.41
1990-09-11,92,59.6,78.2,0,0,5.9,41960.26
1990-09-12,94.3,59.6,79.7,0,0,5.9,41862.86
1990-09-13,94.3,59.7,79.8,0,0,5.8,41806.14
1990-09-14,95.3,61.6,80.7,0,0,7.2,41721.24
1990-09-15,91.4,63.2,79,0,0,6,41668.82
1990-09-16,82,66,74.5,0,0,13.8,21430.63
1990-09-17,82.1,55.9,70.1,0,0,10.6,41444.54
1990-09-18,67.7,55.4,61,0.453,11,7.4,14796.05
1990-09-19,70.1,53.3,61.3,0.024,3,9.3,41144.31
1990-09-20,66.4,51.2,59.6,0,0,9.1,27954.55
1990-09-21,72.1,49.2,61.4,0,0,5.6,40843.38
1990-09-22,77.1,52.4,65.5,0,0,3.7,40692.89
1990-09-23,74.9,52.5,65.2,0,0,7.6,38882.67
1990-09-24,75.1,54.1,65.6,0.008,2,6.9,40154.49
1990-09-25,80.1,52.8,67,0.012,1,8.9,40242.35
1990-09-26,80.8,50.4,66.9,0,0,9.7,38116.29
1990-09-27,76.2,53.4,65.6,0,0,7.4,18476.62
1990-09-28,74.5,52.8,62,0.13,6,6.8,33667.45
1990-09-29,73.9,51.7,62.9,0,0,5.2,39375.99
1990-09-30,75.5,47.8,63.4,0,0,6.9,39357.86
1990-10-01,73,54,64.7,0.035,5,8.7,37630.37
1990-10-02,71.3,55.1,61.2,0.161,5,10.3,35737.39
1990-10-03,67.6,49.3,59.1,0,0,12.2,38903.47
1990-10-04,73.6,47.5,61.1,0,0,4.1,38611.43
1990-10-05,79.7,44.3,62.3,0,0,12.6,38412.27
1990-10-06,77.4,53.3,65.3,0,0,19.8,38218.56
1990-10-07,72.2,48.4,57.6,0.173,9,18.9,37246.27
1990-10-08,54,41.8,47.1,0.055,7,10.5,37433.51
1990-10-09,56.4,36.8,47.5,0,0,5.4,37674.65
1990-10-10,65,34,50.3,0,0,4.9,37568.81
1990-10-11,66.9,38.9,52.5,0,0,10.9,35449.33
1990-10-12,64,40.3,51.9,0,0,6.5,36432.88
1990-10-13,74.2,35,56,0,0,11.7,36419.32
1990-10-14,71.7,51.2,60.9,0,0,7.4,36801.16
1990-10-15,76.7,40.4,59.9,0,0,8.1,36570.25
1990-10-16,75.8,46.3,62,0,0,18.7,36099.58
1990-10-17,58.6,40.2,50.8,0,0,13,36339.81
1990-10-18,71.3,34.2,54.5,0.008,2,10.9,32719.52
1990-10-19,60.4,46.5,53,0.618,15,16.2,21819.02
1990-10-20,51.4,41.5,45.6,0.087,9,11.4,36080.93
1990-10-21,51,33.1,42.9,0,0,5.1,36019.81
1990-10-22,58.5,30.7,45.3,0,0,5.5,35923.35
1990-10-23,62.3,35.3,49.8,0,0,4,35850.98
1990-10-24,63.3,43.4,52.7,0,0,3.2,35784.46
1990-10-25,67.7,36.6,52.6,0,0,4,35717.48
1990-10-26,67.5,38.9,54.2,0,0,3.2,35571.61
1990-10-27,69.6,43.8,55.8,0,0,3.4,35424.21
1990-10-28,72.2,39.8,54.9,0,0,6.2,35277.51
1990-10-29,72.3,39.2,55.3,0,0,7,35131.7
1990-10-30,72.4,38,54.8,0,0,9.3,34986.89
1990-10-31,68.4,41.6,54.8,0,0,15,25561.81
1990-11-01,63.1,46.1,53.3,0.016,2,19,26845.74
1990-11-02,52.4,38.9,45.4,0.075,8,11,34560.1
1990-11-03,46,35,39.9,0.071,10,14.1,29541.6
1990-11-04,48.9,27.4,39,0,0,5.6,34283.54
1990-11-05,54.5,31.7,41.6,0.134,9,11.2,31180.14
1990-11-06,41.6,30.7,36.2,0,0,9.7,24092.41
1990-11-07,43.2,28.4,34.3,0.047,7,8.8,32073.68
1990-11-08,48,24.7,36.3,0,0,7.1,33752.3
1990-11-09,52.7,29.7,41.1,0,0,5.3,33622
1990-11-10,59.4,28,43.3,0,0,3.4,33492.53
1990-11-11,60.8,28.8,45.3,0,0,3.6,33364.05
1990-11-12,60.6,28,44.8,0,0,3.8,33236.7
1990-11-13,62,28.6,44.7,0,0,3.8,33110.68
1990-11-14,66,30.9,47.1,0,0,5.1,32986.11
1990-11-15,64.6,34.6,50.5,0,0,6.2,30857.06
1990-11-16,61.8,42.6,52.8,0,0,3.4,26522.97
1990-11-17,59.4,38.1,49.4,0,0,7.4,29457.66
1990-11-18,59.5,35.4,49.1,0,0,3,29126.69
1990-11-19,61.5,39.9,50.5,0,0,14.4,23312.48
1990-11-20,54.9,37.7,48.7,0.114,6,24,30630.06
1990-11-21,43.9,28.4,36.2,0,0,9.7,32169.51
1990-11-22,47.5,26.3,36.5,0,0,7.1,32062.92
1990-11-23,51.8,25.2,37.9,0,0,3.7,31959.4
1990-11-24,54.6,26,39.7,0,0,3.7,31859.16
1990-11-25,58.7,24.7,40.2,0,0,9,31762.39
1990-11-26,48.7,29.6,39.3,0.579,16,14.2,15048.89
1990-11-27,34.6,21.5,28.9,0.031,4,11.3,31182.43
1990-11-28,36.2,20.1,26.8,0,0,5.7,31305.66
1990-11-29,39.5,18.4,27.6,0,0,3.4,31172.71
1990-11-30,40.4,20.1,30,0,0,2.5,25233.62
1990-12-01,41.2,20.3,29.7,0,0,3.5,30934.06
1990-12-02,34.6,25.7,29.3,0,0,16.9,30695.92
1990-12-03,35.7,17.6,26.2,0,0,3.5,30795.98
1990-12-04,38.4,17.1,27.2,0,0,3.1,29373.73
1990-12-05,41.7,19.3,30.1,0,0,4,30470.8
1990-12-06,38.5,23.5,30.1,0,0,5.8,30559.53
1990-12-07,40.7,18.1,28.4,0,0,3.2,30544.82
1990-12-08,42.5,18.7,30.2,0,0,2.7,30493.91
1990-12-09,45.4,21.1,32.6,0,0,2.7,30486.66
1990-12-10,47.2,23.4,34.7,0,0,2.7,30453.43
1990-12-11,50.6,21.9,35.5,0,0,3.4,29249.24
1990-12-12,46.5,30.3,37.5,0.087,10,10,18644.15
1990-12-13,48.4,28.3,38.6,0.055,7,15.6,29592.6
1990-12-14,41,24.5,32.9,0.075,3,18.4,30452.4
1990-12-15,40.2,18.7,28.9,0.004,1,3.9,30466.1
1990-12-16,39.1,29.6,33.1,0.161,8,3.9,14672.68
1990-12-17,35.9,23.1,28.5,0,0,8.3,30447.15
1990-12-18,39.5,22.5,29,0,0,9.4,30432.41
1990-12-19,37.7,23.7,30.6,0.043,6,22,29518.02
1990-12-20,31.8,11.5,25.3,0.146,12,19.1,30241.92
1990-12-21,15.8,2.6,8.4,0,0,9.3,30413.17
1990-12-22,11.2,-11.1,0,0,0,7.4,30414.98
1990-12-23,9,-12.2,0.1,0,0,3.9,30420.88
1990-12-24,14.1,-12.4,1.4,0,0,3.9,30430.83
1990-12-25,18.6,-0.7,8.9,0,0,4.3,30444.8
1990-12-26,22.7,2.1,12.6,0,0,4.3,28477.33
1990-12-27,26.2,-2,12.3,0,0,4,30484.63
1990-12-28,35.1,6.5,20.4,0,0,9.1,30510.44
1990-12-29,34.1,1.1,22,0.087,3,19.3,30540.11
1990-12-30,22,-6.2,9.2,0,0,5.8,30573.61
1990-12-31,27.1,-0.9,13.1,0,0,4.1,30610.88
1991-01-01,30,6.9,18.2,0,0,3.2,30651.91
1991-01-02,33.4,13.4,22.8,0,0,2.9,30696.61
1991-01-03,34.6,12.6,24.6,0,0,3.9,21350.12
1991-01-04,29.9,25.7,28.1,0.657,21,3,0
1991-01-05,31.6,27.4,29,0,0,2.1,28028.54
1991-01-06,29.4,19.1,25.8,0,0,3.2,30082.23
1991-01-07,28.4,12.1,20.8,0,0,2.6,30372.44
1991-01-08,32.4,22.7,27.7,0,0,2.1,30268.25
1991-01-09,30.9,16.8,23.1,0,0,2.5,28197.21
1991-01-10,26.9,12.8,21.2,0,0,3.1,31192.29
1991-01-11,26.7,5.9,15.4,0,0,3.6,31272.03
1991-01-12,28.1,5.6,16.8,0,0,3.6,31355.3
1991-01-13,32,12.5,23.1,0,0,3,24512.57
1991-01-14,29.6,8.6,21,0,0,4.3,31531.76
1991-01-15,31.4,8.7,20.6,0.106,11,4,19980.73
1991-01-16,34.7,15.7,26.9,0.012,2,7.5,31720.37
1991-01-17,27.8,2.5,14.3,0,0,4.4,31818.81
1991-01-18,29,3.2,15.6,0,0,3.6,31919.81
1991-01-19,30.4,2.3,17.3,0.047,3,7,32023.22
1991-01-20,26.3,3.8,17.5,0,0,5,26769.19
1991-01-21,22.4,8.2,16,0,0,4,32236.62
1991-01-22,23.1,-3.4,9.3,0,0,3.7,32347.12
1991-01-23,25.4,-1.7,11.1,0,0,4.1,32410.44
1991-01-24,30.7,-3.6,13.2,0,0,4.3,32420.99
1991-01-25,29.5,4.6,16.6,0,0,2.9,32429.21
1991-01-26,30.7,3,17.3,0,0,3.2,32406.6
1991-01-27,31.7,8.5,19.9,0,0,3.9,32466.04
1991-01-28,36.3,-0.1,19.4,0.035,2,12.7,32599.98
1991-01-29,24.9,8,18.3,0,0,8.5,32691.58
1991-01-30,29.4,-1.6,13.8,0,0,3.7,32875.81
1991-01-31,32.3,6.8,19.2,0,0,4.5,32480.37
1991-02-01,34.5,14.7,24.2,0,0,3.4,32633.41
1991-02-02,38.9,15.9,26.2,0,0,2.9,32905.43
1991-02-03,38.8,17.6,27.6,0,0,3.2,31123.92
1991-02-04,40.6,18.9,28.3,0,0,3.4,33642.2
1991-02-05,42.1,16.3,28.6,0,0,4.3,33833.36
1991-02-06,43.5,20.5,30.7,0,0,3,32847.48
1991-02-07,49,20.7,34.5,0,0,3.6,32719.35
1991-02-08,47.7,28.1,36.2,0,0,4.2,33555.16
1991-02-09,47.9,21.5,34,0,0,3.1,34542.56
1991-02-10,45.9,21.8,33,0,0,3.8,33197.64
1991-02-11,47.8,21.3,34,0,0,3.6,34957.61
1991-02-12,47.6,24.9,35.1,0,0,4.9,33251.11
1991-02-13,51.4,31.3,40.4,0,0,12.4,35052.35
1991-02-14,50.2,27.7,39.5,0,0,4.1,35389.33
1991-02-15,53.5,25.9,38.9,0,0,3.6,34271.25
1991-02-16,52.9,33.2,42.3,0.051,6,7.8,6971.44
1991-02-17,46.1,30.3,39.9,0.063,6,13,34279.93
1991-02-18,40.8,27.6,33.2,0,0,9.3,35976.11
1991-02-19,42.7,26.4,33.6,0,0,6.3,36126.16
1991-02-20,49.9,24.2,37,0,0,2.9,36277.26
1991-02-21,52.8,26.6,39.6,0,0,2.8,36429.29
1991-02-22,57,28.2,41.2,0,0,5.1,34625.81
1991-02-23,55.2,30,43.1,0,0,5,36735.52
1991-02-24,45.8,29.1,39.1,0,0,10.1,36889.46
1991-02-25,45.2,25.9,35,0,0,5,37043.78
1991-02-26,47,26.4,36.7,0,0,4.8,37198.34
1991-02-27,54.7,24.2,39.4,0,0,6.8,37353.04
1991-02-28,49.9,32.9,39.8,0.205,10,10.5,12261
1991-03-01,46.4,35.6,40.7,0.173,13,12.6,11290.93
1991-03-02,51.2,34.3,42.1,0.02,3,14.8,37500.29
1991-03-03,57.8,26.4,43.1,0,0,14.3,37970.65
1991-03-04,60.4,30.8,46.5,0.039,3,16.2,28743.77
1991-03-05,59.1,38.2,51,0.067,5,22.9,37217.77
1991-03-06,40.8,27.5,35.6,0.008,1,11.1,38429.38
1991-03-07,41.9,23,33,0,0,8.6,38581.23
1991-03-08,46.3,27.1,36.3,0,0,8.1,38733.76
1991-03-09,54.7,26,40,0,0,8.8,37735.33
1991-03-10,59.6,37.3,47.6,0.02,4,16.1,24457.41
1991-03-11,54.1,34.5,43,0.059,7,30.4,33514.99
1991-03-12,45.5,29.4,36.9,0,0,8.5,39349.68
1991-03-13,50.8,26.7,39.2,0.012,2,6.5,39449.75
1991-03-14,44.8,32.1,38.5,0.122,13,10.4,22382.05
1991-03-15,48.3,31.3,38.7,0.028,4,10.1,39570.51
1991-03-16,50.1,30.7,39.8,0,0,8.9,37341.95
1991-03-17,54.6,31,42.4,0,0,10.4,39723.29
1991-03-18,60.6,28.5,44.2,0,0,7.4,39606.31
1991-03-19,59.5,30.1,43.1,0.012,3,21.3,27896.04
1991-03-20,51.7,34.4,42.2,0.004,1,14.2,39691.86
1991-03-21,47.3,32.2,38.8,0.098,8,13.5,25847.91
1991-03-22,51.8,32.6,41.7,0.008,2,13.5,39838.45
1991-03-23,56.9,27.8,44.4,0,0,13.7,40338.84
1991-03-24,62.8,32.5,48.4,0,0,14.3,39568.18
1991-03-25,62,38,51.1,0,0,25,40682.77
1991-03-26,47.3,33.7,38.6,0.646,21,16.1,151.26
1991-03-27,42.5,21.9,34.1,0.035,5,10.9,37291.3
1991-03-28,50.2,23.2,36.9,0,0,8.1,41346.5
1991-03-29,44.9,30.5,37.8,0,0,17.4,40925.66
1991-03-30,50.6,25.8,37.8,0,0,5.1,41841.48
1991-03-31,59,24.7,42.2,0,0,5.4,41573.68
1991-04-01,64.6,29.6,46.7,0.02,4,7.9,27027.82
1991-04-02,63.1,39,50.7,0.035,5,7.9,41680.6
1991-04-03,62.2,43.6,52.7,0,0,6.7,42550.47
1991-04-04,67.2,36.5,54.1,0,0,3.9,42828.72
1991-04-05,76,35.5,57.2,0,0,10.3,42134.39
1991-04-06,78.7,41.7,61.8,0,0,16.5,43122.86
1991-04-07,68.8,45.4,57.8,0.004,1,21.3,43010.41
1991-04-08,54.2,37.8,45.9,0.012,1,19.4,43414.46
1991-04-09,59.4,33.8,46.7,0,0,7.2,43559.06
1991-04-10,57.3,35,46.5,0.028,2,21.7,42708.78
1991-04-11,45.7,28.6,37.3,0.008,2,11.5,43439
1991-04-12,46.3,27.9,36.4,0.043,5,10.8,43047.62
1991-04-13,46.1,27.2,37.4,0,0,15.5,44127.27
1991-04-14,61.4,29.7,45.8,0,0,12.1,44266.27
1991-04-15,67.6,32,52.2,0,0,16.1,43237.96
1991-04-16,71.3,43.5,57.9,0,0,19.3,44540.18
1991-04-17,68.6,39.7,56.4,0,0,18.5,43771.81
1991-04-18,62.3,45.5,53.3,0,0,12.1,44811.96
1991-04-19,65.2,39.8,52.9,0,0,6,44947.32
1991-04-20,72.8,41.4,58.7,0,0,15.2,44418.78
1991-04-21,65.2,44.1,56.3,0,0,12.2,45216.48
1991-04-22,62.2,40.2,52.3,0,0,10.7,45313.55
1991-04-23,62.9,41.8,53.6,0,0,6.9,45368.2
1991-04-24,68.6,41,57.1,0,0,13.9,45422.78
1991-04-25,66.9,44.5,55.4,0.02,1,26.8,38080.38
1991-04-26,51.5,33.4,43.4,0,0,20.3,45531.64
1991-04-27,52.3,31,41.9,0,0,17.9,42808.85
1991-04-28,54.7,30.5,42.4,0,0,15.1,44033.98
1991-04-29,56,31.3,44.3,0.043,3,14.9,40042.72
1991-04-30,56,31.6,44.5,0,0,8.3,45900.12
1991-05-01,74.3,32.4,55.9,0,0,18.7,45289.67
1991-05-02,63.8,43,54.1,0,0,27.9,45545.7
1991-05-03,63.3,38.5,51.3,0.008,1,13.6,44544.3
1991-05-04,61.4,41,50.6,0,0,15.8,45687.16
1991-05-05,64.2,40.2,53.1,0,0,6.4,46506.09
1991-05-06,73.3,40.2,59.8,0,0,10.2,35095.84
1991-05-07,72.6,50.9,62.3,0,0,10.2,46816
1991-05-08,83.6,46,68.6,0,0,19.5,46425.77
1991-05-09,82,60,71.7,0,0,27.8,44396.52
1991-05-10,74.9,54.5,65.2,0.004,1,24.8,42513.49
1991-05-11,66.2,44.6,56.6,0,0,20.1,41912.58
1991-05-12,67.8,40.6,56,0,0,12.2,47676.83
1991-05-13,81.5,39.7,63.9,0,0,15.3,47753.6
1991-05-14,74,52.3,63.4,0,0,23.4,43040.23
1991-05-15,65.8,43.9,55.3,0.008,1,12.6,43209.21
1991-05-16,70.7,47.5,59.4,0,0,7.8,47835.08
1991-05-17,79.8,45.9,66.4,0,0,22.3,48252.46
1991-05-18,82.6,54.6,70.3,0,0,28.8,48347.64
1991-05-19,84.8,50.8,70.4,0,0,19.3,48440.6
1991-05-20,84.1,51.5,70.3,0,0,17.5,48531.24
1991-05-21,77.9,56.2,66.9,0.047,2,11.9,42318.16
1991-05-22,75.8,49.7,64.7,0,0,13.1,48634.59
1991-05-23,72.8,55,64.3,0,0,9.9,48554.54
1991-05-24,77.6,53.1,66,0,0,7.7,48707.98
1991-05-25,83.3,51.2,69.6,0.012,1,13.7,45694.55
1991-05-26,85,52.6,71.8,0,0,22.5,48774.04
1991-05-27,82,55.9,70.9,0,0,23.7,48804.3
1991-05-28,77.4,55.4,67.1,0,0,12.3,48837.02
1991-05-29,81.5,53.4,69.3,0,0,17.4,48859.43
1991-05-30,79.2,61.1,69.4,0.004,1,22.4,37755.46
1991-05-31,72.3,52.3,63.3,0.083,9,17.6,45307.47
1991-06-01,63.1,50.7,57,0.24,10,7,47401.58
1991-06-02,67.2,50.9,59.1,0,0,8.4,41258.03
1991-06-03,69.3,51,60.2,0.028,3,6.5,35886.71
1991-06-04,81.3,49,67.2,0.012,2,13.9,48982.91
1991-06-05,84.8,53.1,70.6,0.024,3,15.5,45217.34
1991-06-06,81.9,53.4,70.2,0,0,11,49111.16
1991-06-07,86.5,52.2,72.2,0,0,10.5,49188.61
1991-06-08,89.4,56.9,75.6,0,0,12.1,49268.82
1991-06-09,88.3,61.3,76.2,0,0,14.2,49211.62
1991-06-10,86.7,59.5,75.5,0,0,6.4,49076.26
1991-06-11,88.1,57.8,75.8,0,0,9,49051.75
1991-06-12,89.9,59,77,0,0,10,49231.7
1991-06-13,88.4,60.8,75.9,0.051,4,17.9,49057.38
1991-06-14,86.2,60.8,74.7,0,0,17.4,49157.36
1991-06-15,85.4,59,74,0,0,9.3,49235.79
1991-06-16,89.7,58.2,76.5,0,0,16.4,49477.72
1991-06-17,91.6,62.1,79.4,0,0,14.1,49394.04
1991-06-18,94.9,60.8,81.4,0,0,14.7,45442.12
1991-06-19,94.5,68.5,82.2,0,0,21.2,43804.25
1991-06-20,88.5,58.6,76.4,0,0,11.8,49631.84
1991-06-21,90.5,54.3,76.1,0,0,14.5,49623.79
1991-06-22,87.9,59.2,75.7,0,0,14.2,49700.97
1991-06-23,90.2,52.9,75.5,0,0,14.5,49689.3
1991-06-24,92.4,56.1,77.3,0,0,18.2,49675.52
1991-06-25,89.6,59.7,77.4,0,0,20.6,48945.77
1991-06-26,86.3,63.5,76.6,0,0,20.7,43915.88
1991-06-27,90.7,55.5,76.5,0,0,23,45542.12
1991-06-28,90.9,64.8,79.6,0,0,17.4,49510.71
1991-06-29,82.5,66.8,73.5,0.272,8,16.8,45729.44
1991-06-30,82.1,64.1,73.6,0,0,8.7,49552.02
1991-07-01,87.3,61.8,75.3,0,0,6.6,49525.21
1991-07-02,93.1,64.5,80.1,0,0,6.6,49496.79
1991-07-03,92.8,66.3,81.3,0,0,8.4,49466.8
1991-07-04,93.8,64.4,82,0,0,7.3,49435.29
1991-07-05,98,62.9,84.3,0,0,9.2,49314.7
1991-07-06,99,64.9,86.8,0,0,9.8,49280.27
1991-07-07,94.1,73,86,0,0,11.1,44628.07
1991-07-08,92.1,72.9,81.9,0,0,15.4,45009.6
1991-07-09,89.3,67,79.9,0,0,13.6,48830.15
1991-07-10,89.5,66.1,78.7,0,0,13.3,48532.93
1991-07-11,89.4,66.5,78.7,0,0,11,48556.25
1991-07-12,92.6,67.5,80.2,0.024,1,10.7,48554.71
1991-07-13,92.3,61.9,80.3,0,0,4.3,48827.64
1991-07-14,93.8,64.7,82.2,0,0,5.1,48781.29
1991-07-15,95.3,68.2,83.9,0,0,10,48481.02
1991-07-16,95.1,67.1,83.9,0,0,11,48314.84
1991-07-17,94.5,68.3,81.7,0.012,2,14.5,48046.71
1991-07-18,90.9,66.8,80.8,0,0,12.3,47845.75
1991-07-19,91.1,68.9,81.2,0,0,10.6,45952.09
1991-07-20,79,70.6,74.6,0.035,4,10,26125.37
1991-07-21,84.5,62.3,74.2,0.008,1,9.6,47623.04
1991-07-22,90.2,64.3,78,0,0,9.6,47804.68
1991-07-23,90.1,61.8,78.7,0,0,7.6,47541.27
1991-07-24,87.1,65,77.7,0.039,4,12.2,47434.64
1991-07-25,86.4,62.4,75.8,0.035,2,9.3,47332.48
1991-07-26,87,62.9,76.3,0,0,16,46769.98
1991-07-27,90.5,61.2,78.1,0,0,7.7,47313.14
1991-07-28,95.5,62.5,81.9,0,0,8.1,47221.89
1991-07-29,95.3,64.2,82.9,0,0,8.5,47207.95
1991-07-30,94.7,66.2,83.3,0,0,9,47121.59
1991-07-31,93.4,68.6,83.4,0,0,9.8,46800
1991-08-01,91.9,71.7,82.1,0.012,1,11,46800
1991-08-02,90,69,80.5,0,0,12.7,46800
1991-08-03,84.5,70.3,77.5,0,0,7.3,40769.07
1991-08-04,87.6,63.3,76.5,0.008,1,15.9,46829.59
1991-08-05,88,62.3,76.3,0,0,7,46711.49
1991-08-06,81,63.7,73.5,0.063,4,9.4,46609.65
1991-08-07,89.1,59.9,76.3,0,0,9.3,46545.45
1991-08-08,90.8,60.3,78.1,0,0,5.7,46520.13
1991-08-09,92.4,62.7,80.2,0,0,8.6,46413.79
1991-08-10,92.5,63.5,80.2,0,0,7,46346.43
1991-08-11,90.2,64.1,78.1,0.02,2,7.3,34438.65
1991-08-12,84.1,66.4,75.6,0.016,2,9,46063.3
1991-08-13,88.6,65.9,78.1,0.004,1,8,46138.88
1991-08-14,92.9,63,80.5,0,0,11.3,43660.59
1991-08-15,91.4,68.8,80.5,0.016,1,14.1,45994.44
1991-08-16,91.1,63.8,78.9,0,0,10.1,45919.83
1991-08-17,93,66.4,80.9,0,0,8.4,45812.36
1991-08-18,82.1,69.3,76.1,0.008,1,11.4,29862.24
1991-08-19,86.9,62,75.9,0,0,10.5,45555.14
1991-08-20,90.9,62.6,77.8,0,0,13.6,44549.13
1991-08-21,93.9,62.7,80.9,0,0,7.4,45292.75
1991-08-22,94.3,66.9,81.9,0,0,6.8,41295.14
1991-08-23,91.7,63.7,79.3,0.02,1,9.2,40083.34
1991-08-24,91.3,61.9,79.3,0,0,8,43234.22
1991-08-25,91.6,64.2,80.4,0,0,5.8,44486.54
1991-08-26,91.1,67.2,79.9,0.024,1,9.2,42166.5
1991-08-27,86.9,67.5,75.4,0.134,4,14,37448.87
1991-08-28,84.2,64.5,74.6,0,0,8.1,44345.27
1991-08-29,88.2,57.9,75.5,0,0,5.3,44207.48
1991-08-30,92,62.6,79.1,0,0,4.6,44069.35
1991-08-31,88,61.4,76.7,0.024,3,10.7,43012.21
1991-09-01,86.6,62.8,75.2,0.024,2,15,42850.9
1991-09-02,86.6,63.7,75.8,0,0,8.9,43489.8
1991-09-03,91,62.2,77.8,0,0,6.7,43305.23
1991-09-04,88.4,60.8,77.2,0,0,8.7,42767.16
1991-09-05,81.7,63.1,72.6,0.071,6,6.8,37179.78
1991-09-06,72.9,62.6,67.3,0.701,21,3.9,33421.95
1991-09-07,69.6,59.5,64.5,0.378,21,13.6,40552.14
1991-09-08,72.4,56.1,64.3,0.071,5,9.6,41690.77
1991-09-09,80.3,54,66.9,0.008,1,14.5,41994.89
1991-09-10,76.8,59.2,67.1,0.055,6,15.5,41943.21
1991-09-11,73.7,55.7,64.3,0,0,9.2,41929.84
1991-09-12,71.3,51.8,61,0.071,4,5.6,41839.48
1991-09-13,68.6,51.5,60.7,0.055,3,9.9,41787.4
1991-09-14,78.7,48,63.1,0.004,1,16.9,41735.16
1991-09-15,67.7,50.6,59.7,0,0,6.6,41682.76
1991-09-16,71.8,48.5,60.9,0,0,3.8,41625.45
1991-09-17,77.9,45.7,64.3,0,0,6.1,41476.71
1991-09-18,78.7,54.2,66.6,0,0,7.4,41327.97
1991-09-19,78.6,49.6,66,0,0,4.5,41179.31
1991-09-20,80.9,49.8,66.7,0,0,7.6,41030.82
1991-09-21,84.5,51,68.9,0,0,9.2,40882.61
1991-09-22,78.5,58.8,68.7,0,0,5,40734.73
1991-09-23,80.5,48.8,66.2,0,0,9.4,40586.49
1991-09-24,78,52.8,67.1,0,0,7.3,40437.31
1991-09-25,82.3,56,69.7,0,0,3.6,40287.29
1991-09-26,85.5,51.3,69.9,0,0,7.7,40136.5
1991-09-27,83.9,51.8,69.6,0,0,4.8,39985.05
1991-09-28,80.9,54.4,68.2,0.016,2,11.3,38691.73
1991-09-29,77.5,52.6,66.5,0,0,7.3,39302.74
1991-09-30,75.8,57.8,66.7,0.004,1,8.2,39188.82
1991-10-01,78,51.2,66.1,0,0,7.3,39073.44
1991-10-02,79.4,57.5,68.7,0,0,7.5,38956.62
1991-10-03,81.3,59.3,69.5,0,0,14.9,38749.74
1991-10-04,69.2,53.8,61.7,0,0,6.5,38633.37
1991-10-05,71.2,48.9,60.9,0,0,4.1,38351.8
1991-10-06,75.4,44.5,61.7,0,0,3.4,38161.54
1991-10-07,80.8,44.2,64.1,0,0,5.9,37977.66
1991-10-08,80.9,47,66.3,0,0,6.7,37088.91
1991-10-09,79.5,56.7,67.4,0,0,5.9,37497.39
1991-10-10,80.3,51.9,67.1,0,0,5.1,37531.6
1991-10-11,80.4,53.8,67.3,0,0,4.7,37362.62
1991-10-12,79.8,47.7,65.6,0,0,8.3,36890.52
1991-10-13,79.4,59.6,68.1,0,0,12.2,36721.11
1991-10-14,73.6,54.2,63.7,0,0,5.4,36610.62
1991-10-15,77.2,55.1,65.8,0,0,2.9,36467.86
1991-10-16,82.3,43.3,64.4,0,0,9.7,36375.54
1991-10-17,81.1,49.6,67.2,0,0,9.1,36221.61
1991-10-18,75.7,60.3,67.2,0,0,10,36093.77
1991-10-19,71.7,53.5,62.5,0,0,5.7,36000
1991-10-20,69.9,51.2,60.5,0,0,6.2,36040.16
1991-10-21,72.7,44,59.5,0,0,11.5,35999.21
1991-10-22,72.2,47.6,60,0,0,15.9,35930.9
1991-10-23,65.1,48.8,57.1,0.043,3,20.4,35865.04
1991-10-24,55.3,38.5,47,0.173,10,9.5,35798.8
1991-10-25,58.7,39.3,48.9,0.028,4,12.7,35732.21
1991-10-26,63.2,37.9,51.2,0,0,17.1,35600.07
1991-10-27,52.1,37.4,47.8,0.37,13,14.2,666.66
1991-10-28,36.9,29.9,33.3,0.181,17,10.4,9342.13
1991-10-29,38.8,27.4,32.9,0.094,12,13.6,17064.69
1991-10-30,33.7,15.4,28.2,0.091,7,14.8,28098.16
1991-10-31,36.3,20.5,28.7,0,0,4.5,34880.36
1991-11-01,47,26.9,36.7,0,0,8,32837.98
1991-11-02,41.9,26.1,36.8,0,0,10.6,28941.22
1991-11-03,38.9,24.8,31.6,0,0,3.4,33389.17
1991-11-04,46.9,28.1,37,0,0,4.8,34328.36
1991-11-05,54.5,31.6,42.5,0,0,5.7,34191.53
1991-11-06,61.2,34.7,48.3,0,0,6,34055.35
1991-11-07,60,42,51.1,0,0,5,31933.68
1991-11-08,62.5,33.6,47.9,0,0,4.2,31757.2
1991-11-09,64.8,36.4,51.4,0,0,7.5,33652.1
1991-11-10,57,43.7,49.9,0.118,11,6.5,31039.83
1991-11-11,57.9,38.9,47.5,0.02,3,9.1,33389.29
1991-11-12,58.6,31.1,45.5,0,0,3.5,33260.19
1991-11-13,59.6,30.4,44.3,0,0,6.5,33132.85
1991-11-14,55.3,34.1,44.2,0.346,10,14,28784.38
1991-11-15,49.4,38,43.7,0.697,22,8.8,16095.59
1991-11-16,47.7,35.3,41,0.004,1,7.5,31993.93
1991-11-17,49.7,30.4,39,0.035,4,7.1,32644.7
1991-11-18,45.3,30.4,39,0.087,8,12.4,22503.21
1991-11-19,44.7,30,35.6,0,0,5.5,32415.97
1991-11-20,46.2,28.3,36.4,0,0,3.5,29183.87
1991-11-21,48.3,28.1,37.3,0,0,9.3,26799.39
1991-11-22,37.6,26,31,0,0,11.6,31869.23
1991-11-23,35.4,23.6,28.6,0,0,5.7,31912.13
1991-11-24,39.8,22.2,31.3,0,0,2.8,30710.87
1991-11-25,46.1,27.1,35.6,0,0,3.4,31194.8
1991-11-26,50.4,26.5,37.3,0,0,4.8,31152.06
1991-11-27,56,29,40.2,0,0,13.7,30662.79
1991-11-28,39.8,29.9,35.9,0.063,7,6.4,30500.26
1991-11-29,35.2,26.6,30.7,0,0,8.6,29367.02
1991-11-30,31.3,22.8,26.2,0,0,13,29836.86
1991-12-01,30.1,18.5,23.6,0,0,10,30657.87
1991-12-02,35,19,26.5,0,0,6.1,30461.02
1991-12-03,39.3,21.7,30.7,0,0,4.9,30616.29
1991-12-04,41.9,21.2,31.6,0,0,3.6,30539.3
1991-12-05,43.4,24.5,33.7,0,0,2.6,30473.05
1991-12-06,44,24.5,33.9,0,0,3.2,30465.7
1991-12-07,47,22.3,33.3,0,0,4.9,30416.52
1991-12-08,44.3,30.2,36.6,0,0,3,29177.02
1991-12-09,45.1,29,35.9,0,0,3,30411.83
1991-12-10,45.4,24,35,0.043,4,2.9,25988.49
1991-12-11,40.9,34,37.1,0.039,4,3.7,0
1991-12-12,40.7,28.9,33.5,0,0,6.5,30424.35
1991-12-13,42.1,25,32.7,0,0,7,30433.79
1991-12-14,42.3,22.2,31.5,0,0,2.8,30445.95
1991-12-15,42,22.1,31.4,0,0,3.1,30460.75
1991-12-16,40.8,22.6,31.6,0,0,3.1,30103.8
1991-12-17,40,26.7,32.4,0,0,2.7,28332.53
1991-12-18,38.5,26.7,32.1,0.146,8,2.6,16166.44
1991-12-19,38.3,31,34.1,0.146,12,3.5,22433.74
1991-12-20,41.9,24.1,31.6,0,0,4.3,30422.08
1991-12-21,38.7,21.4,29.8,0,0,3.6,29830.63
1991-12-22,40.3,27.1,32.7,0,0,4,30417.53
1991-12-23,39.6,20.5,28.9,0,0,3,30421.23
1991-12-24,39.6,19.5,29.3,0,0,2.9,30428.94
1991-12-25,38.5,20.6,28.9,0,0,2.7,30440.64
1991-12-26,39.8,19.2,28.9,0,0,2.7,30456.34
1991-12-27,38.8,18.2,28.2,0,0,3.4,30476.04
1991-12-28,36.3,18.2,27.2,0,0,3.6,30499.73
1991-12-29,36.3,26.2,30.4,0.094,9,4.3,19217.76
1991-12-30,33.9,23.6,29.1,0.189,14,4.3,251.28
1991-12-31,34.4,26.8,30.2,0.051,11,5.4,29668.11
1992-01-01,32.4,19.6,25.5,0,0,3.2,30634.74
1992-01-02,29.9,12.8,21.3,0,0,3.7,30679.37
1992-01-03,29.3,11.3,20.9,0.043,2,4.5,7735.67
1992-01-04,30.8,23.5,26.4,0.161,11,2.7,23848.72
1992-01-05,33.8,18.2,26.2,0,0,4.2,19762.36
1992-01-06,36.8,22.3,29.3,0.327,14,6.9,8720.58
1992-01-07,30.2,19.6,25.4,0.012,3,5.4,10465.79
1992-01-08,29,11.9,22.5,0,0,4.5,31034.07
1992-01-09,27.3,8.1,17,0,0,3.4,31106.38
1992-01-10,29,3.1,15.6,0,0,3.6,31182.07
1992-01-11,26.5,3.8,15.6,0,0,3.9,31261.04
1992-01-12,28.9,8.9,19.2,0,0,6.4,27538.17
1992-01-13,26.7,2.9,17.5,0,0,3.3,31428.16
1992-01-14,26.5,4.3,14.6,0,0,4.1,31516.05
1992-01-15,29,5.9,15.8,0,0,4.1,31606.65
1992-01-16,29,1.7,15.1,0,0,3.3,31699.81
1992-01-17,30.1,12.6,21.1,0,0,3.3,27617.46
1992-01-18,33.8,15.8,23.4,0,0,4.7,31893.31
1992-01-19,32.2,4.8,18.7,0,0,2.8,31993.38
1992-01-20,33.1,9.4,20.8,0,0,4.1,32095.5
1992-01-21,33.8,15.4,23.4,0,0,3.7,32200.3
1992-01-22,33.4,12.5,22.5,0,0,4.7,32308.52
1992-01-23,36.5,11.3,23.8,0,0,4,32386.39
1992-01-24,41.5,14.4,27.4,0,0,3.2,32400
1992-01-25,42.9,17.5,29.7,0,0,3.6,30382.06
1992-01-26,41.8,17.6,29.6,0,0,2.9,32400
1992-01-27,42.3,19.7,30.9,0,0,5.5,32405.02
1992-01-28,45,20.8,32,0,0,3.7,32400
1992-01-29,47.9,23.2,33.8,0,0,5.8,32443.3
1992-01-30,46.4,22.2,33.4,0,0,2.7,32496.04
1992-01-31,46.6,24.5,34.7,0,0,3.4,32561.51
1992-02-01,45.8,22.3,34.3,0,0,3.5,32501.85
1992-02-02,45.5,27.4,34.6,0,0,6.2,32642.37
1992-02-03,44.9,30.8,36.4,0,0,7.9,25715.69
1992-02-04,44.3,28,35.7,0,0,4.3,32818.74
1992-02-05,43.9,23,34,0,0,3.7,33018.37
1992-02-06,45,27,35.1,0,0,2.8,32433.5
1992-02-07,43.6,25.7,34.6,0,0,4.3,27191.3
1992-02-08,44.3,32.8,37.4,0.008,2,5.8,23761.37
1992-02-09,47.9,27.2,37.1,0,0,8.6,33073.71
1992-02-10,48.7,28,36.4,0.098,6,9.2,20455.19
1992-02-11,45.8,27.9,36.1,0.083,10,11.5,10407.8
1992-02-12,48,30.9,38.5,0.008,2,7.8,32571.7
1992-02-13,38.7,34.2,36.2,0.543,20,5.8,0
1992-02-14,43.2,31.6,37.2,0.012,3,5.8,28285.1
1992-02-15,46.8,27.6,36,0.031,5,11.5,33503.35
1992-02-16,40.4,29.6,34.3,0.228,14,17.2,10255.79
1992-02-17,40.3,27.2,33.1,0,0,9.4,35753.29
1992-02-18,41.8,21.8,31.9,0,0,3.2,35944.78
1992-02-19,46,21,33.2,0,0,3.6,36096.3
1992-02-20,51.5,25.6,38.1,0.028,4,4.6,31676.02
1992-02-21,50.8,30.6,40.2,0.024,3,5.6,36400.95
1992-02-22,47.7,28.9,38.9,0.051,3,7.4,33366.47
1992-02-23,46.3,28.9,37,0.008,1,12.8,36706.84
1992-02-24,46.9,27.1,36.8,0,0,4.9,36859.92
1992-02-25,48.7,29.8,38.2,0,0,13,37012.93
1992-02-26,50.5,29.3,39.7,0,0,5,37165.73
1992-02-27,55,32,43.5,0,0,3.2,37318.21
1992-02-28,56.7,28.5,43.7,0,0,3.4,37470.26
1992-02-29,59.4,28.8,44.2,0,0,4.5,37621.73
1992-03-01,60.7,33,45.2,0.024,2,5.7,33250.77
1992-03-02,59,31.3,44.5,0,0,8.1,36786.76
1992-03-03,52.3,35.4,42.6,0.256,8,7.2,24287.01
1992-03-04,50.1,35.3,42.5,0.154,8,10.4,23615.73
1992-03-05,53.9,39.2,45.7,0.067,5,10.7,31801.69
1992-03-06,55.3,28.9,43,0.004,1,9.4,36552.79
1992-03-07,57.7,30.3,43.6,0.016,2,6.3,38696
1992-03-08,48.5,36.4,41.2,0.272,12,10.3,27849.97
1992-03-09,46.7,30.6,38.4,0.087,6,11.1,35651.92
1992-03-10,48.8,25.1,37.5,0,0,5.4,39162.81
1992-03-11,54.2,33,42.4,0,0,6.3,39318.46
1992-03-12,57.4,34.1,46.1,0,0,4,39435.9
1992-03-13,60.1,31.3,46.8,0,0,3.7,39496.56
1992-03-14,62.9,31.7,48,0,0,8.4,39556.88
1992-03-15,64.2,33.6,48.9,0,0,10.3,39600
1992-03-16,62.4,32.6,48.4,0,0,14,39600
1992-03-17,56.9,37.5,46.1,0,0,15.7,39213.99
1992-03-18,51.7,33.5,42,0,0,12.8,39634.98
1992-03-19,52.3,34.4,43.4,0,0,11.7,39691.98
1992-03-20,59.5,29,45.3,0,0,6,38779.41
1992-03-21,57.8,34.5,45.5,0.028,4,13.1,39159.89
1992-03-22,54,35.8,44.5,0.083,11,5.1,39600.14
1992-03-23,53.5,33.1,43.5,0.039,8,10.5,39758.92
1992-03-24,55.5,32.7,43.8,0.012,2,9.1,40028.27
1992-03-25,58.5,31,45.6,0,0,5.6,38943.09
1992-03-26,63.9,35.6,50.1,0,0,13.6,40244.14
1992-03-27,56.9,39.8,47.9,0.283,13,8.7,13894.05
1992-03-28,52.6,38.9,45,0.339,13,8.1,23695.47
1992-03-29,57.4,32.3,45.8,0.008,1,3.7,41072.12
1992-03-30,57,35,46.3,0.059,7,4,37268.31
1992-03-31,59.7,37.1,48.9,0.055,7,7.8,41133.73
1992-04-01,56.6,41,47.4,0.138,9,6.6,29564.28
1992-04-02,62,37.9,50.1,0,0,12.8,42098.25
1992-04-03,65.3,36,52.5,0,0,8.6,42289.6
1992-04-04,67.4,35.7,52.7,0,0,7.7,42301.05
1992-04-05,66.3,38.9,52.9,0,0,12.5,42209.45
1992-04-06,68.9,39.8,54.4,0.004,1,15.1,42594.54
1992-04-07,66.9,40.5,54.8,0,0,10.6,42490.51
1992-04-08,70.1,40,57.4,0,0,9.5,43098.62
1992-04-09,73.8,41.8,60.3,0,0,11.9,42881.3
1992-04-10,75.2,47.2,62,0,0,14.1,42863.98
1992-04-11,75.6,51.7,64.2,0,0,9,42617.79
1992-04-12,79.8,43.4,63.5,0,0,15.5,43039.18
1992-04-13,79.1,44.3,62.8,0,0,15.4,41807.5
1992-04-14,74,49.1,62.6,0,0,9.1,44364.93
1992-04-15,68.9,49.4,58.5,0.039,4,9.4,43657.96
1992-04-16,67.4,42.1,56.4,0,0,11,43131.75
1992-04-17,75.1,43.4,61.9,0.004,1,18.2,41460.17
1992-04-18,57.8,44.8,50.6,0.051,5,18,43281.84
1992-04-19,60.7,39.1,50,0,0,11,44658.75
1992-04-20,64.5,41.6,53.1,0,0,7.5,45189.12
1992-04-21,70.7,37.9,57.2,0,0,14.3,43754.9
1992-04-22,70.4,47.8,59.5,0,0,15.6,43887.38
1992-04-23,66.8,48.6,57.7,0,0,12,45410.88
1992-04-24,70.9,45.9,58.7,0,0,5.5,44162.67
1992-04-25,74.9,44.5,62.1,0,0,5.5,45518.98
1992-04-26,79.8,45.1,65.5,0,0,6,45572.75
1992-04-27,84.9,47.7,69,0,0,11.6,45626.35
1992-04-28,84.9,59.6,73.2,0,0,9.4,45679.71
1992-04-29,87.2,54.9,73.8,0,0,12.5,43200
1992-04-30,86.6,57.3,73.7,0,0,20.7,45818.64
1992-05-01,82.6,55.5,70.3,0,0,19.1,45934.26
1992-05-02,76.6,53.3,65.5,0,0,8.5,45986.47
1992-05-03,80.4,51.3,67.8,0,0,6.8,45945.86
1992-05-04,81.5,49.1,68.3,0,0,4.9,46087.81
1992-05-05,81,51.5,68.7,0.02,1,5.3,46305.03
1992-05-06,79.4,53.2,68.5,0,0,10.1,44155.93
1992-05-07,75.6,53,66.7,0,0,5.2,42634.31
1992-05-08,78.3,54.8,67.1,0,0,10.5,41439.04
1992-05-09,70.3,48.9,59.3,0.417,9,13.3,42725.68
1992-05-10,63.4,43.8,53.9,0,0,9.5,46976.64
1992-05-11,76.8,41.6,61.5,0,0,12.4,47142.58
1992-05-12,78.9,50.4,66.8,0.004,1,9.3,45541.83
1992-05-13,80.7,48.9,67.2,0,0,12.4,47267.46
1992-05-14,81.2,53.3,69,0,0,9.1,47439.3
1992-05-15,83.9,49.9,69.7,0,0,14.2,47043.25
1992-05-16,82.5,59.6,72,0,0,10.3,47908.69
1992-05-17,85.7,53.3,71.8,0,0,9.4,47972.59
1992-05-18,87.2,54.1,72.8,0,0,12.1,48034.54
1992-05-19,84.3,55.3,69.5,0.083,6,15,40075.28
1992-05-20,70.4,55.7,61.4,0.142,6,7.6,24470.65
1992-05-21,67.4,53.2,58.8,0.106,8,11.5,41779.06
1992-05-22,71.5,48.1,60.6,0.035,2,6.4,45071.18
1992-05-23,72.5,53.7,63.6,0.008,1,6.9,39600
1992-05-24,70,55.7,62.1,0.051,4,5.8,41092.02
1992-05-25,76.4,52.3,64.7,0.079,2,9.9,46869.43
1992-05-26,76.7,53.6,63.5,0.22,5,14.1,37802.09
1992-05-27,72.8,53.8,62.9,0.031,2,16.2,46998.96
1992-05-28,72.2,53.4,63.4,0,0,5.6,47164.22
1992-05-29,74.5,55.2,64,0.039,1,13.1,46078.09
1992-05-30,74.9,48.7,63.1,0.004,1,9.6,48899.69
1992-05-31,78.8,48.9,64.1,0,0,17.9,48921.98
1992-06-01,73.5,49.4,63,0,0,9,48942.65
1992-06-02,81.5,49.1,68.6,0,0,5.3,48961.67
1992-06-03,85.2,62,74,0,0,8.3,43200
1992-06-04,89.1,63,76.2,0.02,2,14.2,48268.64
1992-06-05,83.7,60.3,72.7,0.016,1,15.3,47400.82
1992-06-06,83,52,70.3,0.004,1,11.1,48113.85
1992-06-07,84.6,57.3,72.1,0,0,15.7,48688.34
1992-06-08,81,58.8,70.7,0.008,1,14.1,47387.67
1992-06-09,81.8,57.3,70.9,0,0,7.8,49079.77
1992-06-10,85.9,55.5,73.4,0,0,8.2,49054.76
1992-06-11,86.9,60.3,75.3,0,0,6.4,48511.62
1992-06-12,89.3,56.3,75.4,0,0,16.1,49236.85
1992-06-13,83.5,60.4,73.5,0,0,15,48341.65
1992-06-14,84.8,56.6,71.9,0,0,23.8,48446.89
1992-06-15,74.9,50.4,64.1,0,0,11.6,49313.73
1992-06-16,72.7,54.2,64.2,0.008,1,17.9,49309.8
1992-06-17,79.5,56,68.5,0,0,6.7,49040.57
1992-06-18,91,51.9,74.9,0,0,10.3,49381.07
1992-06-19,92,54.7,77.1,0,0,10.5,49458.44
1992-06-20,92.5,55.6,78.1,0,0,8.1,49449.22
1992-06-21,92.2,60.7,80.4,0,0,6.8,49438.19
1992-06-22,92.9,58.7,80,0,0,8,49425.44
1992-06-23,93.7,67.7,83.1,0,0,15.1,49144.95
1992-06-24,90.7,65.8,79.5,0,0,14,47232.79
1992-06-25,89.7,61.9,78,0.004,1,16.9,46928.71
1992-06-26,83.7,62.7,73.9,0.028,1,11.5,48910.25
1992-06-27,84.8,63.2,74.5,0,0,12.2,48889.75
1992-06-28,91.3,64.9,79.5,0,0,8.8,49047.25
1992-06-29,92.4,63.1,80.9,0,0,20.5,49024.64
1992-06-30,87.2,70.7,79.7,0,0,22,49268.57
1992-07-01,81.9,61.2,71.6,0,0,21.6,48150.55
1992-07-02,76,53.2,66,0,0,9,49212.81
1992-07-03,89.3,53.3,74.4,0,0,7.2,46335.75
1992-07-04,93.6,63.7,81,0,0,17,47375.9
1992-07-05,97.4,68.6,84.8,0,0,14,48855.61
1992-07-06,96.5,70.6,85.4,0,0,15.4,48994.13
1992-07-07,87.3,70.3,78.5,0.012,2,14.8,25928.82
1992-07-08,81.9,63.2,73.2,0.024,3,9.5,26222.51
1992-07-09,88.9,65.3,78.6,0,0,9.2,48285.96
1992-07-10,91.3,65.9,78.6,0.02,1,13.6,42058.63
1992-07-11,86.6,63.3,74.3,0.091,4,14.9,46991.26
1992-07-12,83.6,63.2,72.8,0.008,1,14.2,47522.08
1992-07-13,80.8,61.6,71.3,0,0,9.8,48156.57
1992-07-14,86.6,58.4,74.5,0,0,8.4,48142.31
1992-07-15,88.9,62.7,76.5,0.016,1,13.3,44510.19
1992-07-16,88.4,61.6,76.4,0,0,14.3,47749.3
1992-07-17,91.5,63.4,79.6,0,0,7,47817.26
1992-07-18,92,65.7,80.9,0,0,8.6,46717.23
1992-07-19,90.2,63.3,79.2,0.016,2,11.1,47581.63
1992-07-20,94.1,62.9,80.8,0,0,12.4,47668.62
1992-07-21,94.2,65.4,81.7,0,0,13,47460.01
1992-07-22,92,65.6,80.8,0,0,16.5,46871.04
1992-07-23,88.5,67,78.1,0.165,5,16.1,47157.17
1992-07-24,81.5,63.4,72.1,0.26,7,10.7,32457.23
1992-07-25,81,63.3,72.1,0,0,6.9,45003.27
1992-07-26,84.5,64.7,74.6,0,0,7.9,47143.58
1992-07-27,89.7,58.7,75.9,0,0,8,47137.64
1992-07-28,93,60.1,79.6,0,0,7.6,47051.43
1992-07-29,93.5,63.8,81.1,0,0,16,45703.77
1992-07-30,93.4,60.5,79.8,0,0,8.4,46968.94
1992-07-31,96.7,66.3,84,0,0,11.5,46966.43
1992-08-01,94.6,61.8,81.9,0,0,6.4,46963.16
1992-08-02,96.4,64.5,83.2,0,0,10.2,46896.56
1992-08-03,95.3,64.1,82,0,0,17,46025.89
1992-08-04,93.7,71.5,81.9,0.02,1,11.5,44414.99
1992-08-05,90.8,68.6,80.8,0,0,10.9,36326.71
1992-08-06,86.7,68.6,77.5,0.028,3,10.8,42750.76
1992-08-07,88.6,66.5,78.2,0.012,1,10.7,46499.92
1992-08-08,92.5,65.9,80.7,0,0,12.3,46434.72
1992-08-09,94.1,65.8,82.3,0,0,4.9,46367.77
1992-08-10,92.8,67.8,82.2,0,0,9.3,45919.33
1992-08-11,92.9,67.4,81.4,0,0,10.7,45581.02
1992-08-12,92.3,66.1,81,0,0,7.6,46157.31
1992-08-13,95.5,66.9,82.6,0,0,16.8,45082.92
1992-08-14,95.6,67.8,82.5,0,0,16.8,46009.86
1992-08-15,94.3,68.6,83.6,0,0,9.9,45934.26
1992-08-16,94.8,70.6,83.9,0,0,13.2,44737.35
1992-08-17,90.6,71.3,80.2,0.047,1,14.2,45577.2
1992-08-18,90.5,63.8,78.7,0,0,12.2,45581.56
1992-08-19,92.9,65.5,80.8,0,0,7.8,45285.68
1992-08-20,95.6,65.7,83.5,0,0,9.5,45319.44
1992-08-21,94.1,64.8,81.4,0.004,1,16.8,43605.98
1992-08-22,83.4,66.2,73,0.102,3,17.1,30290.22
1992-08-23,76.1,59.8,68.1,0.059,5,12.8,28878.29
1992-08-24,75.2,59.6,67,0,0,4.8,36771.29
1992-08-25,83,53.5,68,0.02,1,16,40389.45
1992-08-26,76.7,54.2,65.7,0,0,7.2,44517.95
1992-08-27,82.1,47.7,67.8,0,0,8.3,44383.14
1992-08-28,87.1,51.1,72.6,0,0,8.2,44186.17
1992-08-29,88.4,58.5,75,0,0,10.4,42081.45
1992-08-30,86.8,57,73.1,0,0,16.5,41713.24
1992-08-31,77.3,60.9,69.2,0.02,2,16,40726.12
1992-09-01,79.5,53.4,67.9,0,0,11,42508.94
1992-09-02,81.8,56.3,71,0,0,9.6,42753.12
1992-09-03,86.2,57,73.5,0,0,14,37819.04
1992-09-04,78.6,58.6,68.1,0.047,1,19.6,41642.01
1992-09-05,75.8,54.9,65.4,0,0,7.8,42645.19
1992-09-06,83.9,52.3,69.4,0,0,13.7,40500.14
1992-09-07,81.2,62.6,71.3,0,0,7,42060.24
1992-09-08,87.5,53.3,72.9,0,0,11.9,42161.93
1992-09-09,85.8,64.6,75.5,0,0,10.8,42047.05
1992-09-10,85.6,61.3,73.7,0,0,5.8,41990.46
1992-09-11,89.9,55.2,74.4,0,0,15,41853.27
1992-09-12,88.2,62.3,76.8,0,0,18.4,41359.8
1992-09-13,85.4,64.9,75.4,0,0,11.6,41748.9
1992-09-14,85.4,59.3,74,0.012,2,15.1,41696.46
1992-09-15,83.9,59.8,72.9,0,0,11.9,41643.84
1992-09-16,84,61.2,73.2,0,0,8.6,41518.07
1992-09-17,85.7,60.9,74.4,0,0,11.2,41371.47
1992-09-18,80.3,62.2,70.8,0,0,17.5,40270.4
1992-09-19,67.5,57.8,62.5,0.654,8,6.8,31556.44
1992-09-20,72.2,52.4,63,0.031,3,6,40915.73
1992-09-21,74.9,57.4,65.7,0,0,4.1,40775.78
1992-09-22,79.8,50.9,66.7,0,0,4,40625
1992-09-23,83,51.5,67.8,0,0,5.1,39418.71
1992-09-24,84.2,54.9,71.2,0,0,18.2,40101.89
1992-09-25,70.1,50.2,60.6,0,0,15.6,40169.67
1992-09-26,70.4,48.4,59.6,0,0,6.1,39974.21
1992-09-27,77.7,43.8,63.3,0,0,5.6,39748.27
1992-09-28,80.7,52.1,66.9,0,0,6.3,39526.32
1992-09-29,82.4,47.5,67.1,0,0,4.1,39308.63
1992-09-30,82.5,48.7,68.2,0,0,5.4,39095.5
1992-10-01,82.7,51.1,69.1,0,0,6.5,38887.29
1992-10-02,85,50,69,0,0,9.1,38684.31
1992-10-03,81.2,52,67.3,0,0,19.8,38486.93
1992-10-04,70.9,52.4,62.1,0,0,7.2,38295.58
1992-10-05,73.7,50.6,62.4,0,0,5.8,38031.29
1992-10-06,72.2,51.2,61.4,0,0,22.2,37932.53
1992-10-07,58.3,40.2,50.8,0,0,9.3,37832.77
1992-10-08,64.9,37.8,53.1,0,0,6.2,36829.42
1992-10-09,72.5,44.7,59.4,0,0,11.9,37363.02
1992-10-10,71,49,60.5,0,0,4.6,37124.64
1992-10-11,74.9,49.7,62.4,0,0,4.9,36992.84
1992-10-12,77.6,49.6,63.9,0,0,6.6,36728.48
1992-10-13,80.4,44.5,64.2,0,0,10.7,36617.13
1992-10-14,77.7,51.9,65.1,0,0,14.7,36243.52
1992-10-15,71.3,56.5,63.8,0,0,11.2,36305.7
1992-10-16,71,48.9,60.1,0,0,5.1,25652.1
1992-10-17,71.3,49.2,59.6,0,0,7.4,36152.05
1992-10-18,74.8,40.8,58.9,0,0,6.7,36000
1992-10-19,74.6,47.6,61.5,0,0,4.6,32440.27
1992-10-20,76.1,44.3,61.2,0,0,4.4,36002.1
1992-10-21,71,46.5,58.7,0.008,1,14.5,34015.7
1992-10-22,72,47,59.6,0,0,7.8,35881.5
1992-10-23,74,46,60.7,0,0,4.4,35815.82
1992-10-24,75.2,45.5,60.6,0.094,6,5.7,35749.84
1992-10-25,63.1,50.7,56.9,0.154,12,6.2,35638.56
1992-10-26,62,44.4,53.7,0,0,4.1,35495.04
1992-10-27,63.4,42.9,53.8,0,0,4.7,34142.32
1992-10-28,59.4,46.3,52,0.402,21,8.1,24860.21
1992-10-29,57.4,42.6,50.2,0.031,5,12.7,33738.29
1992-10-30,56.9,48.4,51.6,0.217,12,16.6,8394.35
1992-10-31,53,38.5,46.9,0.244,8,14.8,29819.17
1992-11-01,51.3,32.7,42.7,0,0,8.2,34641
1992-11-02,53.1,35.3,43.4,0.157,9,20.1,31763.19
1992-11-03,43.1,30.1,36.1,0,0,14.2,34359.8
1992-11-04,40.8,28.3,35.3,0,0,5.7,32275.24
1992-11-05,43.8,30.3,36.4,0,0,4.8,34082.31
1992-11-06,45.6,29.4,37,0,0,5.4,33945.36
1992-11-07,52,28.7,39.5,0,0,4.3,31586.46
1992-11-08,49.5,34.4,42.4,0.016,2,5.4,33675.84
1992-11-09,48.3,36.2,42.7,0.02,3,8.9,33543.62
1992-11-10,36.5,30.3,33.9,0.165,9,8.2,6625.37
1992-11-11,40.3,25.4,31.8,0,0,7.1,33285.15
1992-11-12,44,23.6,33.1,0,0,3,33159.25
1992-11-13,47.6,24.8,35.6,0,0,3.1,33035.82
1992-11-14,50.8,27.3,38.3,0,0,3.2,32915.08
1992-11-15,53.3,28,40.1,0,0,2.7,32797.19
1992-11-16,52.9,29.5,41,0,0,3,30246.23
1992-11-17,52.8,31.7,42.8,0,0,2.9,30634.45
1992-11-18,50.1,32.7,41.6,0.016,4,3.8,31599.41
1992-11-19,46.8,35.3,40,0.004,1,5.9,32016.43
1992-11-20,37.6,29.4,33.2,0.484,18,10.4,47.62
1992-11-21,38.1,16.8,30,0,0,6.1,31232.02
1992-11-22,41.8,14.2,27.6,0.094,6,6.7,28488.69
1992-11-23,33.5,18.1,28.2,0.004,1,9.9,30023.65
1992-11-24,29.8,18.1,22.4,0,0,9.4,31501.82
1992-11-25,31.5,19,23.9,0,0,6.7,31445.65
1992-11-26,36,21.2,27.6,0,0,4.6,31209.56
1992-11-27,37.8,20.5,29.1,0,0,2.7,30207.67
1992-11-28,37.1,25.3,30.9,0.004,1,2.9,30093.51
1992-11-29,37.2,26.5,30.9,0,0,4.1,30372.16
1992-11-30,39.2,21.2,29.1,0,0,4.8,30805.45
1992-12-01,42.1,22,31.7,0,0,2.7,29331.76
1992-12-02,47.9,25.4,34.1,0,0,4.8,26614.03
1992-12-03,47.7,29.4,37,0,0,11.1,30479.59
1992-12-04,35.3,26,29.7,0.004,1,12.9,30247.92
1992-12-05,31.9,20.8,26.6,0.327,12,4.8,15563.03
1992-12-06,26.4,10,20.1,0,0,4.1,29418.1
1992-12-07,27.7,7.1,17.8,0,0,3.3,28800
1992-12-08,30.8,11.6,20.3,0,0,4.7,30409.17
1992-12-09,34,5.6,19.9,0,0,3.8,28590.47
1992-12-10,33.5,8.3,20.5,0,0,3.7,30417.32
1992-12-11,34.2,11.3,22.5,0,0,2.6,27758.22
1992-12-12,31.4,20,26.4,0.087,10,6.3,4633.88
1992-12-13,30,16,25.2,0,0,14.1,30447.95
1992-12-14,24.5,-4,12.3,0,0,6.4,29972.39
1992-12-15,26.4,6.3,16.9,0.035,6,5.6,20615.54
1992-12-16,26.5,4.9,17.4,0,0,6.7,30464.76
1992-12-17,28.8,0.6,16.5,0.004,1,7.6,29403.84
1992-12-18,31.7,21.8,25.3,0.177,17,6.8,17747.8
1992-12-19,24.5,8.3,19,0,0,5.1,30421.44
1992-12-20,25.1,-3.6,10.8,0,0,4.5,29171.39
1992-12-21,26.2,-2.4,11.6,0,0,3.9,30412.94
1992-12-22,28.5,3.5,15.3,0,0,4.7,30414.93
1992-12-23,32.7,5.5,18.2,0,0,3.1,30421.13
1992-12-24,32.3,4.4,18.3,0,0,3.2,30431.58
1992-12-25,32.3,3.6,18.4,0,0,2.7,30446.32
1992-12-26,30.7,-0.4,14.4,0,0,3.6,30465.75
1992-12-27,30.3,-0.4,16.2,0,0,2.9,28452.95
1992-12-28,39.7,23.8,31.7,0.484,13,4.7,11592.99
1992-12-29,43.2,36.8,39.2,0.024,4,14,18255.01
1992-12-30,41.1,29,37.1,0.134,11,18.8,30587.91
1992-12-31,36.9,18.5,27.8,0,0,3.1,30254.6
1993-01-01,40.7,19.3,31.1,0,0,2.4,21488.15
1993-01-02,45,34.1,38.5,0,0,18.7,20928.62
1993-01-03,32.3,14.1,21,0,0,12.8,30775.94
1993-01-04,32.5,6.6,18.4,0,0,6.2,30832.46
1993-01-05,34.3,13.6,23.6,0,0,4.2,30514.59
1993-01-06,35.3,22.4,28.6,0.189,7,2.8,11642.1
1993-01-07,35.7,30.9,33.2,0.366,22,3.1,0
1993-01-08,42.6,32.1,35.8,0.287,15,4.8,2599.71
1993-01-09,39.2,25.6,31.8,0.028,4,12.3,31166.51
1993-01-10,37.7,29,33.7,0.272,22,8.7,0
1993-01-11,36.8,17.3,30.6,0.161,12,19.8,29306.71
1993-01-12,30.4,9.5,21.9,0,0,4.7,31404.19
1993-01-13,33.5,16.7,26.5,0.047,8,3,9010.59
1993-01-14,38.9,27.6,32.9,0.142,11,2,21407.42
1993-01-15,40.8,29.7,34.9,0.008,2,5.1,27235.85
1993-01-16,42.2,29.4,34.3,0.114,13,4.7,25267.47
1993-01-17,42.1,30.2,35.4,0.256,12,7.9,20273.33
1993-01-18,42.1,26.5,33.3,0.217,11,5.6,26349.71
1993-01-19,35.3,28,32.6,0.705,16,5.7,7725.6
1993-01-20,37.9,16.6,27.7,0,0,3.4,32173.4
1993-01-21,38.3,11.4,24.3,0,0,2.9,32284.05
1993-01-22,40.7,15.4,27.9,0,0,6.8,32381.32
1993-01-23,31,13.9,23.4,0,0,9.1,32405.18
1993-01-24,33.5,10.3,21.4,0,0,3.5,32407.08
1993-01-25,35.9,9,22.6,0,0,3.1,32407.16
1993-01-26,39.8,17.4,28,0,0,2.7,32438.13
1993-01-27,42.6,22.3,32.1,0,0,3.1,32488.32
1993-01-28,42.8,23.2,32.4,0,0,3.4,32541.86
1993-01-29,43.7,22.1,32.7,0.043,4,5,29594.45
1993-01-30,46.4,29.6,36.5,0.079,11,5.3,31089.92
1993-01-31,44,28.6,35.4,0.205,10,4.5,9385.19
1993-02-01,41.5,29.2,35,0.146,18,8.2,26999.21
1993-02-02,41.5,29.1,34.9,0,0,7.8,32723.5
1993-02-03,43.3,27.7,34.4,0,0,7.4,33126.47
1993-02-04,42,26.3,33.1,0,0,4.3,33385.53
1993-02-05,42.8,24.4,32.9,0,0,4.3,33316.1
1993-02-06,44.7,25.1,35.1,0,0,3.9,32400
1993-02-07,42.7,33.5,37.4,0.031,3,3.1,9356.16
1993-02-08,44.1,32.8,38.6,0.394,20,4.7,0
1993-02-09,49.5,36.1,41.8,0.228,12,12.2,30154.93
1993-02-10,43.4,31.7,36.9,0.004,1,7.4,30737.46
1993-02-11,44.3,29.1,36.4,0,0,8.3,34153.96
1993-02-12,43.8,26.8,35.6,0,0,9.3,34516.27
1993-02-13,41.7,27.8,34.2,0,0,6.8,35203.07
1993-02-14,39.8,26.7,32.4,0,0,4.3,29168
1993-02-15,36.6,25.8,30.9,0.008,1,9.2,35615.98
1993-02-16,42.7,25,33.1,0.039,5,12.5,34947.45
1993-02-17,45,28.8,36.1,0.043,5,13.3,34909.63
1993-02-18,47.7,24.8,36.4,0.008,1,4.4,27315.22
1993-02-19,53.1,35,43.8,0.142,12,18,34806.46
1993-02-20,47.4,31,40.7,0.339,14,24.3,34528.15
1993-02-21,40.7,24.5,33,0.043,4,14.6,36518.51
1993-02-22,42.9,24.3,33,0,0,14.3,36668.73
1993-02-23,46.5,24.9,35.1,0.047,6,14,35886.98
1993-02-24,45,32,37.4,0.252,21,13,23849.26
1993-02-25,40.8,27.2,33.7,0.004,1,9.1,36523.41
1993-02-26,41.3,23.9,32.5,0.055,7,5.5,33952.98
1993-02-27,49,27.7,37.1,0.035,5,6.9,36562.87
1993-02-28,47.2,29.4,37.8,0.067,8,6.6,30686.71
1993-03-01,48.8,30.9,38.9,0,0,8.1,37731.75
1993-03-02,46.9,28.1,36.5,0,0,12.9,37886.58
1993-03-03,46.1,28.2,36.5,0,0,5,38041.83
1993-03-04,48.3,25.9,36.2,0,0,7.7,38197.39
1993-03-05,50.6,29.9,40.5,0,0,3.8,38353.14
1993-03-06,54.2,32.9,43.1,0,0,6.5,38508.98
1993-03-07,56,33.3,45,0,0,3.5,38664.79
1993-03-08,59.6,28.7,45.6,0,0,8.4,38820.47
1993-03-09,59.6,32.2,47.5,0,0,9.7,38975.9
1993-03-10,58.3,41.9,49.5,0,0,6.6,37713.21
1993-03-11,50.6,36.8,44.3,0.071,7,10.9,39285.6
1993-03-12,40,27.2,33.7,0,0,12.2,39420.9
1993-03-13,48.9,26.8,37.5,0,0,8.2,39481.59
1993-03-14,57.6,27.6,43.1,0.106,4,10.5,34199.94
1993-03-15,56.5,36.1,46.8,0.012,2,12.7,39600
1993-03-16,59.6,42.9,50.8,0,0,11,39600
1993-03-17,59.5,36.2,48,0.047,7,9.4,11174.88
1993-03-18,58.3,39.5,47.9,0.146,8,11.2,39600
1993-03-19,57.2,37.4,47,0,0,5.4,39758.12
1993-03-20,62.8,32,47.8,0,0,8.1,33296.16
1993-03-21,59.6,37.4,48.3,0,0,9.3,40018.57
1993-03-22,61.2,36.7,49.2,0,0,4.7,40237.63
1993-03-23,67.5,31.4,50.6,0,0,5.7,40438.54
1993-03-24,70.5,34.3,53.5,0,0,13.4,39373.01
1993-03-25,67.1,37.9,53.8,0,0,8.5,40607.58
1993-03-26,68.7,42.5,54.3,0.138,10,12.3,37070.48
1993-03-27,49.3,40.9,45.6,0.272,17,13.1,13454.9
1993-03-28,53.3,38.7,45.3,0.114,6,11.6,36655.38
1993-03-29,52.8,30.1,43,0.016,2,8.5,41367.15
1993-03-30,54.4,37.6,45.7,0,0,17.5,41602.25
1993-03-31,55.6,33.1,45.2,0,0,5.3,41476.17
1993-04-01,62.5,30.7,47.8,0.039,3,8.1,41563.97
1993-04-02,52,37.4,46.2,0.122,8,16.7,42160.23
1993-04-03,58.2,33.8,46.5,0,0,5.6,42440.52
1993-04-04,66.5,32.2,50.7,0.051,6,17.6,38029.26
1993-04-05,61.4,38.3,49.9,0.161,12,14.7,26096.05
1993-04-06,49.7,36.6,42.4,0.193,13,11.8,26812.11
1993-04-07,50.5,31.9,40.8,0.091,7,8.7,43061.36
1993-04-08,56,28.8,43.1,0,0,5.2,43481.12
1993-04-09,67.6,33.3,51.4,0,0,14.9,42194.61
1993-04-10,62.3,41.2,52.1,0,0,12.3,41123.91
1993-04-11,66,42.3,53.9,0,0,14.4,42861.71
1993-04-12,52.1,39.8,45.9,0.075,7,15.3,33966.25
1993-04-13,50.6,30.5,40.8,0,0,9.7,43106.52
1993-04-14,54.2,33.1,43.8,0,0,8,44334.48
1993-04-15,60.6,38.8,49.8,0.004,1,9.6,42797.33
1993-04-16,63.9,44.6,53.5,0.008,1,16.1,44613.86
1993-04-17,71.2,37.5,56.5,0,0,15.4,43321.17
1993-04-18,67.5,41.3,55.9,0.02,3,24.9,44799.52
1993-04-19,58.1,32.5,45.4,0,0,13.8,45025.42
1993-04-20,60.6,38.7,50,0,0,7.4,45160.21
1993-04-21,74.1,34.6,56.3,0,0,10.8,44822.18
1993-04-22,79.8,44.5,64.6,0,0,20.6,44692.46
1993-04-23,65.3,45.6,57.7,0.047,3,14.1,43474.43
1993-04-24,61.2,44.2,52,0.059,5,16.6,45449.63
1993-04-25,65.5,40.7,53.8,0,0,6.2,45503.43
1993-04-26,77.5,39.7,61,0,0,16.3,39600
1993-04-27,71.4,48.6,60.8,0,0,11,45611.34
1993-04-28,69.5,48.5,59.3,0,0,9.5,45704.57
1993-04-29,73.3,49.5,61.4,0,0,13.3,40655.98
1993-04-30,64.6,45.6,55.7,0,0,14.5,44312.64
1993-05-01,66.1,41,53.9,0,0,13.1,45856.8
1993-05-02,69.8,40.1,57.9,0,0,8.4,46045.98
1993-05-03,79.7,42.7,64.7,0,0,18.3,43779.65
1993-05-04,66.1,45.6,57.2,0.185,13,15.9,39689.43
1993-05-05,55.6,38.4,47.1,0.177,13,11.1,38041.54
1993-05-06,64.8,37.2,51.7,0.055,4,14.6,41944.71
1993-05-07,61,44,51.5,0.224,12,13.9,42958.47
1993-05-08,56,42.3,48.2,0,0,16.9,46199.67
1993-05-09,61.4,38.1,49.9,0,0,4.9,46996.05
1993-05-10,71.4,39,56.3,0,0,7.9,47162.82
1993-05-11,77.7,42.1,61.4,0,0,6.4,47333.54
1993-05-12,81,43.1,64.8,0,0,7.9,47507.79
1993-05-13,82.9,49,67.7,0.012,1,8.1,47249.98
1993-05-14,82.2,52.8,69.4,0,0,14.1,47642.81
1993-05-15,81.8,54.3,69.6,0.004,1,14.9,43559.5
1993-05-16,77.1,57.8,66.3,0.417,6,7.8,39862.28
1993-05-17,67.1,56.4,60.5,0.335,12,8.9,36221.47
1993-05-18,72.6,49.7,61.6,0,0,7.1,48254.62
1993-05-19,76.2,48.3,63.4,0,0,10.5,46426.73
1993-05-20,78.7,49.3,65.6,0.02,1,6,48508.41
1993-05-21,81.8,51.8,68.5,0,0,16.5,48612.87
1993-05-22,76,56,67.3,0.02,2,13.7,48650.69
1993-05-23,79.4,54.1,67.5,0.008,1,9.7,48686.95
1993-05-24,85.4,54.2,71.8,0,0,13,48721.64
1993-05-25,86.9,52.4,72.2,0,0,13.5,48754.75
1993-05-26,85.5,59.6,73.1,0.059,3,17.4,48732.21
1993-05-27,82.3,56.1,69,0.161,5,13.4,42073.46
1993-05-28,79.6,53.8,66.1,0.012,1,13.5,40337.79
1993-05-29,79.4,51.7,67.4,0,0,11.3,48871.77
1993-05-30,83.9,52.8,70.7,0,0,4.7,48895.88
1993-05-31,90,51.1,73.9,0,0,17.9,42212.66
1993-06-01,83.4,63.6,74.3,0,0,16.4,48355.42
1993-06-02,80.5,59.5,70.9,0.004,1,19.6,47715.97
1993-06-03,67.7,50.6,60.5,0,0,15.5,49075.7
1993-06-04,78.5,48.2,64.6,0,0,14,43793.56
1993-06-05,81.4,60,71.2,0,0,18,34618.71
1993-06-06,67.7,52.3,62.2,0.043,3,25.7,48256.08
1993-06-07,67.4,45.7,56.8,0.02,2,17.5,49031.85
1993-06-08,70.4,49.8,59.8,0,0,13.6,49040.32
1993-06-09,74.2,50.8,63.2,0.031,2,8,49219.09
1993-06-10,83.4,49.7,69.6,0,0,9.3,49051.77
1993-06-11,88,54.4,74.7,0,0,16.2,49155.95
1993-06-12,89.3,61.1,76.8,0,0,15.1,49232.95
1993-06-13,85.8,59.1,73.5,0,0,5.2,49311.54
1993-06-14,94.6,58.7,79.2,0,0,8.1,49391.51
1993-06-15,94.5,61.3,80.6,0,0,19,49391.57
1993-06-16,91.2,64,79,0,0,22,49307.35
1993-06-17,80.7,60.8,69.8,0.059,3,10.9,42854.62
1993-06-18,74.3,54.7,65.1,0,0,8.4,49295.79
1993-06-19,83.4,53.3,70.5,0,0,7.1,49459.04
1993-06-20,90.5,56.9,76.6,0.004,1,7.9,49364.5
1993-06-21,89.4,61.8,78.1,0,0,18.5,49528.85
1993-06-22,88.1,61.1,77.5,0,0,12.2,49430.21
1993-06-23,85.1,63.9,74.5,0,0,20.4,49505.88
1993-06-24,79,52.3,67.2,0,0,8.7,49580.76
1993-06-25,86.8,59.5,74,0,0,5.6,49564.89
1993-06-26,95.1,57.5,79.7,0,0,8,49189.11
1993-06-27,96.5,61.1,82.3,0,0,13.8,49436.85
1993-06-28,95.6,67.9,84.3,0,0,23.4,49503.9
1993-06-29,94.9,68.5,83.1,0,0,16.3,49479.34
1993-06-30,90.8,67.2,80.5,0,0,9.3,49452.84
1993-07-01,94.4,64.1,81.4,0,0,9.8,49424.43
1993-07-02,96.1,65.1,84.1,0,0,20.6,49394.18
1993-07-03,81.3,66.9,76.1,0,0,17,44214.3
1993-07-04,79.6,59,69.9,0,0,13.2,39324.9
1993-07-05,80.5,55.8,69.2,0,0,9.6,49293.07
1993-07-06,90.1,60.1,75.9,0,0,12.3,49256.11
1993-07-07,94.8,64.8,80.9,0,0,14.4,48613.23
1993-07-08,93.2,69.4,80.8,0.012,1,15.9,41378.62
1993-07-09,94.7,59.5,79.8,0,0,14.3,48886.99
1993-07-10,96.1,67.6,84.5,0.004,1,13.2,48602.66
1993-07-11,95.5,69.2,84.2,0,0,12.5,47949.68
1993-07-12,94.7,69,83.6,0,0,14.8,48767.1
1993-07-13,92.6,65.7,81.3,0,0,14.6,48664.6
1993-07-14,92.3,67.6,82,0,0,15.2,48757.65
1993-07-15,92.2,65.8,81,0,0,18.7,48690.86
1993-07-16,90.2,65.4,79.7,0,0,17.6,48520.34
1993-07-17,89.3,66.3,79.2,0,0,12.1,48454.5
1993-07-18,91,62.9,78.7,0,0,8.1,48426.48
1993-07-19,93.3,59.3,79.2,0,0,13.3,48002.2
1993-07-20,92.2,62.3,79.9,0,0,15.3,48099.39
1993-07-21,89.1,63,77.8,0,0,17.8,47260.41
1993-07-22,88.8,62.6,77.8,0,0,16.6,47646.15
1993-07-23,90.3,65.7,78.9,0,0,19.4,44355.4
1993-07-24,78.4,58.8,69.7,0.094,3,9.3,46920.37
1993-07-25,91.4,59,77.2,0,0,17,47368.54
1993-07-26,91.2,67.7,79.8,0,0,16.3,47317.21
1993-07-27,87.5,63.1,76.2,0,0,7.9,47308.05
1993-07-28,95.7,62.9,81.6,0,0,5.2,47217.35
1993-07-29,96.5,66.4,82.8,0.012,1,12.8,43547.45
1993-07-30,94.7,66.9,83.5,0,0,9.6,47042.96
1993-07-31,98.3,66.8,85.7,0,0,8.6,47037.28
1993-08-01,97.5,69.1,85,0,0,10.2,46963.92
1993-08-02,95.4,71.6,83.4,0,0,11.5,47023.59
1993-08-03,91.4,69.6,81.4,0,0,11.3,46803.62
1993-08-04,85.9,67.2,78.1,0.004,1,13.8,38954.98
1993-08-05,88,67.4,77.2,0,0,12,46645.61
1993-08-06,90.1,62.6,78.2,0,0,13,46582.06
1993-08-07,90.7,61.9,78.5,0.012,2,18.2,43299.39
1993-08-08,90.3,67.5,79.4,0.008,1,13,46450.32
1993-08-09,90.6,65,79.3,0,0,9.4,46382.28
1993-08-10,85.5,66.4,74.8,0.15,7,9.8,46312.89
1993-08-11,89.8,61.8,76.5,0.012,1,14.3,43630.94
1993-08-12,92.9,61.4,78.8,0,0,16.5,46170.42
1993-08-13,92.8,61.7,79.2,0,0,17.9,46097.49
1993-08-14,85.7,62.4,75.7,0.028,1,16.5,45547.15
1993-08-15,88.4,60.2,75.5,0,0,17.8,45948.57
1993-08-16,90.9,60.8,77.7,0,0,20.4,45865.24
1993-08-17,91.1,60.6,78.1,0,0,11.4,45737.58
1993-08-18,90.3,58.2,77.6,0,0,7.3,45609.2
1993-08-19,88,68.2,79.1,0.012,1,9.9,43705.04
1993-08-20,86.8,64.1,75,0.13,3,9.4,45350.64
1993-08-21,83.5,64.8,72.7,0.043,4,15.4,44034.38
1993-08-22,81.2,57.8,69.7,0.024,2,8.7,45090.3
1993-08-23,87.2,55.1,72.5,0,0,5.7,44958.99
1993-08-24,94.3,55.8,77.2,0,0,10.3,44826.18
1993-08-25,87.6,61.9,74.4,0,0,15.8,19300.11
1993-08-26,82.4,59.9,72.7,0,0,8.2,44246.02
1993-08-27,80.7,62.1,72.2,0,0,6.5,35904.29
1993-08-28,83.6,57.2,72.1,0,0,6.9,44281.79
1993-08-29,86.9,59.2,72.8,0.039,3,9.6,42532.25
1993-08-30,81.4,60,71.5,0.004,1,9.7,43809.64
1993-08-31,79.4,56.9,69.7,0.004,1,6.5,43300.53
1993-09-01,84.8,56.8,72.1,0,0,11.3,43126.98
1993-09-02,86.5,60.3,74,0,0,15.7,43539.47
1993-09-03,87,52.7,73,0,0,8.8,43257.39
1993-09-04,91.4,60.9,77.5,0,0,12.2,39402.36
1993-09-05,86.9,63.6,76.5,0,0,10.3,42174.48
1993-09-06,86.6,58.5,74.5,0,0,9.7,42284.95
1993-09-07,86.9,59.1,73.8,0,0,19.1,42071.55
1993-09-08,82.7,60.8,72.4,0,0,4.5,42300.7
1993-09-09,87.5,56.2,74.3,0,0,5.2,42171.41
1993-09-10,89,57.8,75.4,0,0,10,42052.32
1993-09-11,91.1,55.6,76.7,0,0,7.7,41944.34
1993-09-12,88.6,62.8,76.3,0,0,19.8,41812.27
1993-09-13,67.7,54.9,61.3,0.012,2,11.9,41760.05
1993-09-14,71.6,45.7,58.9,0,0,5.2,41707.69
1993-09-15,78.6,46.3,64,0,0,11.4,41655.2
1993-09-16,79.4,51.3,66.5,0.008,1,16.7,41557.45
1993-09-17,77.2,52.4,66.5,0,0,12.4,41408.41
1993-09-18,67.7,49.9,59.8,0.035,5,10.9,41258.74
1993-09-19,71.2,52.2,61.3,0,0,7.9,41108.51
1993-09-20,81.4,45.9,64.8,0,0,11.3,40957.82
1993-09-21,83.4,51.1,68.3,0,0,12.8,40806.77
1993-09-22,85.7,51.6,69.7,0,0,15.8,40655.44
1993-09-23,83,55.5,70.4,0,0,16.3,40503.91
1993-09-24,72.9,53.2,63.6,0,0,10.3,40352.29
1993-09-25,75.4,48.5,63.6,0,0,8.8,40200.67
1993-09-26,74.8,50.1,63.6,0,0,7.3,40049.14
1993-09-27,80.2,46.7,65.7,0,0,6,39897.77
1993-09-28,82.1,49.3,67.5,0,0,6,39746.69
1993-09-29,83,49.2,67.7,0,0,6.8,39595.97
1993-09-30,83.1,49.7,68.5,0,0,10.9,39414.84
1993-10-01,81.6,61.9,71.5,0,0,9.7,39199.93
1993-10-02,79.4,56.6,68.7,0,0,6,38899.26
1993-10-03,80.5,52.6,68.1,0,0,5,38696.08
1993-10-04,82.8,48.5,67,0,0,7,38497.45
1993-10-05,83,48.8,67.8,0,0,9.8,38223.61
1993-10-06,72.8,54.9,62.6,0.602,10,10.3,24274
1993-10-07,59.4,48.7,53.9,0.169,15,11.1,31877.08
1993-10-08,58.1,45.5,50.6,0.52,12,6.8,32166.34
1993-10-09,56.5,41.4,49.1,0.028,3,6,36817.66
1993-10-10,60.5,46.3,53.1,0,0,2.9,37290.9
1993-10-11,66.2,41.5,53.6,0.13,3,4.4,36346.34
1993-10-12,61.4,43.5,52.6,0.067,3,7.2,36783.02
1993-10-13,62.5,43.4,53,0,0,5.8,33666.96
1993-10-14,63.9,46.2,54,0.051,4,7.1,36322.14
1993-10-15,59.6,43.7,50.9,0.102,8,6.5,29697.72
1993-10-16,55.7,43.4,49.8,0.059,4,4.5,27960.16
1993-10-17,53.5,43.3,48.6,0.339,20,5.4,33266.57
1993-10-18,51.7,39.5,45.6,0.161,16,3.5,36000
1993-10-19,54.6,37.2,46.6,0,0,4.5,36085.92
1993-10-20,56.8,39.4,48.4,0,0,5.4,36039.26
1993-10-21,59,35,47.6,0,0,4,35963.39
1993-10-22,60.8,38.9,50.3,0,0,2.7,33103.54
1993-10-23,61.9,45.2,53.1,0,0,3.3,35832.91
1993-10-24,63,41.6,52.2,0,0,4.3,35766.72
1993-10-25,62.3,42.5,51.3,0.008,1,7,35682.75
1993-10-26,52.8,36.7,44.9,0,0,19.1,35536.34
1993-10-27,51.2,31.2,41.6,0,0,5.2,35390.15
1993-10-28,56,29,43.6,0,0,7,28982.63
1993-10-29,45.4,27.4,38.3,0,0,12.5,35098.99
1993-10-30,45.6,25.6,35.2,0,0,3.6,34954.3
1993-10-31,52.1,25.5,40,0,0,3.1,34059.86
1993-11-01,55.5,39.6,45.9,0,0,10.9,32063.51
1993-11-02,49.4,31.3,40.6,0,0,9.4,34525.58
1993-11-03,58,28.1,42.9,0,0,8.1,32513.35
1993-11-04,52.5,33.1,42.6,0,0,14.3,34245.77
1993-11-05,43.9,31.5,37.8,0,0,6.3,34108.15
1993-11-06,45.7,26.1,35.9,0,0,5,33972.28
1993-11-07,49.4,25.1,37.2,0,0,4.2,33702.16
1993-11-08,50.7,29.2,39.4,0,0,4.4,33706.49
1993-11-09,53.3,26.9,39.6,0,0,3.4,33576.91
1993-11-10,56.9,26.8,41.2,0,0,4,28043
1993-11-11,55,29.4,40.7,0.165,10,9.9,20301.72
1993-11-12,49,35.2,40.8,0.118,9,10.3,32064.55
1993-11-13,44.3,30.8,37.1,0.079,7,4.8,31898.86
1993-11-14,41.5,28.1,34.9,0.028,5,6.7,28996.47
1993-11-15,44,25.4,34.5,0,0,4.7,32834.74
1993-11-16,45.2,28.9,36.1,0,0,3.9,32715.55
1993-11-17,46.8,25.7,35.7,0,0,2.7,31418.26
1993-11-18,48.4,27.3,36.7,0.008,1,8.9,28910.14
1993-11-19,38.9,25.2,31.3,0,0,8.3,32368.5
1993-11-20,41.5,26,32.9,0,0,3.4,32256.84
1993-11-21,46,24.9,34.8,0,0,2.7,30211.48
1993-11-22,54.6,34.8,44.5,0,0,15.9,27263.12
1993-11-23,53.2,28.8,44.3,0.075,7,15.5,31362.53
1993-11-24,29.9,21,26.9,0,0,12.9,30630.84
1993-11-25,25.6,15.9,20.9,0,0,9.8,31736.67
1993-11-26,30.4,13.2,21.3,0,0,5.2,31488.82
1993-11-27,37.1,14.6,25.8,0,0,3.6,31429.1
1993-11-28,42.2,20.4,30.9,0,0,3.6,30520.68
1993-11-29,46.1,23.8,34.3,0,0,3.2,31077.15
1993-11-30,50.1,27.7,38.1,0,0,7.5,29393.04
1993-12-01,43.6,29.9,37.4,0,0,6.8,30850.53
1993-12-02,45.7,25.2,33.4,0,0,14.7,29110.31
1993-12-03,39.7,25,31.7,0,0,4.9,30724.26
1993-12-04,49.3,21.7,34.5,0,0,9.7,28210.39
1993-12-05,42.8,29.1,35.8,0,0,3.5,30569.57
1993-12-06,47.8,25,35.8,0,0,8,29093.31
1993-12-07,48.3,28.2,37.9,0,0,3,30499.83
1993-12-08,54.4,27.7,38.9,0,0,7.9,30456.11
1993-12-09,52,28.3,39.9,0,0,4.1,29893.63
1993-12-10,52.6,30.2,40.5,0,0,4.8,30429.36
1993-12-11,54,26.6,39.1,0,0,5.6,30082.83
1993-12-12,42.5,25,36.1,0.075,9,19.3,20100.06
1993-12-13,38,23.2,29.7,0,0,4.8,30454.61
1993-12-14,42.2,20.6,31,0,0,2.9,30222.61
1993-12-15,37.5,22.5,29.6,0.087,10,7.9,22468.21
1993-12-16,36.2,23.6,29.8,0.039,6,8.5,18358.15
1993-12-17,36.3,19.4,27.1,0,0,3.9,30444.54
1993-12-18,36.8,19.6,28.1,0,0,2.5,30429.14
1993-12-19,36.2,20.8,27.8,0,0,10.5,30418.14
1993-12-20,32.9,16.2,25.1,0,0,5.7,30411.6
1993-12-21,34.1,14.2,23.8,0,0,13.1,30409.87
1993-12-22,31.8,13.6,24.2,0,0,7.4,30412.59
1993-12-23,30.8,19.1,25.5,0.004,1,19.5,30419.66
1993-12-24,33.5,13.5,22.9,0,0,3.2,30431.01
1993-12-25,39.8,15.5,26.9,0,0,3.6,30446.58
1993-12-26,41.6,17.7,29.5,0,0,2.6,26034.07
1993-12-27,37.9,27.2,32,0.035,6,2.6,177.18
1993-12-28,38.6,22,29.7,0,0,2.3,30518.03
1993-12-29,35.9,19.3,26.7,0,0,2.7,30549.87
1993-12-30,39.7,16.9,27.7,0,0,2.5,30585.6
1993-12-31,41.1,19.4,29.3,0,0,4.7,30625.17
1994-01-01,44.3,20.1,31.1,0,0,2.9,29005.14
1994-01-02,43.1,24.5,33.4,0,0,5.3,30715.46
1994-01-03,47.9,20.7,32.7,0,0,4.2,30766.05
1994-01-04,50.9,23.4,35.3,0,0,3.8,30820.16
1994-01-05,49.5,28.9,38.6,0,0,14,30877.72
1994-01-06,37.1,22.7,28.9,0,0,12.9,30938.64
1994-01-07,37.7,16.9,27.3,0,0,4.9,31002.85
1994-01-08,42,17.9,30.1,0,0,2.9,31070.26
1994-01-09,38.9,20.6,29.3,0.004,1,5.7,25785.76
1994-01-10,41.5,25,32.7,0,0,3.2,31215.06
1994-01-11,42.5,21.6,31.5,0,0,4.2,29728.89
1994-01-12,40.8,24.5,32,0,0,5.1,31375.88
1994-01-13,43.6,21.8,32.5,0,0,4.6,31462.07
1994-01-14,45.9,22,34.4,0,0,3.4,31551.84
1994-01-15,45.2,23.6,34.6,0,0,2.7,30201
1994-01-16,44.4,28,35.6,0,0,9.7,31741.5
1994-01-17,45.2,23.5,34.4,0,0,6.3,31841.01
1994-01-18,49.2,22.1,35.9,0,0,2.3,31943.4
1994-01-19,51.9,21.7,37,0,0,3.2,32048.51
1994-01-20,51.6,27.4,39.3,0,0,2.9,32156.17
1994-01-21,51.5,29.2,40.1,0,0,2.5,32266.19
1994-01-22,50.1,29.6,39.1,0,0,2.9,32373.99
1994-01-23,51.8,23,38.1,0,0,3.2,32400
1994-01-24,54.9,28.2,40.3,0,0,7.6,32423.7
1994-01-25,52.8,28.6,38.7,0.075,5,9.5,21845.48
1994-01-26,37.2,30.9,33.7,0.362,22,8.6,970.23
1994-01-27,38,31.3,34.1,0.091,12,6.3,19130.37
1994-01-28,37,26.1,30.6,0.043,9,7.5,32433.03
1994-01-29,35.3,17.3,26.8,0,0,6.1,28806.01
1994-01-30,28.9,10.8,22.2,0.039,4,9.1,32723.36
1994-01-31,24.5,8.3,17,0,0,5.6,32994.8
1994-02-01,28.4,3.5,16.7,0,0,5.3,33151.81
1994-02-02,32.5,3.7,18.7,0,0,3.1,33252.68
1994-02-03,36,10.5,23.5,0,0,3.6,33196.65
1994-02-04,32.3,13.7,24.5,0.102,10,3.4,0
1994-02-05,36.5,16.9,29,0,0,6.2,33359.57
1994-02-06,41.1,9.2,24,0,0,4.4,30368.83
1994-02-07,47.9,26.5,37.3,0.055,5,16.3,26584.92
1994-02-08,46.1,31.7,39.8,0.091,12,18.1,32211.38
1994-02-09,40.5,25,32.6,0,0,6.4,34485.95
1994-02-10,47.4,21.8,33,0.008,1,11,34171.67
1994-02-11,40.3,25.2,34.2,0.205,9,17.4,27680.66
1994-02-12,35.8,18.9,27.5,0.008,1,5.1,35142.65
1994-02-13,40.3,11.4,25.2,0,0,3.4,35289.37
1994-02-14,44.3,14.9,29.9,0,0,2.7,34456.16
1994-02-15,48.6,18.1,31.8,0,0,4.6,35583.73
1994-02-16,51.8,22.9,35.8,0,0,4.5,25186.32
1994-02-17,53.8,32.8,42.8,0.031,3,17,28103.77
1994-02-18,46.8,33.9,40.9,0.063,6,16.5,34833.98
1994-02-19,41.6,28.3,33.7,0.016,2,12.1,34435.77
1994-02-20,41.6,21.1,31.3,0.102,8,12.8,27528.03
1994-02-21,40.2,24.7,32.3,0,0,6.8,34484.03
1994-02-22,36.4,21.3,28.5,0,0,12.5,36622.41
1994-02-23,37.5,17.1,26.6,0,0,6.2,36774.48
1994-02-24,51.6,19,34.1,0,0,12,36927.41
1994-02-25,57.1,25.8,40.5,0,0,4.8,37081.08
1994-02-26,60.3,27.6,43.1,0,0,11.4,34805.18
1994-02-27,55.7,37.1,45.4,0.075,5,11.7,30026.41
1994-02-28,51.6,34.5,41.7,0,0,10.4,37545.2
1994-03-01,54.4,32.5,42.4,0,0,6,37700.54
1994-03-02,58.8,28.6,44.6,0,0,3.9,37855.99
1994-03-03,62.2,28.8,46.8,0,0,3.9,38011.43
1994-03-04,64.1,30,48.2,0,0,3.8,38166.76
1994-03-05,64.7,31.7,49.2,0,0,9,36440
1994-03-06,63,37.6,50.2,0,0,5.8,36352.99
1994-03-07,60.6,31.4,46.7,0,0,9.5,38630.89
1994-03-08,57.5,33.7,44.2,0,0,12.8,38784.61
1994-03-09,52.7,31.4,43,0,0,4.9,38937.67
1994-03-10,60.1,26.1,44.6,0,0,10.3,35874.13
1994-03-11,59.8,37.4,48,0.024,3,6.8,32450.57
1994-03-12,58.8,36.2,46.6,0,0,16.3,39393.97
1994-03-13,62.1,34.3,49.1,0,0,5.5,39466.85
1994-03-14,66.2,31.9,52.5,0,0,5,39527.18
1994-03-15,69.4,41,56.4,0,0,3.6,39587.2
1994-03-16,74.8,37.1,57.5,0,0,16.9,39601.37
1994-03-17,66.3,53,59.2,0,0,14,36005.46
1994-03-18,66.8,37,54.7,0,0,17.9,20986.89
1994-03-19,65,45.4,53.4,0.043,3,20.9,24727.58
1994-03-20,58.3,40.4,49,0,0,10.2,39886.62
1994-03-21,66.1,31,51.1,0,0,13.3,40193.45
1994-03-22,65,39,51.9,0.063,5,24.7,40231.38
1994-03-23,49.9,32.6,42,0,0,13,40348.12
1994-03-24,55.2,35.9,45.8,0.024,4,6,38810.24
1994-03-25,58.3,34.3,46.8,0,0,6.8,39844.58
1994-03-26,57.8,32.8,45.3,0.028,5,15.3,40906.4
1994-03-27,45,29.6,37.1,0,0,15.8,40967.11
1994-03-28,59.4,25.7,43.5,0,0,9.1,41514.77
1994-03-29,56.1,34.7,46.8,0,0,16.8,41694.39
1994-03-30,57.2,27.6,44,0,0,5.7,41805.13
1994-03-31,65.2,31.1,50.6,0,0,5.8,42145.63
1994-04-01,65,37.7,50.4,0.067,4,16.5,36584.7
1994-04-02,60.1,34.7,48,0.181,5,6.8,42379.05
1994-04-03,70.1,34.9,53.8,0,0,18.5,38343.02
1994-04-04,56,39.6,49,0.004,1,12.7,41726.68
1994-04-05,54.2,36.9,45.1,0.035,5,10.5,39793.7
1994-04-06,63.2,34.2,50.2,0,0,14.1,34996.16
1994-04-07,58.6,42.7,50.4,0.008,2,16.1,40814.03
1994-04-08,56.4,37.1,47.4,0.012,1,7.9,33637.94
1994-04-09,53.3,40.3,45.6,0.445,19,10.1,32333.14
1994-04-10,50.3,37.6,44.2,0.106,15,7,38556.42
1994-04-11,54.5,35,45.1,0,0,13,43880.69
1994-04-12,61.2,35.7,49.3,0,0,7.1,44023.21
1994-04-13,68.6,34.4,53.7,0,0,8.6,44164.8
1994-04-14,66.6,44.7,55.8,0,0,18.3,43280.11
1994-04-15,67.5,41.1,55.1,0,0,4.6,44444.8
1994-04-16,77.1,38.9,60.8,0,0,6.5,44583
1994-04-17,81.5,41.3,64.7,0,0,8.4,44423.13
1994-04-18,79.2,49.2,67.3,0,0,5.3,41111.9
1994-04-19,81.5,52.5,67.6,0,0,9.3,42743.28
1994-04-20,80.6,46.5,66.5,0,0,14.1,45121.77
1994-04-21,82.2,47.8,68.4,0,0,7.1,45253.89
1994-04-22,82.2,52.5,69.4,0,0,18.1,45327.54
1994-04-23,79.5,50.2,67.1,0,0,21.8,45382.05
1994-04-24,68.5,49.4,59.8,0.004,1,21.5,36475.72
1994-04-25,59.9,42,50.7,0.043,5,16.9,42968.45
1994-04-26,54.4,39.5,46.9,0.008,2,12.5,44059.98
1994-04-27,52.4,38.2,43.6,0.165,15,9.9,26597.27
1994-04-28,54.8,37.8,45.7,0.118,15,7.4,45654.23
1994-04-29,55.2,36.4,46.1,0.075,8,10.3,45346.78
1994-04-30,59.4,36.7,48.9,0,0,6.2,45797.11
1994-05-01,62.9,41,52.1,0.024,2,9,41070.11
1994-05-02,65,43.7,54.9,0,0,6.8,44783.08
1994-05-03,68.3,41.1,56.2,0.028,2,10.7,40588.67
1994-05-04,80.2,41.9,63.1,0,0,7.5,45262.05
1994-05-05,83.8,50.6,69.9,0,0,15.3,44644.43
1994-05-06,82.5,50.6,69.1,0,0,15.3,46680.88
1994-05-07,76.7,46.3,63,0,0,21.9,46479.7
1994-05-08,75.5,48,63.8,0,0,10.5,47002.46
1994-05-09,69.1,52.5,59.7,0.102,6,9.1,18395.07
1994-05-10,74.1,47.2,62.4,0,0,6.1,47141.98
1994-05-11,78.6,48,65.1,0,0,6.4,47106.78
1994-05-12,75.9,53.1,66.3,0,0,7.5,47064.66
1994-05-13,77.3,52,65.8,0,0,12.4,47016.02
1994-05-14,78.7,53.5,67.1,0,0,7.6,47734.6
1994-05-15,84.5,54.4,71.4,0.012,1,20.6,46787.87
1994-05-16,84.2,55.6,72.1,0,0,23.8,48177.14
1994-05-17,80.4,59.1,70.7,0,0,22.4,44174.9
1994-05-18,83.1,55,71.4,0,0,19.3,48367.85
1994-05-19,78.2,52.2,67.1,0,0,22.8,48460.3
1994-05-20,73,52,62.6,0,0,14.8,48550.65
1994-05-21,78.5,50.8,65.5,0,0,5.9,48603.38
1994-05-22,85.1,45.2,69.5,0,0,12,48642.26
1994-05-23,86.1,52.6,72.5,0,0,8.9,48679.54
1994-05-24,84.6,56,72.9,0,0,10.3,48701.73
1994-05-25,76.8,56.4,64.8,0.051,2,19.9,36996.56
1994-05-26,75.9,49,63.6,0,0,6.1,47667.98
1994-05-27,81.8,52.8,69.3,0.008,1,14,48811.89
1994-05-28,79.1,56.7,68.8,0.059,2,9.5,43802.34
1994-05-29,86.3,51.5,71.2,0,0,8.8,48869.18
1994-05-30,92.1,55.7,77,0,0,9,48892.6
1994-05-31,87.5,58.7,73.8,0.091,2,22.4,46293.17
1994-06-01,81.2,55.1,70.1,0,0,7.9,48936.95
1994-06-02,86.6,60.7,74.4,0,0,6.8,48998.38
1994-06-03,94.2,56.9,78.6,0,0,17.1,49070.23
1994-06-04,90.7,65.3,80.2,0,0,15.5,48995.43
1994-06-05,91.1,62.3,79.2,0,0,13.4,48554.02
1994-06-06,91.4,61.1,78.7,0,0,20.9,49015.48
1994-06-07,86.7,63.2,75.6,0,0,16.5,49192.88
1994-06-08,80.3,60.1,71,0,0,11.3,49272.29
1994-06-09,85,59.1,73.4,0,0,9.1,49283.84
1994-06-10,88.9,59.8,76.5,0,0,7.8,49148.69
1994-06-11,93.8,62.8,81.6,0,0,11.6,49226.41
1994-06-12,96.9,59.4,81.9,0,0,16.7,49306.1
1994-06-13,94.4,65.6,83,0,0,20.6,49076.2
1994-06-14,92.9,73.6,84,0,0,23.8,49470
1994-06-15,90.4,69.7,81.3,0,0,23.1,49472.73
1994-06-16,90.5,68.8,81,0,0,20,49473.52
1994-06-17,93.2,63.9,81,0,0,13.7,49472.37
1994-06-18,93.6,65.6,80,0.02,1,13.5,44486.31
1994-06-19,90.3,69.1,79.9,0.016,1,11.2,46174.32
1994-06-20,90.9,65,79.6,0,0,12.5,49026.85
1994-06-21,91.6,65.2,80.5,0,0,14.6,49007.47
1994-06-22,92.1,68.5,81.4,0,0,10.4,49524.06
1994-06-23,97.4,62.1,83.1,0,0,10.1,49599.15
1994-06-24,99.2,71.2,88.2,0,0,8.8,49584.48
1994-06-25,103.1,64,87.9,0,0,9.9,49567.72
1994-06-26,103.9,72.6,90.6,0,0,17.1,49548.92
1994-06-27,97.5,73.6,87.3,0,0,13.5,49438.64
1994-06-28,98.5,71.7,87.4,0,0,13.2,49147.04
1994-06-29,99.8,73.8,89,0,0,14.1,49391.41
1994-06-30,100.6,71.7,89.6,0,0,9.6,49096.75
1994-07-01,99.5,72.2,88.1,0,0,12.9,48131.99
1994-07-02,98.3,74.3,85.8,0.016,1,14.9,48082.46
1994-07-03,95.4,65.5,83.2,0,0,14.1,48746.41
1994-07-04,95.4,66.8,83.5,0,0,14.9,49069.71
1994-07-05,95.2,65.9,83.3,0,0,16.5,49125.05
1994-07-06,87,67.9,77.6,0,0,19.1,49350.86
1994-07-07,82.2,55.8,70.9,0,0,8.7,49227.55
1994-07-08,91.6,59.8,78.5,0,0,8.6,49104.86
1994-07-09,95.9,63,83.2,0,0,8.8,49149.97
1994-07-10,98.3,66.8,85.2,0,0,12.7,48615.92
1994-07-11,97.6,68.2,85.8,0,0,12,48132.91
1994-07-12,95.7,72.3,84.6,0,0,11.5,48573.68
1994-07-13,96.8,63.9,83,0,0,12.6,48429.77
1994-07-14,95.4,66.8,84.3,0,0,10.6,46886.83
1994-07-15,98,65.9,83.6,0,0,9.3,43555.8
1994-07-16,96.9,63.8,84,0,0,11.2,48151.7
1994-07-17,98.2,67.6,85,0,0,8.8,45926.8
1994-07-18,94.7,76,84.7,0,0,15.8,44792.17
1994-07-19,94.1,67.9,83.3,0,0,11.5,47831.04
1994-07-20,94.3,66.6,82.7,0,0,9.2,48042.35
1994-07-21,95.8,66.1,84,0,0,9.8,47902.14
1994-07-22,97,70,84.4,0.059,3,13.4,47453.71
1994-07-23,94.5,68.6,83.6,0,0,8.9,45567.82
1994-07-24,96.1,68.7,85,0,0,10.4,47523.31
1994-07-25,97.2,68.7,85.6,0,0,9.7,47459.94
1994-07-26,98.3,72.3,87.4,0,0,5.9,47318.75
1994-07-27,98.5,67.7,85.9,0,0,10.7,47307.45
1994-07-28,97.2,76.2,87.6,0,0,10.5,47133.79
1994-07-29,97.7,69.9,85.7,0,0,11.5,47204.64
1994-07-30,99,68.3,86.9,0,0,14.5,47044.54
1994-07-31,95.3,75.5,86,0.012,1,11.5,46800
1994-08-01,93.8,72.4,83.1,0,0,12.5,46964.99
1994-08-02,94.5,66.7,82.4,0,0,11.9,46961.44
1994-08-03,96.9,67.2,84.3,0,0,7.6,46937.9
1994-08-04,100.1,65.6,86.2,0,0,7.8,46871.71
1994-08-05,100.2,71.1,87.6,0,0,12.5,46696.49
1994-08-06,98.4,67.7,86.2,0,0,8.1,46593.54
1994-08-07,99,69.4,86.7,0,0,7.1,46528.41
1994-08-08,93.3,73.9,82.5,0.043,2,17.2,24842.66
1994-08-09,84.6,67.7,75.8,0.024,4,8.6,43801.3
1994-08-10,89.7,65.6,78.7,0.004,1,5.1,46325.86
1994-08-11,94,70.3,83.6,0.008,1,9.6,46256.17
1994-08-12,92.6,70.1,82.5,0.031,3,7.5,46185.51
1994-08-13,89.9,69.3,80.6,0.028,2,10,46113.93
1994-08-14,93.2,70,81.9,0,0,12.1,46041.49
1994-08-15,92.7,66.5,81.5,0,0,7.2,45968.26
1994-08-16,98.2,66.2,84.3,0,0,13.3,44451.58
1994-08-17,99.1,67,86.1,0,0,11.5,45772.94
1994-08-18,95.6,74.5,85.9,0.008,2,10.6,38788.93
1994-08-19,89.4,71.3,80.4,0.008,1,9.7,40485.44
1994-08-20,87.2,64.9,77.3,0,0,7.2,45105.27
1994-08-21,91.4,65.4,80,0,0,12.1,45174.51
1994-08-22,92.8,65.5,80.8,0,0,15.6,45126.5
1994-08-23,93,67.5,81.6,0,0,8.4,44993.02
1994-08-24,94.6,64.4,81.6,0,0,11.7,44858.37
1994-08-25,94.2,64.9,81.7,0,0,7.9,44722.66
1994-08-26,95.6,63.1,81.7,0,0,7.3,44585.99
1994-08-27,94.4,65.5,81.7,0,0,12.4,43210.61
1994-08-28,89.5,68,80,0,0,9.4,44225.83
1994-08-29,87.9,63.1,78,0.008,2,8.8,43451.38
1994-08-30,89.4,63.1,78.5,0,0,6.3,43717.24
1994-08-31,89.3,64.1,78.5,0,0,10.5,43103.23
1994-09-01,88,62.9,77.5,0.008,1,15.6,43750.96
1994-09-02,91,60.9,78.2,0,0,15.5,42877.13
1994-09-03,82.6,67.8,75.1,0.126,5,14.3,36568.97
1994-09-04,86,59.7,74.1,0,0,8.5,43186.84
1994-09-05,87.5,60.8,74.7,0,0,5.8,43008.7
1994-09-06,88.1,55.3,73.6,0.008,1,10.5,42528.37
1994-09-07,86.4,56.8,74.2,0,0,6.1,42529.44
1994-09-08,90.9,56.9,77,0,0,6.9,42188.57
1994-09-09,91.6,62.6,78.8,0,0,17.2,42188.64
1994-09-10,89.7,64.4,79.2,0,0,17.9,41928.57
1994-09-11,85.9,65,75.8,0.043,1,16.8,41876.79
1994-09-12,83.8,61.5,73.2,0.075,2,18.3,41824.9
1994-09-13,81.7,59.9,70.7,0.008,1,20,41629.87
1994-09-14,72.4,58.2,65.2,0,0,16.3,41720.72
1994-09-15,72.3,53.2,63.1,0,0,4.7,41668.41
1994-09-16,78,50.7,65.4,0,0,5.7,41588.83
1994-09-17,83.2,50.9,69.1,0,0,9.1,41439.28
1994-09-18,82.9,54.7,70.7,0.004,1,7.5,41289.46
1994-09-19,80.2,58.1,70.6,0,0,7.2,41139.44
1994-09-20,76.1,59.4,67.9,0,0,9.7,40232.05
1994-09-21,77.1,56.6,66.6,0,0,10.7,40839.18
1994-09-22,75,50.9,64.1,0,0,12,40689.12
1994-09-23,80.4,53.9,67.8,0,0,4,40539.22
1994-09-24,83.8,55.5,70.9,0,0,5.2,40389.57
1994-09-25,83.4,55.3,70.9,0,0,5.1,40240.28
1994-09-26,83.9,56.4,71.1,0,0,6.5,40091.41
1994-09-27,84.4,52.4,70.2,0,0,6.5,39942.26
1994-09-28,87,49.7,70.7,0,0,7.3,39792.22
1994-09-29,80,61.6,69.9,0.051,6,15.2,24162.87
1994-09-30,69.5,53.1,60.6,0.327,17,11.2,38480.97
1994-10-01,61.8,48.3,54.6,0.177,8,9.2,36423.94
1994-10-02,68.1,45.5,57.1,0,0,7.4,38838.43
1994-10-03,71.3,50.2,59.8,0.012,2,18.8,15426.15
1994-10-04,74.4,51.5,61.7,0.035,5,13.2,38100.01
1994-10-05,66.7,48.8,57.6,0.067,4,19.4,21928.97
1994-10-06,61.6,42.7,51.7,0,0,10,38018.9
1994-10-07,61.8,42.8,51.9,0,0,7.6,37567.59
1994-10-08,65.6,42,54.6,0,0,6.5,37844.84
1994-10-09,69.5,39.6,56.3,0,0,4.8,37670.48
1994-10-10,72.9,38.9,57.2,0,0,4.7,37564.93
1994-10-11,74.3,40.4,58.7,0,0,15.1,37401.57
1994-10-12,72.9,46.1,60.4,0,0,6.5,37200.18
1994-10-13,76.6,45.1,61.9,0.016,2,13.9,36000
1994-10-14,65.8,50.5,57.3,0.031,2,17.2,36000
1994-10-15,50.2,41.4,46.6,0.48,20,15.5,2023.57
1994-10-16,48.6,37.8,42.6,0.098,4,10.4,36229.66
1994-10-17,49.3,35.9,42.7,0.031,5,10.1,24434.79
1994-10-18,55.6,34.8,46.1,0,0,6.5,36000
1994-10-19,56.7,36.3,46.8,0,0,4.9,36088.13
1994-10-20,59.2,34.4,47.9,0,0,5.8,36039.87
1994-10-21,62.1,36.7,50.2,0,0,5.3,36017.61
1994-10-22,62.6,36.3,50.8,0,0,4.7,35921.13
1994-10-23,65,36.6,51.8,0,0,4.7,35855.26
1994-10-24,62.6,40,52.4,0,0,5.1,26116.14
1994-10-25,64.1,39.8,52.9,0,0,3.9,35714.39
1994-10-26,64.6,35.7,52.3,0,0,7.9,35566.33
1994-10-27,67.7,39.3,54.9,0,0,5.2,28685.29
1994-10-28,70.7,37.2,54.8,0,0,6.8,35272.37
1994-10-29,62.7,43.1,53,0,0,5.8,35126.77
1994-10-30,56.6,40.1,48.6,0,0,12.6,34982.28
1994-10-31,56,33.3,45.3,0,0,4.8,34839.05
1994-11-01,68.4,30.4,51,0,0,14,34005.36
1994-11-02,62.7,46.6,55.7,0,0,20.1,27789.29
1994-11-03,49,36.2,41.8,0.142,13,13.8,28085.06
1994-11-04,43.7,28.8,36,0,0,6.7,34282.09
1994-11-05,55.1,29.5,41.3,0,0,5.6,34147.66
1994-11-06,65.1,32.1,47.6,0,0,6.4,34014.77
1994-11-07,64.7,38.1,50.6,0,0,13.3,33882.44
1994-11-08,53.5,41.7,46.7,0.031,2,11.2,32309.77
1994-11-09,58.7,29.7,44.7,0,0,8.3,33619.78
1994-11-10,65.3,32,47.9,0,0,10.6,33489.75
1994-11-11,64.3,37,50.7,0,0,11.2,31587.28
1994-11-12,51.6,38,45.9,0.268,13,14.7,5967.17
1994-11-13,40.8,25.4,34.2,0.02,4,16.2,32160.66
1994-11-14,37.5,22.8,29.4,0,0,4.3,32982.07
1994-11-15,43,23.3,32.1,0,0,3.1,32859.04
1994-11-16,51,30.5,40,0.079,5,16,6751.37
1994-11-17,40.7,27.4,34.3,0.028,2,15.7,31581.61
1994-11-18,40.4,31.2,34.6,0.185,12,12.8,19021.21
1994-11-19,36.2,25.3,30.3,0.122,12,12.4,10168.34
1994-11-20,37.8,20.4,29.2,0,0,5.7,32276.04
1994-11-21,37.7,28.8,33,0,0,2.3,20983.3
1994-11-22,38.9,25.8,31.3,0,0,3.7,32061.21
1994-11-23,39.8,19.9,29.7,0,0,3.3,31958.5
1994-11-24,42.3,22.2,31.5,0,0,3.2,30767.17
1994-11-25,49.5,26.2,35.9,0,0,13.6,30986.39
1994-11-26,40.4,27.2,33.5,0.047,3,11.9,9265.27
1994-11-27,30.4,19.2,24.8,0,0,10,31536.53
1994-11-28,33.1,18.2,24.9,0,0,16.4,31306.56
1994-11-29,33.7,17,25.4,0,0,5.8,31173.5
1994-11-30,40.9,21.2,30.5,0,0,3.3,30973.9
1994-12-01,45.5,21.3,33.2,0,0,2.8,30863.72
1994-12-02,44.9,20.9,32,0,0,4.9,30696.87
1994-12-03,49.5,23.4,35.5,0,0,7.1,29627.46
1994-12-04,52.6,32.1,41.7,0,0,7.7,28902.71
1994-12-05,45.2,36.2,40.2,0.114,11,5.5,122.56
1994-12-06,45,31.6,37.9,0.319,9,10.8,14056.75
1994-12-07,44.3,26.7,34.3,0.272,14,12.3,30416.82
1994-12-08,31.5,21,25.5,0,0,6.6,30457.61
1994-12-09,30.8,19.5,24,0,0,3.9,30416.5
1994-12-10,32.4,16.5,24.6,0,0,3.4,30358.77
1994-12-11,35.8,22.1,27.9,0,0,6,30432.61
1994-12-12,40.1,19.3,28.9,0,0,3.8,30084.95
1994-12-13,40.6,25.5,32.3,0.024,4,11.7,30441.66
1994-12-14,35.5,25,29.3,0.035,5,5.4,30453.24
1994-12-15,36.7,23.1,28.7,0,0,5.8,26482.28
1994-12-16,39.9,18.9,28.4,0,0,2.9,30468.58
1994-12-17,42.5,22.7,31.7,0,0,2.5,30449.96
1994-12-18,45.3,21.4,32.5,0,0,2.9,30435.45
1994-12-19,41.2,24.5,32.6,0,0,4.6,30425.05
1994-12-20,42.8,23.1,31.8,0,0,2.7,30418.75
1994-12-21,46.1,22.8,33.5,0,0,3.1,30416.54
1994-12-22,47.8,22.7,34.4,0,0,3.4,30339.84
1994-12-23,45.8,29.4,36.6,0.008,2,2.7,1530.37
1994-12-24,44.1,32,37.9,0.039,7,4.1,14834.54
1994-12-25,46.2,30.2,37.4,0.13,11,4.3,27986.96
1994-12-26,45.7,30.3,37.4,0,0,3.3,30465.91
1994-12-27,45,25.1,34.8,0,0,2.7,30487.69
1994-12-28,45.2,27.3,35.8,0,0,2.7,30513.38
1994-12-29,44.5,30.8,37.1,0.008,1,2.9,28168.08
1994-12-30,40.1,31.1,35.2,0.177,9,6.5,20330.66
1994-12-31,34.5,20.7,27.9,0,0,7.1,30613.45
1995-01-01,33.1,16.5,24.4,0,0,4.3,30148.91
1995-01-02,34,22.9,28.3,0,0,3.7,27417.61
1995-01-03,36.7,20.7,28.8,0,0,3.5,29073.72
1995-01-04,35.3,27.8,30.3,0.051,7,3.9,11484.86
1995-01-05,35.2,30,32.6,0.343,16,4.1,3539.81
1995-01-06,37.7,23.7,29.7,0,0,10.1,30915.66
1995-01-07,35.9,20,28.5,0.024,4,4.3,6880.43
1995-01-08,43.7,28,35.2,0,0,4.7,18316.02
1995-01-09,49.7,31,38.4,0,0,3.9,28876.23
1995-01-10,47.8,27.8,36.5,0,0,5.7,20187.61
1995-01-11,48.5,32.3,39.6,0.071,9,13.4,31278.27
1995-01-12,44.6,29.9,36.3,0.02,2,5.1,31361.71
1995-01-13,46.1,25.4,35.5,0,0,3.1,31448.4
1995-01-14,48.8,26.5,36.9,0,0,5,31538.21
1995-01-15,51.6,31.6,40,0.106,6,17.7,31630.95
1995-01-16,38.9,27.2,33.5,0.059,4,12.5,30214.07
1995-01-17,34,23.9,29.1,0,0,6.6,31824.66
1995-01-18,36.2,22.1,28.6,0,0,6.9,31925.32
1995-01-19,39.6,20.6,30.3,0,0,3.2,32028.32
1995-01-20,40.7,25.4,31.7,0,0,5.8,30885.68
1995-01-21,37.4,25.8,31,0,0,5.2,32048.61
1995-01-22,38.7,21.8,30.2,0,0,2.9,32350.4
1995-01-23,39.6,19.4,30.1,0,0,3.2,32400
1995-01-24,42.6,28.9,34.9,0.012,1,3,22631.59
1995-01-25,52.1,25.6,38.5,0.024,2,4.5,25342.58
1995-01-26,47.7,32.6,38.8,0.028,4,11.8,31543.63
1995-01-27,43.3,30.5,35.8,0.035,4,10.2,32511.55
1995-01-28,40.1,26.9,33.2,0,0,6.5,32600.95
1995-01-29,40.8,25.8,32.4,0,0,8.1,32702.74
1995-01-30,42.5,21.1,32.3,0,0,4.1,32734.39
1995-01-31,48.8,25.3,37.9,0,0,4.1,32401.9
1995-02-01,54.3,29.7,41.8,0,0,4.6,32831.94
1995-02-02,57,34.6,45.1,0,0,11,33142.77
1995-02-03,53.8,32.4,43.5,0,0,3.4,33370.89
1995-02-04,55.1,28.1,42.3,0,0,4.1,33098.98
1995-02-05,55.7,33.9,45.1,0,0,4.9,33775
1995-02-06,56.8,36.7,46.2,0,0,4.3,33937.18
1995-02-07,58.5,29.4,44.1,0,0,4.6,32600.49
1995-02-08,50.5,33,40.3,0.106,7,7.8,27869.84
1995-02-09,49,33.6,40.5,0.008,2,8.8,34383.41
1995-02-10,50.6,32.8,40.5,0,0,16.2,34575.26
1995-02-11,48.3,31.7,38.5,0.035,5,15.9,33095.36
1995-02-12,50.2,30.6,39.4,0.161,10,15.1,33392.91
1995-02-13,50.6,37,43.9,0,0,20.6,21100.63
1995-02-14,52.8,27.2,42.9,0.138,11,30.3,28197.58
1995-02-15,40.5,23.2,31.1,0,0,5.4,35537.71
1995-02-16,46.8,25,35.6,0,0,3.3,35684.55
1995-02-17,53.3,23.6,38.6,0,0,5.4,35832.8
1995-02-18,54.7,27.4,40.7,0,0,10.2,35982.29
1995-02-19,55.9,32.6,44.1,0,0,3.1,36132.89
1995-02-20,61.8,31.7,45.6,0,0,6.8,36284.46
1995-02-21,63.2,30.9,47.7,0,0,4.3,36436.84
1995-02-22,63.2,36,49.2,0,0,6.4,36589.89
1995-02-23,62.5,37.4,48.1,0,0,7.1,36743.49
1995-02-24,62.6,30.7,48.1,0,0,5.3,36897.49
1995-02-25,59.1,32.7,46.5,0.008,1,8.6,36336.97
1995-02-26,59.3,32.2,47.3,0,0,7.4,37206.22
1995-02-27,60.1,32.3,48.7,0,0,9.6,37360.69
1995-02-28,56.5,37.1,48,0.012,2,7.8,31488.44
1995-03-01,47.9,38,42.3,0.713,23,5.4,23372.83
1995-03-02,47.9,35.7,41,0.161,10,4.3,32646.63
1995-03-03,53,31.9,42.9,0.051,8,13.5,36882.12
1995-03-04,49.3,33.1,42.8,0.043,3,12.2,38129.27
1995-03-05,54,32.9,43.5,0.154,13,13,33330.3
1995-03-06,43.5,30.5,38.3,0.138,5,13.5,38433.17
1995-03-07,45.2,26.6,34.9,0,0,4.5,38585.63
1995-03-08,54,24.1,38,0,0,8.6,38738.81
1995-03-09,60.3,27.3,43,0,0,10.5,38892.58
1995-03-10,64.5,31.7,48.1,0,0,14.8,39046.84
1995-03-11,59.5,41.9,49.3,0.224,6,17.6,12720.67
1995-03-12,54.2,38,45,0.016,2,14.2,39356.39
1995-03-13,55.8,30.4,44,0,0,4.5,38382.29
1995-03-14,61.6,32.3,47.9,0,0,3.9,39514.09
1995-03-15,65.2,35.8,51,0.004,1,6.2,39340.86
1995-03-16,64.9,39.4,52.6,0,0,4.4,39636.7
1995-03-17,63.8,41.7,52.5,0.047,6,6.8,36000
1995-03-18,68.2,37.8,53.8,0,0,10.8,35002.79
1995-03-19,57.7,46,52,0.047,4,14.7,39600
1995-03-20,67.4,34,52.4,0,0,13.6,38539.54
1995-03-21,68.8,46.9,58,0,0,24.2,39760.55
1995-03-22,55.9,38.7,47.4,0.008,1,22.2,40339.32
1995-03-23,64.9,33.6,49.8,0,0,25.8,40422.19
1995-03-24,48.4,32.7,41,0.012,2,20.8,39863.93
1995-03-25,42.4,30.5,36.8,0.083,10,10,13609.58
1995-03-26,46.1,30.8,37.9,0.028,4,6.2,37277.34
1995-03-27,50,27.2,38.6,0,0,8.5,41121.47
1995-03-28,49.9,27.5,39.2,0.004,1,10.2,41060.37
1995-03-29,40.1,29.5,34.4,0.197,10,7.3,33752.01
1995-03-30,47.2,24.6,36.1,0,0,8.4,41844.57
1995-03-31,52.8,25.9,40.1,0,0,4.1,41806.2
1995-04-01,60.5,27.7,45.3,0,0,5.1,41752.25
1995-04-02,60.5,34,47.4,0.008,1,11.9,40441.05
1995-04-03,63.3,38.9,50.3,0,0,6.6,42641.57
1995-04-04,68.5,37.5,55,0,0,8.1,42834.54
1995-04-05,72.4,38.6,58.4,0,0,11.9,42416.59
1995-04-06,74.1,40.8,60.5,0,0,17.9,43128.64
1995-04-07,73.3,47.7,61.2,0,0,13.2,42915.5
1995-04-08,70.4,44.3,56.4,0.02,3,21.3,42514.35
1995-04-09,50,36.8,43.4,0.028,4,15.7,35111.38
1995-04-10,50.9,32.6,42.6,0,0,11.5,38667.54
1995-04-11,58,32.2,46.2,0,0,11.2,43849.8
1995-04-12,67.1,42.3,55.1,0,0,5.2,43990.83
1995-04-13,73.6,40.9,59.1,0,0,17.4,32471.4
1995-04-14,57.8,44.8,52,0.004,1,23.4,42920.05
1995-04-15,61.3,40.4,50.1,0,0,22.5,39188.84
1995-04-16,65.8,32.5,51.9,0,0,16.1,42021.89
1995-04-17,50.6,40.1,44.5,0.181,14,15.4,44514.97
1995-04-18,54.9,32.6,45.4,0.043,6,10.8,40008.75
1995-04-19,52.5,38,44.9,0.157,12,11.2,43418.55
1995-04-20,50.9,34.9,43.1,0.016,2,12.8,43404.45
1995-04-21,53.2,34.5,44.3,0.098,11,6.7,42532.29
1995-04-22,55.3,36.3,46,0.059,6,6.1,45317.45
1995-04-23,55.8,38.4,46.1,0,0,10.7,45372.14
1995-04-24,57.3,33.3,46.5,0,0,6,45426.75
1995-04-25,69.2,34.6,53.2,0,0,17.1,44449
1995-04-26,61.4,41.4,51.6,0,0,10,45538.25
1995-04-27,74.1,38.5,58.4,0,0,18.2,36000
1995-04-28,68.2,49.2,60.1,0,0,13.1,45513.48
1995-04-29,73.9,40.6,61,0,0,12.5,45697.66
1995-04-30,64.3,49.7,58,0.043,5,19.2,45751.26
1995-05-01,73.1,40.2,58.5,0.012,3,10.2,45963.42
1995-05-02,64.3,47.8,56.6,0.087,6,16.2,46020.99
1995-05-03,64.5,43.1,53.7,0,0,8.5,46222.83
1995-05-04,74.9,38.9,59.5,0,0,13.8,43312.04
1995-05-05,65.3,48.8,57.6,0.012,2,22.6,41500.1
1995-05-06,60.5,42.5,52.3,0,0,16.6,44500.43
1995-05-07,54.3,44,48.3,0.043,6,10.8,22823.58
1995-05-08,66.8,41.6,53.2,0.008,1,12.3,46065.96
1995-05-09,68.6,44.8,57.2,0,0,9.6,46959.88
1995-05-10,72.7,44.6,60.4,0.012,1,12.4,43950.57
1995-05-11,74,47.5,60.1,0.035,3,17.5,26852.03
1995-05-12,59.7,43.7,52,0.28,13,17.3,45180.64
1995-05-13,64.5,38.3,52.9,0.004,1,7.9,39299.27
1995-05-14,75.3,43.8,61,0.004,1,16.1,46218
1995-05-15,79.5,45.7,65.5,0,0,17.5,47567.79
1995-05-16,73.5,52.1,63.9,0,0,10.1,32589.58
1995-05-17,62.1,47.8,53.5,0.386,15,8.1,31350.7
1995-05-18,71.2,42.8,59.2,0,0,8.6,48350.54
1995-05-19,72.3,44.6,60.7,0,0,7.5,47749.43
1995-05-20,78.6,49.1,65.1,0,0,11,46779.03
1995-05-21,84.1,48.1,69,0,0,13.5,48522.62
1995-05-22,82.7,56,70.7,0,0,19.7,44433.15
1995-05-23,73.3,53.8,63.4,0.008,1,13.8,46555.66
1995-05-24,72.4,50,62.1,0.087,5,15,45581.32
1995-05-25,67.9,47,58.3,0.031,5,15.8,48188.68
1995-05-26,68.1,46.2,56.6,0.087,3,15.7,41674.64
1995-05-27,64.9,43.6,55.4,0,0,10.5,48803.21
1995-05-28,67.2,44.3,56.8,0,0,7.6,48831.53
1995-05-29,66.3,45.3,57.5,0.004,1,4.8,47946.01
1995-05-30,73.3,45.9,61.4,0.004,1,11.4,48882.93
1995-05-31,77.7,53.3,66.2,0,0,11.3,48906.04
1995-06-01,82.7,53.6,70.6,0,0,5.7,48650.72
1995-06-02,80.5,58.2,70.3,0,0,16.2,48804.34
1995-06-03,73.1,58.4,65.2,0.004,1,14.9,46800
1995-06-04,75.5,54,65.6,0,0,11,48742.2
1995-06-05,86.4,51.3,71.9,0,0,17.3,49095.87
1995-06-06,72.8,49.9,60.6,0,0,19.8,49173.01
1995-06-07,76.8,45.5,64.4,0,0,23.6,46973.08
1995-06-08,68.4,52.3,60,0.031,4,19.7,36853.71
1995-06-09,70.9,43.8,58.9,0,0,11.5,49039.06
1995-06-10,75.4,50.5,63.4,0,0,4.8,49291.4
1995-06-11,85.4,49.5,70.3,0,0,5.2,49373.93
1995-06-12,93.8,54,77.8,0,0,10.2,49306.68
1995-06-13,96,58.2,80.7,0,0,16.6,49388.67
1995-06-14,94.6,65.1,82.4,0,0,17,49235.5
1995-06-15,92.4,66.2,81.2,0,0,19,47600.19
1995-06-16,82.1,61.8,72,0.016,1,23.9,7350.17
1995-06-17,64.6,53.1,57.3,0.61,18,11,27998.67
1995-06-18,71.9,46.4,60,0,0,6.8,49554.91
1995-06-19,81.7,46.4,66.4,0,0,12.4,49635.04
1995-06-20,86.1,50.8,70.8,0,0,14.1,49629.02
1995-06-21,85.6,58.7,71.8,0,0,14,49447.34
1995-06-22,79.9,57.2,69.7,0,0,9.9,49610.41
1995-06-23,81.3,58,70.5,0,0,7.7,49597.99
1995-06-24,84.2,60.4,73.3,0,0,7.8,49494.87
1995-06-25,87.4,58.2,75.6,0,0,6,49478.07
1995-06-26,90.1,60.5,78,0,0,6.8,49101.5
1995-06-27,92.4,57.9,78.9,0,0,15.2,49439.36
1995-06-28,89.3,68.8,78.2,0.028,2,14.3,43486.04
1995-06-29,82.1,58.5,72.1,0.024,2,7.4,40740.03
1995-06-30,78.2,62.1,69.8,0.063,6,6.1,45848.28
1995-07-01,76.5,56,66.1,0.35,8,9.9,40536.04
1995-07-02,81.4,54.4,69,0,0,14.4,47452.14
1995-07-03,72.8,59.1,66.5,0.134,4,15.8,48043.06
1995-07-04,77.4,55.3,65.8,0,0,12.1,49345.05
1995-07-05,83,57.9,71,0,0,5.2,49312.27
1995-07-06,94.5,53.2,77.2,0,0,8.7,49364.07
1995-07-07,98.3,59.1,82,0,0,12,49326.24
1995-07-08,98.6,60.3,83.3,0,0,5,49201.61
1995-07-09,99.2,65.8,85.3,0,0,11.3,48826.55
1995-07-10,99.7,66.3,85.7,0,0,14.2,48953.5
1995-07-11,99.8,67.9,85.4,0,0,17.2,48992.65
1995-07-12,95.5,67.9,83,0,0,19.9,48454.01
1995-07-13,88.1,67.6,76.7,0.063,7,9.7,37958.84
1995-07-14,83.8,63,73.6,0,0,8.4,47885.36
1995-07-15,88.3,59.8,76.1,0,0,6.6,48729.55
1995-07-16,92.9,62.5,80.5,0,0,6.9,48320.29
1995-07-17,85.4,67.4,77.2,0,0,13.3,43568.97
1995-07-18,87.8,64.6,77.2,0,0,8.6,47483.1
1995-07-19,87.8,64.1,77.8,0,0,13.5,47903.19
1995-07-20,90.8,61.5,78.8,0,0,9.2,47921.91
1995-07-21,93.4,63.4,80.9,0,0,15.5,47882.62
1995-07-22,91.8,58.7,78.4,0,0,13.2,47999.87
1995-07-23,89.7,65.4,78.7,0,0,11.3,47783.27
1995-07-24,92.3,67.1,80.8,0,0,8.4,47760.8
1995-07-25,97.4,59.5,82.1,0,0,9.1,47690.33
1995-07-26,101.2,66.4,86.4,0,0,13.7,47579.93
1995-07-27,99.1,72.4,87.4,0,0,6.9,47557.66
1995-07-28,101.7,63.7,86,0,0,6.7,47418.29
1995-07-29,103.8,63.3,87.4,0,0,16.5,47286.28
1995-07-30,100.5,71,87.1,0,0,14.7,46395.43
1995-07-31,91.1,68.3,81.1,0,0,11.6,47119.5
1995-08-01,94.6,61.1,81.3,0,0,6.6,47103.34
1995-08-02,96.5,63.8,83.1,0,0,6.1,47027.59
1995-08-03,96.5,65.9,84.1,0,0,12.4,46826.27
1995-08-04,95.6,67.6,84.3,0,0,13,46884.17
1995-08-05,96.7,69.3,84.6,0,0,9,46762.46
1995-08-06,99.9,64.4,85.3,0,0,14.6,46696.71
1995-08-07,99.4,70,87.2,0.02,2,16.2,46542.62
1995-08-08,98,73,87.3,0,0,12.2,46477.54
1995-08-09,98,71.5,85.9,0,0,10.4,46412.83
1995-08-10,99.2,70.4,86.4,0.016,2,14.7,46344.32
1995-08-11,96.1,71.3,84.8,0.004,1,17.1,46276.29
1995-08-12,94.4,71.6,82.3,0.031,2,15.1,46207.38
1995-08-13,92,69.5,82.3,0,0,8.6,46137.1
1995-08-14,92.9,68.6,81.3,0,0,15.6,46065.16
1995-08-15,93.8,60.6,80.8,0,0,7.2,45991.64
1995-08-16,95.6,63.1,79.6,0.008,1,21.7,43289.96
1995-08-17,92,65.9,80.5,0,0,12.8,45807.98
1995-08-18,91.2,66.4,80.9,0,0,7.9,45679.69
1995-08-19,92,65.4,79.3,0.043,2,14.7,42341.92
1995-08-20,83.8,65.7,74.1,0.106,11,7.4,42680.02
1995-08-21,86.6,65,76.6,0,0,8.7,45287.27
1995-08-22,86.6,66.3,76.6,0.039,3,8,45154.3
1995-08-23,88.5,65.8,77.7,0.02,1,11.5,45020.41
1995-08-24,89.4,65,78.7,0,0,9.3,44885.7
1995-08-25,89.5,64.3,79.3,0,0,5,44750.26
1995-08-26,92.6,63.9,80.5,0,0,4.8,44614.18
1995-08-27,92.9,67.8,81.6,0,0,11.3,44477.58
1995-08-28,91.8,66.1,80.5,0,0,13.5,44340.54
1995-08-29,95.8,62.6,81,0,0,11.6,44203.12
1995-08-30,94.7,64,81.7,0,0,9.6,44065.46
1995-08-31,96.7,62.5,82.2,0,0,7.6,43927.62
1995-09-01,98.3,63.3,83.5,0,0,15,43159.48
1995-09-02,96.5,70.1,85.3,0,0,13.2,43090.87
1995-09-03,96.8,68.8,84.3,0,0,7.4,43397.21
1995-09-04,98.1,65.1,83.3,0,0,13.6,43212.85
1995-09-05,93.9,73.6,83.5,0,0,14.8,42198.89
1995-09-06,87.3,69.5,78.7,0,0,10.1,41266.88
1995-09-07,86.3,64.6,76.5,0.016,2,11.3,42096.41
1995-09-08,81.3,62.6,72.8,0.079,5,11.7,42045.04
1995-09-09,78.7,59.8,67.3,0.528,8,7,41993.58
1995-09-10,79.7,55.2,67.5,0.008,2,9.6,42084.09
1995-09-11,80.4,55.1,68.3,0,0,8.4,42019.29
1995-09-12,79.4,60.4,70.2,0,0,4.1,41913.21
1995-09-13,82.1,56.4,70.3,0,0,3.7,41786.51
1995-09-14,85.5,51.2,69.6,0,0,6.4,41740.85
1995-09-15,85.5,52,71.1,0,0,5,41682.07
1995-09-16,88.5,54.5,73.7,0,0,5.5,41620.96
1995-09-17,86.9,55.7,73.1,0,0,11.1,41472.66
1995-09-18,78.3,63,69.8,0.004,1,11.5,41324.41
1995-09-19,78.5,57.2,67.7,0,0,5.8,41176.32
1995-09-20,82.8,57,69.6,0,0,16.6,41028.46
1995-09-21,62.9,45,54.2,0,0,13.6,40880.93
1995-09-22,68.3,43,55.8,0,0,5.9,40733.02
1995-09-23,76,42.5,61.2,0,0,7.1,40299.66
1995-09-24,69.7,49.3,59.4,0,0,8.9,39279.89
1995-09-25,72,40.9,58.7,0,0,5.8,40283.9
1995-09-26,75.9,52.9,64.1,0,0,7.5,39957.47
1995-09-27,81.2,52.5,67.6,0,0,12.4,39980.95
1995-09-28,74.3,55.3,64.3,0.413,11,11.9,39824.14
1995-09-29,57.8,46.7,54.4,0.437,14,15.1,39297.98
1995-09-30,60.8,44,52.2,0,0,4.7,39477.38
1995-10-01,64,45,54.9,0,0,5.2,38689.02
1995-10-02,65,47.8,56.5,0,0,5.9,39135.43
1995-10-03,73.4,48,60.8,0,0,13.1,38833.65
1995-10-04,63.1,42.3,50.6,0.035,3,17.9,38454.06
1995-10-05,57.9,37.8,47.5,0,0,5.9,38429.42
1995-10-06,62.1,34.4,48.4,0,0,5,38314.35
1995-10-07,71.3,35.4,54.8,0,0,10.2,38123.43
1995-10-08,65.6,46.1,56.2,0,0,5.9,37939.12
1995-10-09,71.7,38.2,56.7,0,0,7.9,37695.08
1995-10-10,75.6,44,60.6,0,0,4.5,37592.29
1995-10-11,82.6,41.7,62.8,0,0,13.7,37132.68
1995-10-12,79.2,54.5,65.6,0.004,1,18.7,34466.27
1995-10-13,64.2,40.6,53.5,0,0,8.6,37161.71
1995-10-14,68.4,42.3,56.5,0,0,2.6,36895.34
1995-10-15,73.9,41.7,58.8,0,0,4.1,36618.71
1995-10-16,74.9,39.9,59.4,0,0,7.2,36476.53
1995-10-17,73.4,46.4,60.2,0,0,6.4,36352.72
1995-10-18,76.7,41.4,60.4,0,0,8.1,36269.4
1995-10-19,64.1,45.2,55.6,0,0,13.1,36188.42
1995-10-20,66.2,36,52.1,0,0,4.1,36124.8
1995-10-21,72.8,36.1,56.9,0,0,13.3,35996.09
1995-10-22,59.9,35.5,43.4,0.063,8,22,35930.56
1995-10-23,48,28.4,39.2,0,0,4.4,33710.67
1995-10-24,54.5,30.5,43.3,0,0,4.7,35803.37
1995-10-25,59,32.6,46.5,0,0,4.7,35731.8
1995-10-26,66.3,38.4,52.4,0,0,12.5,35596.65
1995-10-27,64.3,48.3,55.7,0,0,9,35450.5
1995-10-28,67.1,42.9,55.8,0,0,3.3,35305.64
1995-10-29,67.3,44.5,55.9,0,0,5.4,26659.52
1995-10-30,69.5,39.3,56,0,0,8.7,35020.41
1995-10-31,69.6,46.9,57.6,0.008,2,15.8,34880.36
1995-11-01,60.5,42.7,51.4,0.008,2,13.5,34741.47
1995-11-02,48.1,34.9,40.9,0,0,5.8,34602.78
1995-11-03,49.6,31.4,40.5,0,0,2.7,34464.39
1995-11-04,53,30.3,41.5,0,0,5.3,34326.42
1995-11-05,60.5,28.6,44.4,0,0,13.4,34189.03
1995-11-06,59.1,39,48.5,0,0,10.7,34052.38
1995-11-07,59.5,42.5,50.4,0,0,9.9,33916.59
1995-11-08,65.6,32.5,49.4,0,0,5.4,33781.84
1995-11-09,62.9,40.5,50.3,0.047,6,20.2,27955.53
1995-11-10,46.5,33.9,41.5,0.075,5,18.9,33516.09
1995-11-11,52.4,28.1,39.3,0,0,5.4,33385.43
1995-11-12,60.5,30.6,46,0,0,4.3,33256.46
1995-11-13,62.9,48,53.6,0,0,9.6,33129.35
1995-11-14,61.2,40.6,51,0,0,3.2,33004.3
1995-11-15,63.2,40.3,51.2,0,0,3.2,32881.47
1995-11-16,60.3,33.2,48.5,0,0,3.8,32761.06
1995-11-17,61.3,37.7,50.1,0,0,3.8,32595.1
1995-11-18,62.2,33.3,48.5,0,0,3.5,32528.25
1995-11-19,62.2,36,49.6,0,0,3.4,32416.24
1995-11-20,61.4,42.1,51.1,0,0,2.6,32307.43
1995-11-21,61.6,33.8,48.3,0,0,3.6,31931.76
1995-11-22,58,37.7,47.9,0,0,8.7,32097.39
1995-11-23,57.1,40.2,47.8,0,0,3.4,31995.16
1995-11-24,58.5,28.8,44.5,0,0,3,31894.95
1995-11-25,62.9,32.5,47.6,0,0,5.1,30615.13
1995-11-26,53.3,34.1,45.1,0.028,3,17.3,27289.7
1995-11-27,42.7,28.4,35,0,0,8,30701.25
1995-11-28,46,26.3,36.1,0,0,7,28047.4
1995-11-29,54,28.1,40.4,0,0,5.1,31106.16
1995-11-30,59,28.1,43.2,0,0,3.5,31060.6
1995-12-01,61.7,31.7,46.3,0,0,5,30800.1
1995-12-02,57.7,33.9,47.5,0,0,5.3,29712.68
1995-12-03,54.2,37.1,45,0,0,2.9,30489.71
1995-12-04,61.1,35.3,48,0,0,14.3,30434.24
1995-12-05,59.7,44.2,50.6,0,0,7,30424.89
1995-12-06,55.1,42.7,48.2,0,0,8.1,30463.74
1995-12-07,42.5,32.9,37.5,0.067,6,4.1,12412.85
1995-12-08,45.9,30.1,36.9,0,0,6.1,30491.28
1995-12-09,48.9,25.9,37.3,0,0,3.4,28890.73
1995-12-10,53.5,26.3,39.1,0,0,3.2,30447.96
1995-12-11,53.8,27.2,40.4,0.004,1,4,28800
1995-12-12,60.4,34.1,47,0,0,14.4,18894.62
1995-12-13,55.3,43,49.4,0.067,10,14.4,29096.46
1995-12-14,48.8,34.4,40.8,0.039,3,4.6,30446.21
1995-12-15,48.2,28.4,37.7,0,0,4,27878.2
1995-12-16,46.7,29.1,37.1,0,0,4.9,29851.94
1995-12-17,44.5,28.7,35.1,0,0,13.5,30460.96
1995-12-18,40,28.1,33.8,0,0,3.6,30444.66
1995-12-19,39.4,25.9,32.3,0,0,3,30432.31
1995-12-20,38.6,25.4,31.8,0,0,4.1,30423.91
1995-12-21,36.4,25,30.1,0,0,3.4,30419.5
1995-12-22,35.3,22.3,29,0,0,3.9,30419.07
1995-12-23,34.4,16.4,26.7,0,0,3.8,30422.65
1995-12-24,35.2,20.7,27.7,0,0,3.3,30430.25
1995-12-25,37.2,21.4,29.1,0,0,3.4,30441.88
1995-12-26,39,23.4,30.7,0,0,3.1,30457.54
1995-12-27,38.6,22.7,29.9,0,0,3.6,30477.22
1995-12-28,38.6,20.8,29.8,0,0,4.1,26598.78
1995-12-29,38.8,25.4,31.4,0,0,5.8,30528.7
1995-12-30,43.4,28.9,35,0,0,6.1,18039.64
1995-12-31,47.1,30.8,37.5,0,0,17,30596.79
1996-01-01,41.4,28.3,33.2,0.016,2,9.5,30637.66
1996-01-02,32.9,20,26.8,0,0,11.1,30682.93
1996-01-03,43.3,21.5,32.2,0,0,6,30627.76
1996-01-04,47.5,29.1,38.2,0,0,7.8,30786.1
1996-01-05,45.5,26.3,35.5,0,0,7.9,27704.72
1996-01-06,39.8,23.1,31.3,0,0,4.9,30905.25
1996-01-07,44.7,20.2,32.7,0,0,2.7,30970.49
1996-01-08,48.8,22.7,35.8,0,0,3.6,29733.52
1996-01-09,52.6,26.4,39.6,0,0,2.9,31111.59
1996-01-10,50.8,36.2,42.1,0,0,15.6,31187.19
1996-01-11,46.8,30.3,38.1,0,0,3.3,31265.98
1996-01-12,50.5,30.5,39.8,0,0,2.3,31347.81
1996-01-13,52.1,27,40.1,0,0,2.9,31432.56
1996-01-14,53.3,35.2,42.5,0,0,3.6,31520.1
1996-01-15,56.6,26.7,40.1,0,0,4.6,24731.09
1996-01-16,56.1,28.1,42.3,0.075,5,13.9,21408.86
1996-01-17,44.4,25.6,36.3,0.217,10,19.8,20412.08
1996-01-18,30.8,21.3,26.2,0.016,3,7,30627.58
1996-01-19,38.8,24.3,31,0.035,5,6.7,31700.06
1996-01-20,39.6,25.6,31,0,0,9.1,32097.29
1996-01-21,45.8,23.6,32.7,0,0,13.7,32203.07
1996-01-22,36.2,26.4,31.1,0.142,15,12.9,10253.18
1996-01-23,33.6,20.1,26.2,0.035,5,11.1,32391.82
1996-01-24,42.1,19.7,29.8,0,0,19,32418.03
1996-01-25,40.7,22.2,31.8,0.087,8,20.8,27582.46
1996-01-26,29.9,16.2,22.6,0,0,11.8,32480.71
1996-01-27,39,12,25.3,0,0,8.1,28800
1996-01-28,40.7,22,32.2,0.028,3,16,32564.55
1996-01-29,48.8,20.9,33.1,0,0,11.5,32537.83
1996-01-30,48.5,28.1,37.6,0.059,7,9.8,25204.92
1996-01-31,49,35.3,40.2,0.071,13,11.1,16913.28
1996-02-01,41.5,25.5,33.9,0.012,3,7.3,30862.22
1996-02-02,37.3,22.2,28.2,0,0,15.9,33155.94
1996-02-03,34.9,18.7,26.5,0,0,4,32655.93
1996-02-04,44,15.8,29.7,0.016,2,5.6,29131.43
1996-02-05,47.8,24.2,36.3,0.028,5,5.8,29151.96
1996-02-06,50.6,27.8,39.5,0,0,4.1,33552.44
1996-02-07,54.5,27.1,40,0,0,5.6,30677.69
1996-02-08,57.8,28,42.3,0,0,4,34101.6
1996-02-09,59.7,27.8,43.8,0,0,3.9,33387.85
1996-02-10,60.7,31.2,44.1,0,0,14.8,32490.87
1996-02-11,53.6,32.6,42.3,0,0,5.9,32354.17
1996-02-12,57.4,33.2,43.8,0,0,4,34267.29
1996-02-13,57.4,28.1,43.3,0,0,3.3,35205.63
1996-02-14,58.8,33.5,46.7,0,0,2.9,35352.64
1996-02-15,59.6,38.7,47.8,0,0,5.7,35500.89
1996-02-16,59.9,29.8,46.3,0,0,5.5,35214.76
1996-02-17,64,35.2,49.2,0,0,5.4,35800.4
1996-02-18,57.7,40.6,49.8,0.012,2,11.4,35951.39
1996-02-19,60.1,31.5,46.8,0.012,3,14.4,29439.35
1996-02-20,60.5,44.4,52.4,0.15,11,20.4,22114.93
1996-02-21,53.5,47.2,49.8,0.24,20,16.9,10398.61
1996-02-22,50.1,30.6,44,0.091,12,25.2,32717.96
1996-02-23,44.1,24.1,33.1,0,0,6.3,36712.9
1996-02-24,56,23.4,39.2,0,0,15.7,36865.58
1996-02-25,50.6,29.5,40,0,0,20.9,29500.52
1996-02-26,37.3,26.6,33.6,0.126,10,24.5,32788.7
1996-02-27,35.2,20.8,28,0.004,1,11.8,36047.21
1996-02-28,38.9,22,29.9,0,0,5.3,37473.32
1996-02-29,40.5,23.6,31.1,0,0,10.8,37624.35
1996-03-01,43.6,24.1,32.9,0,0,8.8,37776.29
1996-03-02,47.9,27.4,36.7,0,0,6.5,37929.1
1996-03-03,56.3,25.4,41.8,0,0,4.6,37892.75
1996-03-04,56,36,45.3,0.024,2,17.7,30879.66
1996-03-05,54.4,37.5,47.2,0.094,11,19.8,37927.26
1996-03-06,47.3,29.4,38.3,0.087,7,13,35467.82
1996-03-07,49.2,22.4,36.2,0,0,4.9,38702.28
1996-03-08,54.4,25.7,40.1,0,0,5.3,38857.95
1996-03-09,59,28,43.9,0,0,4.3,39013.7
1996-03-10,67.3,32.7,49.4,0,0,6.8,37937.55
1996-03-11,66.7,35.6,52,0,0,11.3,39325.01
1996-03-12,60.6,37.7,50.4,0.008,2,8.8,39438.88
1996-03-13,56.5,36.7,45.2,0.114,6,11,37070.98
1996-03-14,53.9,35.9,43.6,0.059,9,9.4,31191.78
1996-03-15,57.8,34.9,46.2,0,0,9,39635.95
1996-03-16,59.3,40.6,48.2,0,0,14,39600
1996-03-17,55.1,33.8,44.7,0.008,2,19.9,39638.08
1996-03-18,53.7,31.7,43.1,0,0,14.5,39864.75
1996-03-19,54.4,28.8,42.6,0,0,5.4,40037.42
1996-03-20,64.2,28.1,47.9,0,0,5.4,40103.45
1996-03-21,69.7,31.9,53.2,0,0,6.6,40211.76
1996-03-22,71.9,37.6,57.5,0,0,21.6,38701.2
1996-03-23,55.9,38.8,48,0.063,12,14.5,40078.74
1996-03-24,46.6,30,38.4,0.02,3,12.2,40077.5
1996-03-25,47.9,29.1,38.2,0.012,3,11.7,40416.78
1996-03-26,51.5,27.2,39.3,0,0,6.8,41338.09
1996-03-27,63.2,25.7,46.6,0,0,12.3,40282.45
1996-03-28,66.2,40.2,54.3,0,0,21.5,41291.51
1996-03-29,53.6,38.3,47.6,0.197,13,13.6,40183.59
1996-03-30,55.3,33.8,44.6,0,0,7,41860.92
1996-03-31,66.3,30.5,50.1,0,0,9.4,41733.98
1996-04-01,74,33.8,55.6,0,0,16.9,42411.56
1996-04-02,67.7,42.4,55.9,0,0,21.1,42102.04
1996-04-03,59.6,40,50.2,0,0,6.8,42114.91
1996-04-04,59.3,43.4,50.1,0.031,5,13.3,40197.65
1996-04-05,60.9,38.5,49.3,0,0,12.9,43095.95
1996-04-06,65.4,35.7,53,0,0,4.7,43240.45
1996-04-07,70.8,47.4,60,0,0,4.4,42492
1996-04-08,76.2,47,63.8,0,0,4.9,43525.83
1996-04-09,80.3,45.8,65.8,0,0,7.6,43666.78
1996-04-10,75.3,46.4,61.2,0.047,6,12.5,34691.46
1996-04-11,63,46.7,53.8,0.091,9,13,43844.91
1996-04-12,64.8,40.2,52.7,0.039,5,18.1,31879.72
1996-04-13,48.8,34.4,41,0.492,12,13.4,33771.44
1996-04-14,51.8,29.7,41.3,0,0,5.6,44368.77
1996-04-15,57.8,28.8,44.7,0,0,4.8,42321.05
1996-04-16,70.3,33.1,53.6,0,0,15.2,35616.13
1996-04-17,62.3,45.3,53.5,0.043,8,16.4,37437.62
1996-04-18,61.8,37.3,48.2,0.173,10,26.2,39249.52
1996-04-19,52.9,30.8,42.3,0,0,11.8,45058.45
1996-04-20,54.5,31.8,43.2,0.012,2,16.8,37478.61
1996-04-21,53.1,35.3,44,0,0,6.8,45304.51
1996-04-22,60.2,37.9,49.6,0,0,7.2,45358.96
1996-04-23,75.4,33.6,57.4,0,0,8.6,45413.25
1996-04-24,86.7,44.5,68.1,0,0,19.3,44022.95
1996-04-25,68.5,48.8,59.3,0,0,16,45521.35
1996-04-26,77.2,47,61.6,0,0,16.6,45614.26
1996-04-27,74.5,47.1,61.4,0,0,20.4,45668.38
1996-04-28,52.8,37.5,46,0.016,4,14,45772.46
1996-04-29,62,35.3,49.8,0,0,8.2,45885.85
1996-04-30,74,48.8,60.6,0,0,17.6,45788.69
1996-05-01,77.4,52.7,64.4,0,0,17.6,45937.23
1996-05-02,82.6,49.9,68.1,0,0,18.6,46132.79
1996-05-03,79.8,57.3,68.7,0,0,12.2,46344.64
1996-05-04,79.8,51.3,67.2,0,0,11.9,46491.5
1996-05-05,83.6,51.2,68.5,0,0,12.4,46644.45
1996-05-06,83.9,59.2,72.6,0,0,10.9,46803.04
1996-05-07,84.8,56.9,72.8,0,0,21.9,41256.17
1996-05-08,83,60.3,72.1,0,0,17.7,47040.57
1996-05-09,75.9,56.4,66,0.004,1,15.7,43833.75
1996-05-10,78.6,53.8,66.9,0,0,8.7,47181.95
1996-05-11,84.6,53.3,71.7,0,0,8.6,47561.41
1996-05-12,89.9,57.8,76.3,0,0,6.5,47742.27
1996-05-13,93.4,55.5,77.8,0,0,13,47926.18
1996-05-14,91.2,61.2,78.5,0,0,17,48039
1996-05-15,89.3,63.6,78.5,0,0,18.4,47844.93
1996-05-16,86.9,65.9,77.5,0,0,21.5,45625.91
1996-05-17,82.6,59,73.1,0,0,16.6,47335.68
1996-05-18,86.7,65.9,76.8,0,0,23.5,48035.46
1996-05-19,84.9,61.7,72.6,0,0,16.1,48507.23
1996-05-20,73.2,50.7,64,0,0,9,48585.11
1996-05-21,82.9,54,69.5,0,0,7.9,48623.83
1996-05-22,83.1,61.7,72,0,0,18.4,46800
1996-05-23,64.6,49.7,58.3,0.039,7,10.6,46886.09
1996-05-24,72.3,48.6,60.9,0.012,3,10.2,32812.28
1996-05-25,60.7,48.7,53.8,0.307,15,8.4,30175
1996-05-26,63.9,45.3,55,0,0,12.3,48793.12
1996-05-27,72.2,47.9,60.7,0.028,4,10.8,48822.11
1996-05-28,70.9,49.2,61.8,0.035,4,15.5,48849.46
1996-05-29,81.4,50.9,67.5,0,0,16,48423.65
1996-05-30,79.6,60.5,69.4,0,0,17.9,48227.88
1996-05-31,76.3,56.3,67.4,0,0,12.8,48921.72
1996-06-01,78.3,55.6,67.6,0,0,9.2,49035.95
1996-06-02,82.9,55.8,71.2,0,0,7,49057.57
1996-06-03,88.5,61.4,76.4,0,0,6.3,48979.21
1996-06-04,92.9,64.4,81,0,0,8.8,49094.38
1996-06-05,93.6,66.3,81.4,0,0,13.4,49109.67
1996-06-06,89,61.2,77.5,0,0,11,49187.68
1996-06-07,92.2,59.3,79.1,0,0,9.3,49268.16
1996-06-08,95.9,62.3,82.3,0,0,12,46241.12
1996-06-09,95.8,66.4,84,0,0,9.7,49221.82
1996-06-10,94.6,69.8,83.5,0,0,12.4,49054.21
1996-06-11,93.8,64.2,81.8,0,0,11.5,49057.37
1996-06-12,92,63.2,80.5,0,0,11.8,49388.64
1996-06-13,89.9,63.2,78.1,0.012,1,9.5,49157.74
1996-06-14,87.2,64,77.3,0,0,11.8,45099.24
1996-06-15,82.8,65.4,75.1,0,0,15.9,46104.59
1996-06-16,90.5,57.5,76.7,0.004,1,10.2,49390.17
1996-06-17,93.6,60.8,80.4,0,0,18.6,49636.53
1996-06-18,93,65.1,81.7,0,0,14.7,49633.29
1996-06-19,93.8,66.8,82.2,0,0,10.9,49284.64
1996-06-20,95.2,68.5,82.6,0.004,1,20.9,40050.57
1996-06-21,87.5,64,75.8,0.091,3,17.3,48396.55
1996-06-22,87.6,63.5,77,0,0,19,49599.78
1996-06-23,89.7,60.5,76,0,0,11.9,49675.35
1996-06-24,92.5,62.2,79.1,0,0,17.3,49660.83
1996-06-25,90.1,60.7,78.5,0,0,17.3,49286.32
1996-06-26,89.9,66.5,77.5,0.035,4,19.5,46597.23
1996-06-27,75.8,61.1,68.6,0.406,12,9.6,48973.07
1996-06-28,78.8,58.6,69.2,0.004,1,13.2,49494.93
1996-06-29,84.3,54.2,70.5,0,0,5.9,49560.78
1996-06-30,88.8,56.2,74.7,0.012,1,5.9,48710.48
1996-07-01,91.9,59.8,78.4,0,0,4.9,49417.17
1996-07-02,96.3,61.6,81.9,0,0,8.8,49121.25
1996-07-03,97.4,65.9,84.7,0,0,5.7,49266.95
1996-07-04,99.5,68.6,86.6,0,0,10.7,49233.61
1996-07-05,97.3,78.1,88.2,0,0,11.1,48582.79
1996-07-06,97.4,70.3,86.6,0,0,9.2,49075.99
1996-07-07,98.3,68.9,86.7,0,0,5.4,48605.9
1996-07-08,92.3,76.4,83.6,0.012,3,10.1,43175.31
1996-07-09,90.5,67.9,80.5,0,0,12.1,48272.15
1996-07-10,93.6,70.3,82,0,0,9,48836.75
1996-07-11,96.9,68.3,84.7,0,0,6.9,48875.2
1996-07-12,97.4,74.3,87,0,0,13.9,46949.73
1996-07-13,95.3,73.9,85.6,0,0,8.1,48153.19
1996-07-14,96.4,69.3,84.6,0,0,7.1,48814
1996-07-15,96.5,68.9,83.4,0,0,14,48290.15
1996-07-16,93.6,69.8,82.3,0.024,5,13.2,47609.59
1996-07-17,90.2,72,82.1,0,0,9.8,47740.11
1996-07-18,93.6,70,82.8,0.008,2,11.5,47081.82
1996-07-19,96.5,67,84.3,0,0,11.1,48179.83
1996-07-20,97.4,67.6,84.8,0,0,10.6,48092.05
1996-07-21,97.4,72.9,85.9,0,0,8.3,48008.18
1996-07-22,97.8,72.3,86.4,0,0,6.6,47886.25
1996-07-23,97.7,73.1,85.6,0,0,10.1,46941.83
1996-07-24,96.1,73.4,85.3,0,0,10.4,40483.2
1996-07-25,96.8,71,85.5,0.008,2,12.3,47277.68
1996-07-26,96.1,68.4,84.7,0,0,9.3,47400.69
1996-07-27,96.5,67.6,84.3,0,0,11.8,41635.43
1996-07-28,91.9,73.1,80,0.031,4,15.8,34933.31
1996-07-29,89.5,65.4,78.6,0.004,1,8.9,47046.81
1996-07-30,92.1,67,80.6,0,0,6.7,47041.66
1996-07-31,95.7,68.7,84.5,0,0,8.2,47035.74
1996-08-01,98.3,68.1,85.7,0.004,1,14.4,47028.99
1996-08-02,96.5,66.9,83.6,0.008,2,15.9,46272.12
1996-08-03,92.7,70.5,83.2,0,0,21.5,46900.69
1996-08-04,89.6,73,81.2,0,0,19.4,46834.75
1996-08-05,92.5,59.8,79.3,0,0,15.2,46715.76
1996-08-06,89.2,68.1,80.2,0,0,12.2,46649.81
1996-08-07,90.9,66.6,79.5,0,0,7.8,46538.64
1996-08-08,92.3,60.4,79.7,0,0,6,46471.95
1996-08-09,92.4,63.8,80.3,0,0,9.3,46365.34
1996-08-10,92.9,64.8,81.7,0,0,4.9,46301.51
1996-08-11,97.3,61.2,83.1,0,0,5.5,46232.21
1996-08-12,99.2,64.5,85.6,0,0,6.5,46153.97
1996-08-13,99.7,69.4,86.5,0,0,8.3,46080.74
1996-08-14,98.3,75.8,86.6,0,0,12.5,46006.27
1996-08-15,95.9,70.6,83.6,0,0,15.5,45837.09
1996-08-16,92.9,70.2,82.1,0,0,6,45834.58
1996-08-17,94,67.8,82.3,0,0,15.4,43129.7
1996-08-18,90.7,68.6,80.5,0,0,13.1,45576.29
1996-08-19,91.3,63.2,79.5,0,0,12.1,45445.77
1996-08-20,90.8,65,80,0.008,2,12.2,45208.84
1996-08-21,90.4,66.7,80,0,0,7.1,45182.46
1996-08-22,90.8,62.5,78.8,0,0,10,45049.88
1996-08-23,88.7,63.4,78.2,0,0,8.5,44916.8
1996-08-24,87.2,66.1,77.8,0.008,1,6.5,44240.98
1996-08-25,87.3,67.4,78.3,0.004,1,5.5,44649.5
1996-08-26,84.2,65.6,75.5,0.051,7,7.9,43481.38
1996-08-27,86.5,64.2,76.1,0.012,3,7.1,44380.56
1996-08-28,91.9,62.5,79,0,0,6.9,44244.26
1996-08-29,94,60.6,79.2,0,0,13.5,44106.65
1996-08-30,90.2,68.4,79.5,0,0,6,43967.84
1996-08-31,91.8,62.7,79.7,0,0,6.4,43827.9
1996-09-01,93.4,59.3,79.4,0,0,9.2,43209.25
1996-09-02,91.1,65.6,80.2,0,0,8.2,43545.09
1996-09-03,93,60,79.2,0,0,8.3,43144.09
1996-09-04,90.5,63.8,79.1,0.008,1,18.1,42542.7
1996-09-05,83.5,65.9,73.4,0.146,7,15.2,42162.94
1996-09-06,75,59.1,66.5,0.059,5,6.4,42197.01
1996-09-07,78.5,57.4,68,0,0,4.1,42487.8
1996-09-08,83.6,51.6,69.5,0,0,6.5,42281.75
1996-09-09,87.8,54.4,73.6,0,0,5,42098.8
1996-09-10,86.9,55.4,74.2,0,0,4.5,41902.83
1996-09-11,73.1,61.9,67.3,0.417,15,13.4,22792.93
1996-09-12,72.2,57.9,64.9,0.256,18,7.1,40542.54
1996-09-13,73.3,57.3,64.6,0.157,11,8.2,41746.5
1996-09-14,65.5,55.1,59.8,0.441,12,6.4,30576.06
1996-09-15,71.4,49.7,60.8,0,0,5.9,41641.49
1996-09-16,70.1,48.8,59.5,0.181,9,20.3,41515.43
1996-09-17,58.4,45.2,51.1,0.043,5,6.9,41368.2
1996-09-18,53.3,43.2,48.2,0.091,9,6.4,37428.24
1996-09-19,60,38.1,50.3,0,0,5.6,41071.01
1996-09-20,64.2,48.4,56.1,0,0,7.5,40921.24
1996-09-21,75.8,42.5,59.5,0,0,5.6,40770.82
1996-09-22,79,52,64.2,0.039,4,11.5,40314.25
1996-09-23,77,49.5,64.4,0.016,2,6.7,40468.35
1996-09-24,80.3,49.7,65.7,0,0,11.1,40316.49
1996-09-25,73.3,55.8,64.5,0,0,14.9,33812.67
1996-09-26,64.4,46.4,54.5,0,0,16.9,40011.98
1996-09-27,58.5,38.2,50,0,0,9.8,39743.72
1996-09-28,70.2,40.9,57.9,0,0,3.2,39707.04
1996-09-29,76.7,46.7,62.9,0,0,5.8,39554.64
1996-09-30,80.2,44.6,63.9,0,0,8.2,39378.58
1996-10-01,81,46.9,65.4,0,0,5.4,38791.34
1996-10-02,80.5,52.4,65.9,0.055,7,12.1,33734.09
1996-10-03,62.4,55,58.1,0.346,15,6.2,22670.8
1996-10-04,66.1,49.7,58.4,0,0,4.5,38293.9
1996-10-05,70.6,47.2,59.7,0,0,4.8,38188.98
1996-10-06,73,50,62.1,0,0,4.8,38082.83
1996-10-07,75.7,54.2,64.4,0,0,3.9,37902.93
1996-10-08,76.6,51.4,64.7,0,0,3.2,37796.87
1996-10-09,78.3,50.6,64.6,0,0,3.4,37625.36
1996-10-10,81.2,47,64.4,0,0,5.9,37460.76
1996-10-11,82.4,45.7,64.8,0,0,10,37358.34
1996-10-12,80.6,47.9,64.6,0,0,10,37088.75
1996-10-13,80.7,46.3,65.2,0,0,10.3,36084.56
1996-10-14,73.7,58.2,66.1,0.004,1,10.1,36623.94
1996-10-15,73,49.3,61.4,0,0,7.9,36552.75
1996-10-16,65,41.4,54.9,0.13,4,19.9,36356.97
1996-10-17,51.3,35.2,43.7,0,0,5.5,36273.25
1996-10-18,67.2,30.2,49.7,0,0,9.2,36191.69
1996-10-19,66.7,43.9,53.6,0.063,7,24.2,36000
1996-10-20,45.7,31.5,39.4,0,0,10.4,36074.62
1996-10-21,43.3,27.6,35.1,0.004,1,13.6,36009.27
1996-10-22,47.4,25.3,36.9,0,0,3.4,35881.38
1996-10-23,53.6,28.2,41.4,0,0,3.4,35815.76
1996-10-24,56.9,27.3,44.5,0.039,2,9.6,29311.64
1996-10-25,47,35.4,41,0.311,19,14.1,437.41
1996-10-26,44,30.6,36.2,0.004,1,11.5,35495
1996-10-27,49.2,28.5,38.2,0.039,6,10.2,31949.98
1996-10-28,48.8,34.3,41.2,0.252,16,11.7,27625.31
1996-10-29,48.1,34.1,39.6,0,0,12.4,35064.86
1996-10-30,52.5,29.6,40.5,0,0,5.9,34921.87
1996-10-31,48.5,34.4,40.4,0.047,8,16.2,30822.44
1996-11-01,48.5,30.5,38.9,0,0,4.3,34637.31
1996-11-02,53.5,30.3,41.8,0,0,4.2,34496.02
1996-11-03,48.6,33.9,41.6,0.114,11,5.8,28524.21
1996-11-04,56,33.3,44.1,0,0,8.1,34216.23
1996-11-05,52.9,38,43.9,0.114,11,10.5,24355.21
1996-11-06,42.4,29.3,35.9,0,0,7.2,32241.74
1996-11-07,45.2,25.7,34.8,0,0,8.3,33805.83
1996-11-08,49.7,27.4,38.3,0,0,4.4,33672.17
1996-11-09,54.6,29.3,41.7,0,0,3,33540.38
1996-11-10,55.5,34.9,44.6,0,0,2.9,33410.62
1996-11-11,56.4,35.3,45.4,0,0,3.4,33283.08
1996-11-12,58.3,37.1,47.1,0,0,2.5,33157.95
1996-11-13,62.4,33.7,47.7,0,0,4.8,31525.09
1996-11-14,58.9,36.1,46.5,0,0,17,11550.24
1996-11-15,40.9,31.2,35.4,0.508,24,7.8,0
1996-11-16,36.3,17.6,28.1,0,0,9.9,32682.27
1996-11-17,35.6,11.1,25.4,0.091,7,5.7,7708.45
1996-11-18,49.9,26.4,34.1,0,0,3.8,31239.64
1996-11-19,53.8,24.2,36.7,0,0,3.8,32343.1
1996-11-20,56.3,34.9,43.6,0,0,3.8,32233.52
1996-11-21,57.7,31.4,43.6,0.165,5,5.8,28405.36
1996-11-22,55.6,42,49.1,0.169,14,13.5,25318.22
1996-11-23,47.1,35.3,41.2,0.012,2,4.8,31244.42
1996-11-24,45.4,32.6,38.7,0,0,4.1,31816.69
1996-11-25,46.8,31.6,38.8,0,0,2.8,30533.4
1996-11-26,45.3,33.5,38,0,0,7.8,26647.11
1996-11-27,41.1,24.5,32.7,0,0,6,31417.37
1996-11-28,44.2,25.4,34.1,0,0,2.9,31276.04
1996-11-29,36.1,29.2,33,0.291,19,7.6,1713.09
1996-11-30,36.8,23.8,29.9,0,0,6.6,30730.91
1996-12-01,40.9,20.3,29.3,0.012,3,6.2,28078.38
1996-12-02,32.6,20.6,27.4,0.012,3,9,30805.88
1996-12-03,36.6,16.5,25.3,0,0,5,30713.6
1996-12-04,33.9,20.1,25.7,0,0,6.4,30631.9
1996-12-05,41.6,23.3,32.3,0.055,7,8.5,14042.07
1996-12-06,41.5,26.2,33.5,0.315,12,7.4,23532.06
1996-12-07,41.6,17.1,28.8,0,0,3.4,30492.58
1996-12-08,44.5,20.3,30.6,0,0,3.4,30450.15
1996-12-09,48,23.5,34.4,0,0,3.7,28800
1996-12-10,48.6,38.5,43.2,0.157,10,13.3,27895.51
1996-12-11,51.5,34.7,42.5,0.043,8,12.5,28749.4
1996-12-12,52.3,29.4,39.5,0,0,12,30435.91
1996-12-13,51.1,30,39.9,0,0,4.8,29967.35
1996-12-14,38.9,23.2,31,0,0,10,30101.15
1996-12-15,32.9,20.4,25.7,0,0,5.4,30480.4
1996-12-16,38.7,23.3,29.5,0,0,12.8,30203.95
1996-12-17,23.3,11.7,18.1,0,0,11.5,29916.42
1996-12-18,25.6,9.2,16.5,0,0,6.7,30431.75
1996-12-19,32.5,14.4,22.2,0,0,3.5,30421.33
1996-12-20,41,15.6,27.3,0,0,4.6,26921
1996-12-21,43.8,31.4,37.2,0,0,13.2,6256.96
1996-12-22,45.8,32.6,39.4,0.11,8,18.2,24472.87
1996-12-23,37.9,24.9,31.3,0.118,6,13.3,30421.59
1996-12-24,38.1,19.4,28.6,0,0,3.5,30166.45
1996-12-25,42.8,19.8,30.7,0,0,4.8,30447.9
1996-12-26,45.3,24.1,34.3,0.016,4,8.8,19500.35
1996-12-27,48.7,36.5,41,0.047,9,14.9,23919.09
1996-12-28,47,27.9,36,0.012,3,8.8,30521.35
1996-12-29,48.6,26,35.9,0,0,4.9,30293.67
1996-12-30,47,28,36.9,0,0,3.3,27879.3
1996-12-31,52,29.9,39.3,0,0,4.7,30632.91
1997-01-01,54,27.2,39.8,0,0,5.2,30158.23
1997-01-02,53.3,30.1,40.6,0,0,5,27588.76
1997-01-03,49.4,32.4,41.5,0.472,13,12.1,7191.83
1997-01-04,35.4,25.8,30,0,0,6.9,30836.34
1997-01-05,33.9,24.9,28.8,0,0,10.4,17494.29
1997-01-06,29.1,18,23.7,0,0,16.4,30959.65
1997-01-07,32.2,12.4,23.5,0,0,3.6,31026.34
1997-01-08,36.5,22.9,29.2,0,0,4.8,31096.23
1997-01-09,39.4,21.5,30.2,0,0,8.6,31169.23
1997-01-10,46.6,28.8,35.5,0,0,13.1,29244.06
1997-01-11,42.5,28.1,34.6,0.039,3,11.4,31324.13
1997-01-12,37.9,27.2,31.2,0.339,19,8.9,23062.61
1997-01-13,35.2,24.5,30.4,0.402,17,7.1,19075.81
1997-01-14,26.2,15.5,22.8,0.122,13,5.8,15639.88
1997-01-15,20.3,2,12.3,0,0,3.5,31669.47
1997-01-16,16.1,3,9.6,0,0,3.5,31764.75
1997-01-17,17.3,-4.2,6.4,0,0,4.3,31863.53
1997-01-18,25.1,6.3,16,0,0,3.2,31965.62
1997-01-19,28.9,13.1,20.9,0,0,3.2,32070.83
1997-01-20,33.4,11.1,23.4,0.012,1,3.7,21792.79
1997-01-21,31.9,17.3,27.4,0.043,4,3.6,32289.87
1997-01-22,33.6,8.3,22.5,0.028,3,6.4,26282.01
1997-01-23,36.9,29.4,33.4,0.161,13,6.7,25205.29
1997-01-24,32.8,15.3,24.7,0,0,4.8,32400
1997-01-25,37.1,10.4,25.8,0.071,4,8.3,2774.32
1997-01-26,40.4,33,36.3,0.083,11,6.1,21460.6
1997-01-27,36.8,23.1,33.6,0.016,3,3.2,30290.25
1997-01-28,38.8,22.1,30.3,0.016,4,3.9,19867.62
1997-01-29,40.7,24.6,32.8,0,0,10.6,32742.39
1997-01-30,39.9,14.8,27.8,0,0,3.3,32635.42
1997-01-31,45.2,21.3,32.8,0,0,2.6,31007.02
1997-02-01,45.6,23.8,34.7,0,0,2.7,32571.26
1997-02-02,49.3,27.7,35.9,0.138,5,8.3,31194.89
1997-02-03,39.8,27,33,0,0,7.9,32968.77
1997-02-04,43.3,24,32.9,0,0,4.4,33508.52
1997-02-05,39,29.8,33.1,0.157,10,4.1,18223.09
1997-02-06,30.8,20.4,27.2,0.173,16,9.6,20653.33
1997-02-07,30.8,13.9,22.6,0,0,3.5,34299.23
1997-02-08,32.3,13.1,22.7,0,0,2.9,33782.22
1997-02-09,35.1,14.6,24.7,0,0,3.4,34593.91
1997-02-10,38.3,16.8,27.3,0,0,2.9,34169.93
1997-02-11,42.9,23.4,32.2,0,0,3.8,35029.13
1997-02-12,44,23.8,33.1,0.035,4,8.3,29161.77
1997-02-13,37.8,22.3,30,0,0,10.5,35324.05
1997-02-14,39.8,18.1,28.7,0,0,5.2,35472.69
1997-02-15,46.4,21.6,34,0,0,2.9,35621.89
1997-02-16,49.4,24.9,36.8,0,0,3.2,35153.66
1997-02-17,56.5,31.4,42,0,0,6.5,32241.04
1997-02-18,50.4,31.3,39.8,0.012,2,11.9,35461.68
1997-02-19,47.8,28.8,37.9,0,0,5.2,36221.7
1997-02-20,38.6,26.1,32.4,0.13,13,9,23206.8
1997-02-21,38.9,22.5,30,0,0,4.7,36521.48
1997-02-22,39.4,23,30.6,0,0,5.6,35742.22
1997-02-23,38.3,24.3,29.8,0.004,1,13,26718.14
1997-02-24,35.8,22.2,27.9,0.028,4,14.2,36970.83
1997-02-25,38.9,23,30.2,0,0,4,37122.48
1997-02-26,40.3,23.2,31,0,0,6.7,37275.07
1997-02-27,38.9,27,33,0.272,19,17.3,0
1997-02-28,34.9,26.2,30.4,0.197,16,9.3,30910.36
1997-03-01,32.6,14.4,23.9,0.008,2,3.8,37737.34
1997-03-02,38.4,11,23.4,0,0,7.9,35469.7
1997-03-03,42.8,13,29.1,0.024,5,8.9,38048.02
1997-03-04,35.2,23.1,29.8,0.008,1,9.6,38203.77
1997-03-05,39,9.6,25.6,0,0,3.7,38359.61
1997-03-06,47.3,17.3,31.7,0,0,3.4,38515.45
1997-03-07,50.1,20.9,35.1,0,0,4.5,38671.16
1997-03-08,56.2,23.3,39.1,0.004,1,10.1,38826.67
1997-03-09,51.5,30.3,41.2,0,0,4.7,38981.82
1997-03-10,57.7,25.7,41,0,0,4.4,39136.54
1997-03-11,63.2,27.2,44.1,0,0,5.7,39290.71
1997-03-12,66.7,31.2,48.2,0,0,7.8,39424.45
1997-03-13,57.9,34.6,47.3,0,0,14.3,39485.14
1997-03-14,55.1,29.6,42.1,0,0,7.8,39551.91
1997-03-15,62.9,29.6,46.8,0,0,7.3,39600
1997-03-16,67.1,37.2,51.9,0,0,16.5,37095.71
1997-03-17,61.6,42.8,51.7,0,0,14.5,39605.9
1997-03-18,60.8,36.9,48.8,0,0,5.2,39803.19
1997-03-19,67.7,35.1,52.1,0,0,5.2,39904.79
1997-03-20,71.8,35.5,54.9,0,0,5.3,40093.11
1997-03-21,72.5,35.4,55.2,0,0,10.5,40202.18
1997-03-22,68.5,45.9,57.8,0,0,5.8,39120.32
1997-03-23,72.8,39.1,57,0,0,13.4,39759.61
1997-03-24,54.8,36.6,46.6,0.016,3,21.2,37674.3
1997-03-25,55.4,27.7,42.9,0,0,10,41088.34
1997-03-26,62.6,32.9,49.3,0,0,5.1,41256.5
1997-03-27,67.7,35,51.7,0,0,21.2,41240.58
1997-03-28,65.6,35.2,49.9,0.031,4,14.4,41139.52
1997-03-29,53.1,36.2,44.9,0,0,11.2,41797.24
1997-03-30,64.7,27.6,47.5,0,0,5.2,42063.02
1997-03-31,65.9,38,50.5,0.016,2,23.4,30534.94
1997-04-01,44.3,33.5,39,0.02,1,15.1,40873.51
1997-04-02,54.1,32.5,41.8,0.173,13,15.1,35168.64
1997-04-03,57.4,35.5,46.7,0.039,6,7.4,41666.01
1997-04-04,56.4,38.9,47.6,0.012,2,13.9,40028.61
1997-04-05,42.5,29,35.8,0.016,2,16.3,42465.83
1997-04-06,46.7,27.8,37.4,0,0,8.6,43196.98
1997-04-07,56.1,29.6,43.2,0.008,1,9,42373.08
1997-04-08,56.7,29.1,45,0.118,6,14,34955.76
1997-04-09,56.4,38,47.1,0.098,9,17.6,43489.14
1997-04-10,44.6,22.9,37.1,0.012,2,15.3,43382.74
1997-04-11,38,18.7,27.6,0,0,13,43914.6
1997-04-12,39.4,19.4,29.2,0,0,9.1,44056.87
1997-04-13,47,21.5,35.3,0,0,4.5,44198.48
1997-04-14,60.2,27.2,45.3,0,0,7.2,41307.34
1997-04-15,64.5,37.7,52.2,0,0,8.2,44479.43
1997-04-16,68.8,38.9,55.3,0,0,4.9,44618.55
1997-04-17,73.1,37.1,58.1,0,0,8.3,44756.63
1997-04-18,75.2,38.9,60.2,0,0,10.1,44893.58
1997-04-19,76.7,40.7,61.9,0,0,13.2,44255.6
1997-04-20,74.6,51.8,63.6,0,0,14.7,43555.65
1997-04-21,65.9,47.7,58.6,0,0,12.8,45289.3
1997-04-22,66.1,46.1,55.7,0.031,4,12.4,45343.38
1997-04-23,58.4,39.1,51.3,0.382,8,15.1,18613.11
1997-04-24,53,36,43.6,0.169,11,13.1,38392.46
1997-04-25,59.9,36.5,49.5,0,0,9,45509.61
1997-04-26,64.2,43.1,53.3,0,0,10.1,45560.13
1997-04-27,68.9,37.4,55.8,0.004,1,8.6,43200
1997-04-28,68.7,46.3,58.7,0,0,9.9,42145.47
1997-04-29,61.5,44.1,54,0.087,8,17.7,36635.03
1997-04-30,65.6,40,53.2,0,0,12.2,45810.07
1997-05-01,56.6,39.3,49.2,0.102,5,20.6,41885.34
1997-05-02,55.3,32.7,44.6,0,0,7.8,46190.01
1997-05-03,71.1,32.6,54.5,0,0,5.3,46330.16
1997-05-04,80.9,40,63.1,0,0,11.6,46476.86
1997-05-05,80.5,51.7,67.3,0,0,9.1,45919.94
1997-05-06,83,49.6,69.6,0,0,17.2,42727.45
1997-05-07,77.6,55.9,67.7,0,0,13.2,45249.12
1997-05-08,77.1,56,66.6,0,0,13.7,46271.97
1997-05-09,76.7,48.2,63.9,0,0,11.4,47096.3
1997-05-10,79.2,48,65.7,0,0,6.9,47265.94
1997-05-11,80.3,48.5,66.5,0,0,14.1,47542.66
1997-05-12,80,51.1,67.4,0,0,7,47509.79
1997-05-13,85.2,60.3,72.6,0,0,11.9,47904.29
1997-05-14,85,56.4,72.4,0,0,11.5,46643.38
1997-05-15,85.5,55.3,72.4,0,0,14.7,44743.05
1997-05-16,87.3,54.4,73.9,0,0,10.6,48203.64
1997-05-17,89.5,54.7,74.3,0,0,16,48298.17
1997-05-18,81.9,61.8,72.3,0,0,16.7,40915.31
1997-05-19,80.6,60.1,70.6,0,0,14,44931.48
1997-05-20,79.3,58.4,69.6,0.012,1,12.5,47149.95
1997-05-21,72.8,56,63,0.177,3,9.9,33638.57
1997-05-22,71.2,53.9,62.5,0,0,8.4,46029.57
1997-05-23,79.4,49.2,66.2,0,0,16.2,48686.38
1997-05-24,69.5,52.5,60.8,0.193,10,21.9,26429.74
1997-05-25,66.7,43.3,54,0.26,10,11.8,44969.16
1997-05-26,63.2,40.9,52.8,0,0,10.9,48786.1
1997-05-27,68.9,43.1,58.4,0,0,5.4,48816.1
1997-05-28,76,47.1,64.2,0,0,8.3,48133.9
1997-05-29,79.3,56.9,69.2,0,0,10.1,41836.7
1997-05-30,84.9,57.5,72.6,0,0,8.8,45835.54
1997-05-31,92.4,58.9,78.4,0,0,9.3,48919.38
1997-06-01,94.1,59.9,80,0,0,16,46026
1997-06-02,89.3,67.4,77.6,0,0,19.2,48984.49
1997-06-03,91.6,56,75.9,0,0,9.2,49075.75
1997-06-04,92.7,57.7,78.5,0,0,15.1,49093.36
1997-06-05,91.1,56,76.8,0,0,13.3,49108.6
1997-06-06,83,56.9,73.2,0,0,10.9,41305
1997-06-07,78.8,62.4,69.2,0.083,5,14.1,43706.55
1997-06-08,70.5,58.4,65.4,0,0,6.3,49039.25
1997-06-09,72.5,58.1,64.6,0.134,12,5.2,42517.43
1997-06-10,78.8,56.8,68.9,0.035,3,13.5,49050.57
1997-06-11,83.9,53.1,70.8,0,0,11.1,49378.14
1997-06-12,83.9,53.3,70.8,0,0,16.9,46510.59
1997-06-13,82.8,57.6,71.2,0.031,3,18.1,47856.52
1997-06-14,79.6,61,70.9,0,0,17.1,47406.46
1997-06-15,78.7,60.2,69.8,0,0,6.2,49228.75
1997-06-16,83,59.4,71.7,0,0,11.7,49044.8
1997-06-17,86.4,62.2,75.4,0,0,6.9,49218.31
1997-06-18,93,61.3,79.9,0,0,16.4,46883.9
1997-06-19,96.7,63.1,83,0,0,16.6,49373.24
1997-06-20,94.6,66.9,83.2,0,0,12.7,49011.46
1997-06-21,95.3,65.6,82.8,0,0,12.5,49616.33
1997-06-22,94,65.5,82,0,0,16.5,49606.45
1997-06-23,91.3,64.5,79.8,0,0,12.6,49329.52
1997-06-24,87.7,62.3,77.4,0,0,10,49669.51
1997-06-25,90.8,64.4,78.3,0,0,9.7,49653.48
1997-06-26,92.7,58.6,79.3,0,0,10.5,49545.76
1997-06-27,92.8,62.6,80.2,0,0,16.8,49525.02
1997-06-28,90,64.1,79.1,0,0,18.2,49591.73
1997-06-29,90.4,60.5,77.6,0,0,15.7,49656.3
1997-06-30,92.5,58.6,78.1,0,0,20.1,49629.24
1997-07-01,81.2,58.1,72.3,0,0,13.9,49600.11
1997-07-02,93.4,52.6,76.3,0,0,21,49568.99
1997-07-03,84.3,59,72.9,0,0,7.9,49535.98
1997-07-04,90.1,58.6,77.3,0,0,8.7,49501.06
1997-07-05,93.4,67.5,82,0,0,8.6,49464.32
1997-07-06,95.1,59.3,81,0,0,10.6,49339.64
1997-07-07,95.4,62.6,83.1,0,0,8,49129.75
1997-07-08,93.6,62.5,81.3,0,0,8.1,49175.2
1997-07-09,95.2,61.4,81.8,0,0,9.4,49217.02
1997-07-10,93.7,61.9,80.8,0,0,17.2,49091.31
1997-07-11,87.5,65.9,78.4,0,0,15.4,48585.17
1997-07-12,88.4,66.9,78.2,0,0,18.9,47515.21
1997-07-13,87.3,62.4,75.9,0,0,7.5,48878.33
1997-07-14,94.2,64.7,81.6,0,0,6.9,48831.39
1997-07-15,99.3,62.4,84.3,0,0,9,48636.04
1997-07-16,99.2,66.7,86.4,0,0,11.9,48297.61
1997-07-17,99.3,68.1,86.7,0,0,12.4,48453.17
1997-07-18,94.4,71.9,84.4,0,0,10.9,47062.02
1997-07-19,91.6,65.3,80.4,0,0,10.8,47896.8
1997-07-20,90.9,65.9,80.4,0,0,7.3,47671.13
1997-07-21,93.2,64.1,82,0,0,4.9,47914.16
1997-07-22,91.3,69.7,80.6,0.079,6,12.1,43200
1997-07-23,84.1,68.2,76.1,0.004,1,11.4,46841.09
1997-07-24,90,62.8,78.5,0,0,9.5,47517.12
1997-07-25,94.6,63.2,81.7,0,0,12.2,47588.86
1997-07-26,90.8,66.9,79.9,0,0,13.9,31314.74
1997-07-27,88,65.2,78.7,0,0,5.3,47221.25
1997-07-28,76.5,66.6,70.9,0.669,11,7.4,20881.17
1997-07-29,77.7,63,70.7,0.008,1,8.1,46894.23
1997-07-30,75.2,64.1,68.6,0.051,5,7.2,28842.33
1997-07-31,79.8,59.3,70.2,0,0,5.2,46966.91
1997-08-01,85.7,58.4,73.9,0,0,5.6,47030.73
1997-08-02,90,59.6,77.3,0,0,4.8,46833.33
1997-08-03,86.4,68.5,76.5,0.012,2,7.9,33993.55
1997-08-04,79.4,67.3,71.6,0.409,18,7.2,22259.25
1997-08-05,77.3,64.4,69.9,0.531,11,4,40630.59
1997-08-06,76.7,61.2,69.4,0,0,9,46579.1
1997-08-07,79.9,59.1,70.2,0,0,4.8,46513.71
1997-08-08,88.6,57.3,74,0.016,2,10.3,44097.17
1997-08-09,86.9,61.9,75.2,0.004,1,10.9,44603.72
1997-08-10,82.2,64,73.1,0.075,5,11.9,45994.99
1997-08-11,81.8,62.5,71.5,0.252,6,10.9,42318.91
1997-08-12,83.6,56.7,70.8,0.059,2,7.4,46166.8
1997-08-13,83.8,57.3,71.5,0.031,3,9.2,46093.93
1997-08-14,84.2,57.2,73,0,0,11.7,46020.09
1997-08-15,92.9,63.1,79,0,0,11.8,45945.33
1997-08-16,91.5,62.6,78.7,0,0,12,45812.59
1997-08-17,89.3,60.8,76.7,0.012,2,12.7,45440.31
1997-08-18,87.2,60.8,75.5,0,0,10.4,45606.27
1997-08-19,89.7,60,77.1,0,0,6.8,45477.73
1997-08-20,93.6,59.9,79.5,0,0,8,45348.73
1997-08-21,93.4,66.5,82.5,0,0,10.1,43754.63
1997-08-22,91.2,69.9,81.7,0,0,5.1,45088.91
1997-08-23,92.8,64.1,80.8,0,0,7.4,44058.19
1997-08-24,94,68.4,82.6,0,0,11,44823.6
1997-08-25,93.4,65,81.2,0,0,10.7,44063.32
1997-08-26,88.2,70.3,79.6,0.008,1,6.9,42872.94
1997-08-27,91.1,64.8,79.3,0,0,7.8,43925.26
1997-08-28,91.8,64.3,79.3,0,0,14.5,43381.93
1997-08-29,89.6,66.9,79.6,0,0,11.7,44138.47
1997-08-30,88.3,62.2,76.7,0,0,9.9,43368.51
1997-08-31,80,64.2,71.9,0.083,6,7.9,38622.72
1997-09-01,80.8,60.7,70.7,0.217,4,9,42378.55
1997-09-02,86,63.1,74.6,0,0,8.9,42764.96
1997-09-03,80.7,64.2,73,0.024,1,8.6,42796.97
1997-09-04,82.1,63.3,72.7,0,0,9.6,42556.69
1997-09-05,84,61.1,73,0.028,2,7.6,38749.83
1997-09-06,84.4,61,74.4,0,0,6.9,39600
1997-09-07,85.8,57.6,73.7,0,0,6.9,42229.75
1997-09-08,88,59.4,75.6,0,0,4.7,42018.45
1997-09-09,80.7,69.6,74.6,0.016,3,8.8,36298.05
1997-09-10,86.1,58.4,73.8,0,0,8.6,41914.82
1997-09-11,85.8,60.7,72.6,0.067,4,16.6,40722.63
1997-09-12,81.9,58.5,71.4,0,0,8.5,41810.8
1997-09-13,80.6,58.2,71.1,0.012,2,8.8,41409.93
1997-09-14,85.6,59.2,73.3,0,0,14.6,41706.34
1997-09-15,80.1,62.3,70.5,0.248,11,17.1,40540
1997-09-16,76.7,60.5,67.5,0.008,2,7.2,37974.45
1997-09-17,83.5,54.6,69.9,0.039,3,14.1,41403.76
1997-09-18,83.9,63.4,73.6,0.035,2,19.8,41253.93
1997-09-19,81.1,61.4,71.4,0.02,2,16.7,41103.6
1997-09-20,79.4,55.2,67.2,0.102,9,12.4,40935.65
1997-09-21,66.8,55,60.2,0.913,21,7.5,39508.14
1997-09-22,63.6,49.9,56.4,0.02,2,6.9,40650.7
1997-09-23,66.1,48.2,57.1,0,0,8.1,40499.39
1997-09-24,68.9,49.7,58.9,0,0,4.3,40348.05
1997-09-25,71.9,47.8,61,0,0,4.6,27587.32
1997-09-26,67.1,55.3,61.8,0.484,10,5.2,22301.59
1997-09-27,72.2,52.8,61.8,0,0,7.8,39247.57
1997-09-28,70.7,52.4,61.2,0,0,4.3,39744.29
1997-09-29,73.7,50.6,61.7,0,0,4.3,39594.23
1997-09-30,76.7,50.3,62.7,0,0,4.9,39317.56
1997-10-01,80.4,49.2,64.2,0,0,4.7,39105.62
1997-10-02,80.1,54.6,65.7,0.13,7,18.1,36957.48
1997-10-03,68.9,51.1,59.8,0.035,3,6.1,38432.76
1997-10-04,77.1,45.7,60.7,0,0,5.7,38494.56
1997-10-05,80.6,47.7,63.2,0,0,6.7,38300.36
1997-10-06,81.3,49.5,64.5,0,0,15.5,38188.12
1997-10-07,72.2,49.3,58.4,0.236,9,26.3,29949.9
1997-10-08,58.2,41.9,49.3,0.051,4,12,37820.92
1997-10-09,69.2,37.5,52.5,0,0,10.2,37647.1
1997-10-10,74.9,44.8,59.9,0.004,1,19.4,36742.01
1997-10-11,61,42.8,54.6,0.031,2,20.8,36456.64
1997-10-12,50.3,34.9,42.5,0,0,18.4,36870.96
1997-10-13,52.5,30.8,42.3,0,0,5.5,36914.68
1997-10-14,61.3,34.3,48.5,0,0,3.2,36710.34
1997-10-15,67.6,40.1,53.5,0,0,5.1,36559.41
1997-10-16,68.1,38.4,54.8,0,0,3.6,36426.47
1997-10-17,70.3,40.1,56.2,0,0,4,36277.69
1997-10-18,71.2,40.5,57,0,0,4.5,36195.93
1997-10-19,71.4,41.1,56.4,0,0,6.8,36131.18
1997-10-20,67.7,38.6,54.6,0,0,5.8,36077.58
1997-10-21,65.3,41.4,54.2,0,0,4,36001.08
1997-10-22,66.1,37.3,53.3,0,0,7.1,35929.97
1997-10-23,62.3,43.1,52.6,0.024,2,14.1,28512.85
1997-10-24,45.9,33.1,40.2,0.118,7,15.3,32495.96
1997-10-25,40.7,27.2,32.6,0.004,1,17.9,35680.52
1997-10-26,47,24.5,36.1,0,0,3.4,35533.62
1997-10-27,52.8,26.8,40.5,0,0,3.3,35387.04
1997-10-28,56.4,30.3,43.9,0,0,3.6,35240.9
1997-10-29,59.6,31.8,47.5,0,0,6.3,35095.36
1997-10-30,63.8,44.6,53.2,0,0,9.9,34950.54
1997-10-31,66,43.7,53.9,0,0,19.1,34806.62
1997-11-01,56.4,39.6,47.1,0,0,9.9,34663.73
1997-11-02,54.6,37,46.1,0,0,5,34522.04
1997-11-03,57.4,29.5,45,0,0,4.5,31685.76
1997-11-04,60.9,34.5,48.2,0,0,4.7,34242.89
1997-11-05,62.1,39.4,50.3,0,0,3,31999.32
1997-11-06,63.6,34.7,49.9,0,0,3.4,33970.5
1997-11-07,65.3,31.8,49.4,0,0,7.7,33837.27
1997-11-08,61.4,32.7,47.9,0,0,5.7,33706.25
1997-11-09,47.2,37.5,42.6,0,0,10.6,32718.46
1997-11-10,47.7,30.1,39.2,0.008,2,4.7,26750.98
1997-11-11,52.8,36.2,43.9,0.091,8,9,30920.65
1997-11-12,48,32.3,41.2,0.02,3,2.8,30855.57
1997-11-13,46.6,35.5,40.6,0,0,9,33076.41
1997-11-14,38,21.9,31.3,0,0,14.1,32953.86
1997-11-15,33.4,21,27.1,0,0,4.3,32832.73
1997-11-16,39.3,24,31.3,0,0,3.2,32477.48
1997-11-17,42.6,26.7,34.2,0,0,2.7,32595.28
1997-11-18,44.2,28.2,35.4,0,0,3.9,32474.5
1997-11-19,55.7,28.5,40.8,0,0,11,30867.54
1997-11-20,50.2,32.4,42.1,0,0,12.4,32192.56
1997-11-21,43.3,28.9,36.1,0,0,4.6,24433.07
1997-11-22,44.1,28.6,35.6,0,0,5.2,32037.72
1997-11-23,48.2,25.7,36.9,0,0,3.6,31933.78
1997-11-24,52.6,28.4,39.4,0,0,3.3,31832.77
1997-11-25,56.7,29.7,42.7,0,0,6.1,30195.01
1997-11-26,63.2,37.3,49,0.004,1,15,25900.3
1997-11-27,51.7,36.9,43.1,0.043,5,19.9,26976.9
1997-11-28,48.2,32.1,38.9,0,0,4.9,31038.61
1997-11-29,49,30,38.7,0,0,2.9,31076.45
1997-11-30,49.4,26,38.1,0,0,3.8,30477.91
1997-12-01,46.7,33.7,39.6,0,0,3.8,30080.07
1997-12-02,43.9,31.4,36.5,0,0,6.7,27827.81
1997-12-03,39.2,28.1,32.7,0,0,4.1,30480.42
1997-12-04,41.1,23.7,32.1,0,0,2.9,30697.14
1997-12-05,41.8,21.5,31.8,0,0,3.7,29092.37
1997-12-06,45.1,23.4,34.2,0,0,2.7,30415.23
1997-12-07,45.2,30.7,37.3,0.012,2,7,30413.02
1997-12-08,44.1,28.3,35,0.248,12,16.1,26229.1
1997-12-09,36.3,27.2,30.9,0,0,10.2,25200
1997-12-10,34.2,25.4,28.8,0,0,14.2,30419.91
1997-12-11,33,20.1,25.6,0,0,12.1,30434.37
1997-12-12,36.7,17.3,25.7,0,0,3.8,30458.93
1997-12-13,42.2,19.8,29.4,0,0,2.7,30452.1
1997-12-14,42.3,18.4,29.9,0,0,3.6,30463.11
1997-12-15,42.7,23.6,32.2,0,0,3.5,19674.59
1997-12-16,41.8,20.8,31.7,0,0,2.7,30463.51
1997-12-17,43.1,20.5,31.3,0,0,2.9,28733.29
1997-12-18,44.6,23.4,32.9,0,0,3.4,28861.52
1997-12-19,41,25.2,31.2,0,0,9.5,30418.58
1997-12-20,38.6,22.5,29.6,0,0,2.9,30412.87
1997-12-21,38.7,20.8,29.7,0,0,4,27429.71
1997-12-22,41.6,26.1,32.1,0,0,8.7,30115.88
1997-12-23,36,22.8,29.1,0,0,3.2,30421.88
1997-12-24,27.4,21.1,24.4,0.075,7,6.5,4408.91
1997-12-25,32.1,20,24.3,0,0,7.7,29073.01
1997-12-26,32.3,16.4,22.9,0,0,3.9,30468.75
1997-12-27,35.4,12.2,23.5,0,0,14.4,29898.4
1997-12-28,32.2,12.8,23.3,0,0,4.9,30520.32
1997-12-29,39,17.3,27.4,0,0,5,30552.02
1997-12-30,43.6,19.1,30.8,0,0,2.9,30587.58
1997-12-31,44.5,20,31.7,0,0,2.9,28409.49
1998-01-01,46.4,20.2,32.2,0,0,3.9,30670.01
1998-01-02,52.7,25.8,36.9,0.094,5,9.1,20763.01
1998-01-03,48.6,30.3,37.9,0.004,1,5.8,30767.07
1998-01-04,45.7,27.5,35,0.102,11,12.1,30820.92
1998-01-05,35.4,27.9,31.6,0.118,9,11.9,13454.53
1998-01-06,36.4,20.4,28.3,0,0,5.7,30938.86
1998-01-07,33.6,12.7,23.1,0,0,2.9,31002.8
1998-01-08,37.7,13.5,24.9,0,0,3.7,31069.98
1998-01-09,38.7,14.8,26.5,0,0,3.3,31140.97
1998-01-10,42,26.3,33.2,0.008,2,8.8,21458.36
1998-01-11,43.7,29.8,35.2,0,0,8.9,31295.44
1998-01-12,44.3,26.9,34.2,0,0,5.9,31378.52
1998-01-13,39.9,26.9,33.3,0.244,10,5.8,14207.66
1998-01-14,37.9,20.4,29.5,0,0,4.5,31555.53
1998-01-15,40.9,18.4,28.7,0,0,4.8,26451.15
1998-01-16,43.5,21.1,32.4,0,0,4.5,31745.78
1998-01-17,49.5,27,37.6,0,0,7.7,28090.42
1998-01-18,48.3,24.5,36.4,0,0,5.3,31947.86
1998-01-19,48.5,27.5,35.4,0.094,6,19.2,32052.91
1998-01-20,37.9,23.8,30.2,0,0,7.9,32160.42
1998-01-21,36.1,22.6,28.5,0,0,5.3,32270.21
1998-01-22,36.6,19,27.8,0,0,2.3,31598.14
1998-01-23,41.4,18.7,29.7,0,0,3,32404.75
1998-01-24,44.8,24.1,33.7,0,0,3,32400
1998-01-25,46.5,24.3,35.8,0,0,8.9,32461.35
1998-01-26,49.4,23.4,35.5,0,0,4.5,32444
1998-01-27,49.4,25.1,35.9,0,0,4.5,32516.9
1998-01-28,48.3,24.4,36,0,0,3.6,32678.95
1998-01-29,50.7,23,36.6,0,0,3.7,29997.79
1998-01-30,46.5,33.5,39.2,0.012,2,6.5,32594.11
1998-01-31,42.6,30,35.4,0,0,3.5,32790.14
1998-02-01,44.3,23.6,33.4,0,0,3.9,33219.73
1998-02-02,44.1,29.4,35.4,0.035,5,6.1,14157.02
1998-02-03,53.3,30.8,39.7,0,0,7.3,24038.34
1998-02-04,47,32.5,38.8,0.031,6,7.1,9206.24
1998-02-05,47.2,30.6,37.9,0,0,8.2,32866.42
1998-02-06,48.8,27.2,37.5,0,0,3.6,25719.58
1998-02-07,46.3,33.7,38.3,0.106,8,9,26066.7
1998-02-08,38.9,30.6,34.4,0.26,14,6.5,2264.53
1998-02-09,40.7,27.4,33.4,0,0,5.5,26650.79
1998-02-10,40,25,31.9,0,0,4.1,34854.29
1998-02-11,38,20.8,29.3,0,0,3.9,32053.73
1998-02-12,39.8,24.8,31.3,0,0,3.5,35146.52
1998-02-13,40.5,22.5,31.2,0,0,3.8,17471.55
1998-02-14,46.9,23.9,34.9,0.22,7,11.9,25627.08
1998-02-15,38.3,27.2,34.2,0.413,19,7.1,10391.02
1998-02-16,39.6,18,28.7,0,0,4.9,25789.7
1998-02-17,40.1,18.9,30.1,0,0,4.4,29360.55
1998-02-18,41.1,26.9,33.3,0,0,8.2,36025.68
1998-02-19,41.6,22.6,32.3,0,0,4.1,36173.81
1998-02-20,42,26.4,33.5,0,0,4.3,23176.48
1998-02-21,47.9,24.2,35.3,0,0,8.2,36448.95
1998-02-22,45.7,28.7,36.7,0.079,7,12.5,29037.56
1998-02-23,49.4,30.4,39.2,0.118,14,12.1,29577.19
1998-02-24,54.2,34.4,41.4,0.126,7,25.9,21490.48
1998-02-25,37.1,24.4,32,0.02,2,15.9,37085.72
1998-02-26,35.2,22.1,27.5,0.004,1,10.7,37240.27
1998-02-27,33.3,21.4,26.4,0,0,6.7,37395.22
1998-02-28,33.5,18.8,26,0,0,4.6,37550.43
1998-03-01,38.9,18.6,28.6,0,0,3.7,37705.79
1998-03-02,43.4,20.7,31.2,0,0,5.7,34718.3
1998-03-03,54,22.3,37.5,0,0,9.6,38016.44
1998-03-04,42.7,29.9,36.2,0.02,2,9.8,38171.5
1998-03-05,44.6,25.6,35,0.043,2,6.5,38326.25
1998-03-06,48.5,31,38.8,0.244,18,20.5,37167.88
1998-03-07,32.6,20.5,27.8,0.11,9,12.5,28299.2
1998-03-08,35.6,14.4,25.4,0,0,3.6,38787.39
1998-03-09,41.8,20,30.6,0,0,4.7,38939.73
1998-03-10,45.9,20,33.1,0,0,5.2,39091.55
1998-03-11,49.3,24.4,36.8,0,0,3.9,39243.96
1998-03-12,54.1,25.4,39.2,0,0,5.2,39396.95
1998-03-13,58.4,27.2,42.3,0,0,6.2,39468.92
1998-03-14,57.7,32.5,44.4,0.008,2,5.4,39529.32
1998-03-15,59,33.5,45.1,0,0,9.8,39622.28
1998-03-16,57.5,31,45,0,0,5,39673.6
1998-03-17,58.7,36.6,46.5,0.122,5,14.2,39638.68
1998-03-18,41.4,30,35.1,0.079,11,11.7,21156.87
1998-03-19,46.7,25.4,35.7,0,0,5,39899.47
1998-03-20,51.3,25.2,38,0,0,5.2,40021.39
1998-03-21,57.4,26.9,42.2,0,0,5.4,40123.01
1998-03-22,67.7,31.1,49.5,0,0,6.4,40272.41
1998-03-23,71.3,36.7,53.8,0,0,6.1,40433.3
1998-03-24,73.2,43.4,59.4,0,0,18.1,40599.59
1998-03-25,71.2,43.4,58.6,0,0,18.8,41066.49
1998-03-26,56.1,43.1,50.6,0.083,5,10.7,40139.69
1998-03-27,57.7,36.8,48.1,0.031,5,15.5,40656.05
1998-03-28,52.9,36.6,45.1,0.252,15,20.2,28509.46
1998-03-29,42.7,29.2,36.3,0.031,4,14.8,41062.84
1998-03-30,40.9,23.5,32.9,0.02,3,5,39504.31
1998-03-31,49.8,28,38.6,0,0,6.7,41759.1
1998-04-01,55.6,28.6,42.5,0.016,4,12.9,36774.48
1998-04-02,49.6,33,39.9,0.193,14,10.4,25781.69
1998-04-03,56.1,28.6,42.8,0,0,8.5,42496.03
1998-04-04,55.3,33.3,44.9,0.012,3,20.2,41883.62
1998-04-05,55.7,31,44.4,0,0,11.7,38547.37
1998-04-06,52.2,36.3,44.1,0.055,10,8.7,36244.5
1998-04-07,47.8,33.5,40.7,0.075,13,6.5,40112.65
1998-04-08,51.2,31.8,42,0.008,1,4.9,42534.64
1998-04-09,56.1,29.2,43.3,0.016,2,7,43598.41
1998-04-10,67,31,49.1,0,0,11.4,43742.4
1998-04-11,71.5,37.4,55.8,0,0,23.7,43885.59
1998-04-12,55.6,41.7,49.8,0.02,2,19,43157.75
1998-04-13,56.8,36,47.9,0.012,2,19.4,37379.85
1998-04-14,54,38.7,45.8,0.031,5,16.1,41293.35
1998-04-15,50.6,33.5,42.5,0,0,9.2,44224.45
1998-04-16,48.9,34.7,41.1,0.043,6,8,39068.67
1998-04-17,55.5,34.5,44.5,0.004,1,14.9,41067.32
1998-04-18,54,33.4,44.6,0,0,9.8,44857.08
1998-04-19,61.1,30.8,47.9,0.004,1,11,43843.33
1998-04-20,62.3,37.9,51.1,0,0,10.1,45123.64
1998-04-21,68,35.6,53.6,0,0,7.3,45256.32
1998-04-22,73,35.4,57.3,0,0,6.4,45329.66
1998-04-23,80.3,41.2,64.1,0,0,17,45384.32
1998-04-24,70.7,51.5,62,0.004,1,17.6,45272.01
1998-04-25,63.4,44,53.7,0,0,10.9,45493.59
1998-04-26,63.3,42.4,53,0,0,15.3,45019.29
1998-04-27,64.7,41.1,53.7,0.043,3,8.6,45030.67
1998-04-28,66.9,40,55.8,0,0,5.4,40160.62
1998-04-29,71.3,40.7,58.7,0,0,7.6,45803.38
1998-04-30,75.1,48.4,63.6,0,0,4.7,45919.5
1998-05-01,75.5,46.9,63.8,0,0,8.3,45979.18
1998-05-02,80,44.7,65.1,0,0,12.5,46176.29
1998-05-03,78.5,50.6,66.2,0,0,13.6,46315.58
1998-05-04,74,49.9,63,0,0,20.3,46461.36
1998-05-05,71.3,48.3,60.9,0,0,15,45441.01
1998-05-06,66.3,45.3,57.3,0,0,12.5,46343.89
1998-05-07,68.3,47.5,58.1,0,0,8.2,46841.86
1998-05-08,69.8,44.3,59.1,0,0,11.7,42845.02
1998-05-09,74.7,46.2,62.4,0,0,14,46978.96
1998-05-10,74.1,48.5,62.6,0,0,23.5,47343.8
1998-05-11,71.4,45.5,60.3,0,0,16,46802.56
1998-05-12,74.8,48.2,63.5,0,0,19.5,40402.23
1998-05-13,66,52.5,59.2,0.008,2,24.8,44315.69
1998-05-14,61,46.1,53.5,0,0,15.2,46494.64
1998-05-15,69.4,41.4,56.4,0,0,15,48082.44
1998-05-16,78.9,42.6,63.6,0,0,18.8,48180.68
1998-05-17,80.4,52.2,68.7,0,0,21.4,48277.08
1998-05-18,83.2,49.7,70.6,0,0,18.6,48371.55
1998-05-19,85.6,53,72.5,0,0,19.2,47826.42
1998-05-20,85,59.8,72.1,0.008,1,22.1,39473.59
1998-05-21,70.4,51.7,61.8,0.138,4,20.4,48602.62
1998-05-22,66.6,48,58.2,0.004,1,12.1,46113.25
1998-05-23,70.4,48.2,60.3,0,0,7,47235.68
1998-05-24,75.1,50.3,64.3,0,0,9.5,48051.79
1998-05-25,82.9,47,67.9,0,0,12.3,48748.16
1998-05-26,81.4,56.6,70.4,0,0,25.5,48780.29
1998-05-27,80.9,53.8,69.1,0,0,17.2,48815.81
1998-05-28,85.6,52.5,71.8,0,0,14.8,48842.75
1998-05-29,84.8,58.9,73.2,0,0,17.8,41035.24
1998-05-30,82.3,60.4,72.4,0,0,13.1,47676.56
1998-05-31,84.3,57.8,73.2,0,0,9.3,48233.22
1998-06-01,88.3,62,76.1,0,0,12.1,48188.52
1998-06-02,88.8,62.7,77.9,0,0,21.9,49048.26
1998-06-03,84.4,59.6,73.3,0,0,23.6,49012.64
1998-06-04,71.1,55,61.4,0.051,2,17.5,45539.55
1998-06-05,70.5,50.2,60.6,0,0,9.8,49100.7
1998-06-06,80.3,46.7,66.4,0,0,10.8,48823.71
1998-06-07,80,55.1,67.9,0,0,20.2,47124.86
1998-06-08,75.3,50.8,64.4,0,0,14.4,49134.21
1998-06-09,76.3,55.1,66.7,0,0,15.9,49071.05
1998-06-10,75.8,55.2,65.6,0.004,1,13.2,49045.43
1998-06-11,75.5,54.5,65.6,0,0,10.6,49150.57
1998-06-12,80.2,55.5,69.2,0,0,12.3,49152.54
1998-06-13,73.3,58,66.2,0,0,19.8,49230.78
1998-06-14,77.6,57.5,66.5,0,0,17.8,49389.98
1998-06-15,78.9,51.7,66.1,0,0,9.2,49310.57
1998-06-16,82.7,56.9,70.6,0.028,3,20.4,31124.63
1998-06-17,62.7,45.6,54.1,0.268,7,14.6,45158.69
1998-06-18,73.2,48.7,61.6,0,0,6.6,49553.5
1998-06-19,87.4,48.1,70.8,0,0,17.1,49549.21
1998-06-20,85.8,64.6,75.3,0.024,2,11.3,49111.91
1998-06-21,86.6,58.1,75.3,0,0,10.8,49620.47
1998-06-22,89.3,57.8,76.4,0,0,17.5,49697.54
1998-06-23,88.2,57.5,75.1,0,0,15.8,49685.39
1998-06-24,85.8,60.2,74.8,0,0,13.2,49671.02
1998-06-25,90.2,56,76.7,0,0,18.7,49654.47
1998-06-26,91,66.8,80.4,0,0,13.4,49546.44
1998-06-27,89.7,68.6,80.6,0,0,9.2,49615.19
1998-06-28,96.1,65.8,82.4,0,0,9.3,49592.59
1998-06-29,98.1,67.2,84.8,0,0,8.5,49657.82
1998-06-30,100.1,63.6,84.4,0,0,11.7,49631.43
1998-07-01,99.5,67.9,85.9,0,0,10.2,49603.18
1998-07-02,97.4,62,83,0,0,16,49573.12
1998-07-03,96.2,64.9,83.2,0,0,13.8,49364.01
1998-07-04,95.9,69.6,84.4,0,0,13.6,49419.72
1998-07-05,95.2,64.4,82.7,0,0,14.5,48948.13
1998-07-06,91.1,70,82.1,0,0,5.6,48829.56
1998-07-07,90.8,65.8,80,0,0,10.8,48883.44
1998-07-08,89.5,65,79.6,0,0,4.8,49188.25
1998-07-09,91.5,67.2,79.3,0.008,1,13.3,48031.14
1998-07-10,90.7,69.1,80.1,0,0,10.9,47588.43
1998-07-11,96.6,63.8,82.8,0,0,14.4,48739.59
1998-07-12,97.3,64.1,83.6,0,0,7.9,48937.07
1998-07-13,98.9,62.8,84.3,0,0,12.2,48968.11
1998-07-14,97.5,65.8,85.5,0,0,9,48842.53
1998-07-15,99.6,69.1,86.6,0,0,8.1,48792.54
1998-07-16,98.7,65.4,85.7,0,0,6.7,48669.31
1998-07-17,99.6,67.7,85.9,0,0,5.6,48548.84
1998-07-18,101,69,87.5,0,0,6.9,48429.65
1998-07-19,102.3,68.2,89.1,0,0,4.9,48399.65
1998-07-20,101.1,68.7,87.9,0,0,7.2,47880.76
1998-07-21,96.5,74.5,86.2,0.016,1,9.7,46864.84
1998-07-22,93.5,71.4,82.4,0.051,3,8.8,45024.95
1998-07-23,90.2,70.1,80.7,0.008,1,9.1,46800
1998-07-24,87.1,70.5,79.2,0,0,10.6,47246.3
1998-07-25,89.3,68.3,79.7,0,0,7.9,47150.1
1998-07-26,90.4,68.3,79.8,0.016,1,8.3,47145.18
1998-07-27,86.3,69.5,78,0.02,1,8.2,46800
1998-07-28,88.8,68.2,78.3,0,0,11,46891.64
1998-07-29,90.5,68.7,79.7,0.012,1,14.5,47126.45
1998-07-30,91.4,65.9,80.6,0,0,12.8,47118.64
1998-07-31,92.6,65.8,81.3,0,0,19.3,46896.47
1998-08-01,90.3,66,80.1,0,0,12.8,47032.57
1998-08-02,89.6,66.7,78.6,0,0,11,47025.47
1998-08-03,89,64.6,78.2,0,0,16.2,46936.3
1998-08-04,87.1,63.2,76.8,0,0,12.1,46812.94
1998-08-05,89.2,63.2,78.1,0,0,6.1,46748.09
1998-08-06,93.6,64.4,81.5,0,0,4.7,46681.11
1998-08-07,97.6,61.9,83.4,0,0,8.4,46567.09
1998-08-08,95,75.2,85,0,0,13.6,38509.98
1998-08-09,93.7,67.9,83.1,0,0,12.8,46392.91
1998-08-10,84.6,73.2,79.1,0,0,11.3,35566.88
1998-08-11,89.9,64,78.1,0,0,8.8,46254.8
1998-08-12,91.9,63.4,79.6,0,0,9.3,46184.31
1998-08-13,91.1,62.3,79.5,0,0,5.1,46112.93
1998-08-14,93.6,63.2,80.8,0,0,7.2,46040.74
1998-08-15,94.4,63.4,82.4,0,0,7.9,45967.78
1998-08-16,94.6,65,82.3,0,0,11.7,45894.12
1998-08-17,93.1,68.6,81.8,0,0,18.3,45758.3
1998-08-18,87.9,66.8,79,0,0,17.4,45644.25
1998-08-19,90.7,62.7,78.8,0,0,6.9,45515.87
1998-08-20,92.9,62.8,80.6,0,0,9.9,45385.99
1998-08-21,83.9,68.3,76.1,0.047,4,6.9,45254.71
1998-08-22,91.3,64.2,79,0,0,9.1,45122.14
1998-08-23,97.3,63.8,82.5,0,0,15.7,43397.6
1998-08-24,93.8,68.9,83.3,0.004,1,9.8,42797.74
1998-08-25,87.9,67.3,80.1,0,0,10.7,43048.43
1998-08-26,90.4,65.4,79.1,0,0,14.4,44511.9
1998-08-27,88.9,67,79.4,0,0,6.7,44443.38
1998-08-28,91.5,63.2,78.9,0,0,6.8,44305.13
1998-08-29,94.2,61.8,81.3,0,0,8.5,44136.1
1998-08-30,94.9,63.5,81.8,0,0,5.1,44026.88
1998-08-31,86.6,64.3,76.4,0,0,8.3,14221.23
1998-09-01,76.9,66.6,72,0,0,6.7,33160.39
1998-09-02,85.8,64.7,75.3,0,0,5.9,42529.56
1998-09-03,90.3,62.1,78.4,0,0,3.8,42625.53
1998-09-04,93.2,64,78.4,0.024,2,14,33706.09
1998-09-05,83.9,68.6,75.2,0.067,4,8.2,42427.8
1998-09-06,82.5,67.3,74.4,0.028,3,4.7,42371.85
1998-09-07,86.3,62.6,75.6,0,0,7.5,42455.77
1998-09-08,88.3,62.3,76.8,0,0,8.3,42121.29
1998-09-09,88.3,60.5,76.3,0,0,14.9,41978.08
1998-09-10,86.1,63,75.4,0.012,2,12.2,41963.48
1998-09-11,78.9,62.5,67.7,0.083,8,9.2,24583.97
1998-09-12,73.2,58,64.9,0.205,6,7.4,41822.65
1998-09-13,74.7,58,66.4,0,0,5.4,41770.59
1998-09-14,79.4,60.3,69.2,0,0,4.8,41718.38
1998-09-15,82.2,55.8,70.2,0,0,6.1,41666.01
1998-09-16,84.6,52.8,70.8,0,0,6.1,41583.32
1998-09-17,85.8,55.1,72.3,0,0,7.4,41433.84
1998-09-18,88.6,55.9,74.2,0,0,16.6,41284.16
1998-09-19,79.8,62.5,70.9,0,0,9.1,41134.35
1998-09-20,84.3,57.6,71.6,0,0,18.9,40107.86
1998-09-21,79.9,53.9,67.8,0,0,16.3,40604.12
1998-09-22,80.9,52.4,69.1,0,0,13.1,40685.1
1998-09-23,77.9,58.7,67.9,0.016,3,8,40377.61
1998-09-24,82.8,52.7,68.6,0,0,12.6,40386.64
1998-09-25,77.8,54.9,66.6,0,0,20.1,40238
1998-09-26,77.7,49.7,65.1,0,0,12.8,40089.06
1998-09-27,81.6,48.5,66.3,0,0,9.8,39939.21
1998-09-28,83,48.8,67.8,0,0,9.9,39788.58
1998-09-29,82.7,57.2,69.2,0.091,4,8.1,38642.71
1998-09-30,77.3,55.8,65.8,0.106,5,12.9,39157.56
1998-10-01,68.2,50.4,60.1,0.02,2,9.2,38339.34
1998-10-02,73.1,46.1,59.8,0,0,8.5,39016.6
1998-10-03,72.2,51.1,60.3,0.028,3,21.5,26787.96
1998-10-04,55.7,42.6,49.2,0,0,15.2,38602.75
1998-10-05,57.4,37.7,47.2,0.004,1,6.8,38322.54
1998-10-06,63.1,41.2,52.6,0,0,3.7,38209.79
1998-10-07,73.5,39.3,57.6,0,0,5.6,37251.81
1998-10-08,78.5,40.7,60.1,0,0,12.7,37632.07
1998-10-09,76.4,42.8,61,0,0,8.7,37732.47
1998-10-10,75,43.9,60.2,0,0,14.8,37561.62
1998-10-11,70.5,47,58.4,0,0,4.9,37398.68
1998-10-12,75,44.4,60.5,0,0,6.1,37192.06
1998-10-13,81.7,45.1,63.5,0,0,14.9,36839.02
1998-10-14,76.7,46.9,64.2,0,0,12.7,36081.77
1998-10-15,70,48.9,59.3,0,0,16.7,36385.23
1998-10-16,50.6,40.9,45.8,0.059,9,6.5,33577
1998-10-17,55.4,41.2,47.7,0,0,6.6,36278.38
1998-10-18,60.7,32.6,47.9,0,0,4.5,36256.64
1998-10-19,65.8,36.7,51.8,0,0,5.7,36135.78
1998-10-20,65.9,40.9,53.4,0.142,5,8.4,36039.82
1998-10-21,59.3,45.2,52.1,0.217,12,5.2,20935.43
1998-10-22,60.5,47,53.3,0.185,14,4.1,35914.05
1998-10-23,58.6,46.2,52.3,0.189,9,7.1,35847.92
1998-10-24,63.1,38,50.8,0,0,4.7,35781.35
1998-10-25,56.3,46.9,51.4,0.476,12,8.4,9153.21
1998-10-26,61.2,46.1,51.8,0.106,6,5.7,34313.66
1998-10-27,55.2,43.5,48.8,0.165,15,5.9,20244.03
1998-10-28,54.9,37.2,46.1,0,0,10.6,35268.1
1998-10-29,58.2,36.2,46.6,0.039,3,4.3,34388.96
1998-10-30,56.1,38.3,46.9,0.016,2,4.1,32448.33
1998-10-31,57.6,43.2,49.4,0,0,8.5,33734.19
1998-11-01,54.7,40.1,47.1,0,0,3.9,34694.84
1998-11-02,50.6,40.3,44.7,0.154,12,6.7,29360.73
1998-11-03,48.5,37.5,42.4,0.004,1,6.6,34417.73
1998-11-04,48.2,34.3,41.1,0,0,3.3,34282.14
1998-11-05,51.8,28.1,40.2,0.031,3,3.9,32034.31
1998-11-06,45.8,32,39.1,0.031,2,9.2,31291.82
1998-11-07,47.9,31.9,39.5,0,0,6.7,33881.28
1998-11-08,48.7,34.7,40.6,0.283,11,17.4,16750.83
1998-11-09,36.8,26.9,32.4,0.181,15,7.6,20537.7
1998-11-10,37.2,22.1,28.7,0,0,8.3,33486.84
1998-11-11,35.6,23.9,30.4,0.051,10,4.1,12942.24
1998-11-12,42.3,25.6,33.1,0,0,4.7,33229.44
1998-11-13,44.3,21.8,32.2,0,0,3.6,33102.89
1998-11-14,49.2,26.2,36.9,0,0,2.8,32977.99
1998-11-15,54.1,28.1,39.8,0,0,3.6,32854.93
1998-11-16,53.7,29.6,40.6,0,0,4,32083.53
1998-11-17,57.9,33.7,44.1,0,0,15.1,27633.04
1998-11-18,48.3,33.4,41.3,0,0,5.8,32347.14
1998-11-19,42.6,32.1,36.8,0,0,4.1,32384.5
1998-11-20,42.3,28.1,34.2,0,0,3.8,31174.29
1998-11-21,50.5,25.4,36.3,0,0,4.5,32022.09
1998-11-22,55,28.7,40.7,0,0,7.1,30549.04
1998-11-23,59.7,28.4,41.1,0,0,5.8,31472.91
1998-11-24,58.9,36.1,45.7,0,0,13.8,27033.66
1998-11-25,54.2,32.3,42.8,0,0,3.3,31467.46
1998-11-26,56.2,30.9,43.2,0,0,3.1,31164.17
1998-11-27,59,30,43.5,0,0,3.4,30909.38
1998-11-28,62.1,38.2,47.8,0,0,13.3,10533.27
1998-11-29,52.8,38.2,44.2,0.063,8,11.9,26198.81
1998-11-30,56.4,29.2,41.4,0,0,4.5,30973.25
1998-12-01,57.8,31.7,43.4,0,0,6.4,30862.91
1998-12-02,54.2,30,42,0,0,3.9,30828.72
1998-12-03,55,34.3,43.8,0,0,6.5,30733.59
1998-12-04,52.3,34.4,42,0.016,3,19.1,30414.19
1998-12-05,35.9,27.2,31.5,0.094,11,5.4,16020.16
1998-12-06,31.7,20.9,26.5,0,0,3.3,29043.83
1998-12-07,31.7,20,25,0,0,5.2,30543.48
1998-12-08,31.8,17.2,24.9,0,0,3.2,22331.29
1998-12-09,35.6,24.1,29.2,0.055,8,16.8,26352.73
1998-12-10,35.8,20,26.9,0,0,5.7,30478.77
1998-12-11,36.4,15.9,25.4,0,0,3,30451.79
1998-12-12,41.5,20.9,29.5,0,0,2.8,30428.85
1998-12-13,43.4,20.8,30.4,0,0,2.8,30444.2
1998-12-14,45,20.4,31.7,0,0,3.4,30453.87
1998-12-15,44.9,22.7,32.3,0,0,3.8,30463.49
1998-12-16,48.3,24.4,35.2,0,0,3,30470.05
1998-12-17,48,23.6,34.9,0,0,2.6,30451.52
1998-12-18,48.7,22.7,34,0,0,5.6,30437.05
1998-12-19,48.8,26.4,37.6,0,0,16.3,30426.63
1998-12-20,33.9,18.2,26.6,0.232,22,10.9,23645.49
1998-12-21,20.3,3.8,14.9,0.024,5,7,30417.92
1998-12-22,19.6,-3.3,8.1,0,0,3.6,30419.6
1998-12-23,19.1,6,11.3,0,0,4.1,30425.3
1998-12-24,24.5,-1.4,12.6,0,0,4.2,28530.01
1998-12-25,31.2,4.9,18.7,0,0,3,30448.65
1998-12-26,35.9,8.8,21.8,0,0,3.1,30466.26
1998-12-27,38.6,17.3,26,0,0,4.1,30487.8
1998-12-28,41.6,16.8,28.2,0,0,4.2,30513.25
1998-12-29,45.2,23,32.6,0,0,3,30542.57
1998-12-30,45.2,21.7,32.3,0,0,2.8,28815.86
1998-12-31,45.9,23.4,33.7,0.031,4,4.1,19624.87
1999-01-01,45.2,31.1,36,0.02,4,7.1,30653.47
1999-01-02,38.2,19.4,30.1,0,0,5,30697.96
1999-01-03,35.2,21.6,27.2,0,0,5.9,30746.17
1999-01-04,37.5,16.7,25.9,0,0,5.1,30798.62
1999-01-05,43.1,20.4,30.3,0,0,5.3,30855.54
1999-01-06,46.7,21.1,32.2,0,0,2.9,30916.73
1999-01-07,48.8,26.9,35.9,0,0,5.9,29479.2
1999-01-08,42.4,28.3,35,0,0,7.9,31051.3
1999-01-09,41.3,22.6,31.9,0,0,4.6,31124.36
1999-01-10,45.8,21.5,32.8,0,0,2.9,31201.07
1999-01-11,47.8,21.7,34.4,0,0,3.1,29604.56
1999-01-12,48.2,29.9,38.1,0,0,3.8,24281.3
1999-01-13,44.1,30.8,36.9,0,0,3.8,31451.49
1999-01-14,46.7,24,34.5,0,0,5.8,31541.2
1999-01-15,42.6,23.1,32.6,0,0,3.6,14475.21
1999-01-16,44.3,22.1,31.9,0.008,1,6,14544.31
1999-01-17,45.8,28.6,36.5,0,0,3.6,31826.93
1999-01-18,53.8,26.8,38.6,0,0,7.8,24049.54
1999-01-19,55.3,34.6,44,0.004,1,12,28347.73
1999-01-20,46,29.4,37.6,0.165,8,11.5,14522.02
1999-01-21,41.6,26.4,35.7,0.094,6,17.8,32241.08
1999-01-22,39.2,25.9,31.1,0,0,6,32350.32
1999-01-23,52.1,22.3,36.8,0,0,14.4,32400
1999-01-24,55.6,35.7,46.2,0,0,14.7,20572.5
1999-01-25,55.6,30.6,41,0.008,1,7,14689.6
1999-01-26,42.2,30.3,37.4,0.055,3,20.6,32435.43
1999-01-27,39.8,27.5,32.5,0,0,6.1,32518.42
1999-01-28,40.3,23.4,29.9,0,0,8.8,32667.74
1999-01-29,42.3,20,29.9,0,0,5.4,32781.24
1999-01-30,41.4,19.7,31.1,0,0,2.9,32824.07
1999-01-31,48.9,19.1,33.2,0,0,3.7,32400
1999-02-01,44.5,27.7,34.8,0,0,11.7,32963.51
1999-02-02,41.9,22.8,32.7,0,0,7,30560.92
1999-02-03,50.5,26.6,37.8,0,0,6.8,33524.51
1999-02-04,53.8,24.6,38,0.051,3,9.4,16535.24
1999-02-05,48.6,34.2,40.3,0.299,16,12.4,30104.99
1999-02-06,47.8,29.3,36.8,0,0,10.9,33512.23
1999-02-07,53,28.1,39.1,0,0,9.8,33073.21
1999-02-08,54.5,29.5,41.3,0,0,10.7,32575.4
1999-02-09,58.9,32.6,45.8,0.016,2,19.3,33707.54
1999-02-10,51,22.9,36.3,0.161,6,21.7,25357.33
1999-02-11,31.8,17.3,24.3,0,0,8.9,34962.64
1999-02-12,40,16.3,27.8,0,0,2.8,35104.85
1999-02-13,48.1,21.2,33.5,0,0,3.4,35247.66
1999-02-14,53.2,22.9,36.7,0,0,6.5,25058.33
1999-02-15,48.4,30.6,39,0,0,5.9,34505.74
1999-02-16,48.8,25.2,36.1,0,0,4.4,26580.35
1999-02-17,56.4,26.1,38.6,0,0,18.8,23481.2
1999-02-18,50,30.9,39.9,0,0,4.6,35150.44
1999-02-19,47.7,30.7,39.2,0,0,13.2,36135.71
1999-02-20,46.1,28.3,36,0,0,7.7,36287.59
1999-02-21,57,28.1,41.2,0.016,2,20.6,30328.13
1999-02-22,42.4,25,34.8,0,0,12.1,36593.38
1999-02-23,49.5,24.5,38.1,0,0,4.6,36747.01
1999-02-24,57.3,25,41,0,0,4.7,36900.97
1999-02-25,61.3,30.5,45.4,0,0,20.7,37055.12
1999-02-26,50.3,34.7,41.5,0,0,12.3,37209.32
1999-02-27,50.1,30.8,40.9,0,0,3.8,37363.47
1999-02-28,59.8,27.4,43.8,0,0,4.7,37517.43
1999-03-01,62.5,28.2,45.6,0,0,14.2,37671.1
1999-03-02,54.6,36.3,45.5,0,0,5.7,37824.34
1999-03-03,64.7,27.9,46.7,0,0,13.3,37977.05
1999-03-04,59.1,38.7,48.2,0.012,2,16.1,38129.12
1999-03-05,45.3,30.3,37.9,0,0,8.4,38280.82
1999-03-06,57.1,31.8,42.8,0,0,5.4,36665.39
1999-03-07,59.3,33.1,45.5,0,0,19.1,27858.41
1999-03-08,50.3,29.9,40.7,0,0,9.5,38740.34
1999-03-09,57.2,31.7,45.3,0,0,25.5,38894.69
1999-03-10,51.8,33.9,42.4,0,0,6.3,39049.46
1999-03-11,56.5,32.5,44,0.004,1,14.4,27646.4
1999-03-12,51.6,34.8,42.2,0.039,4,18.7,35264.04
1999-03-13,55.3,32.6,44.1,0,0,3.6,39452.44
1999-03-14,65.6,27.7,48.1,0,0,5.6,39519.36
1999-03-15,70.7,34.2,53.3,0,0,13.3,39579.04
1999-03-16,66.3,32.9,52.9,0,0,12.2,39600
1999-03-17,67,38.8,53.6,0,0,8.8,39724.68
1999-03-18,66.8,35.3,52.1,0,0,6.9,39795.91
1999-03-19,66.8,33.9,53,0,0,5.4,39894.18
1999-03-20,72.2,35.1,56.6,0,0,9.5,40015.45
1999-03-21,65.2,48.6,56.6,0,0,17.6,40115.02
1999-03-22,61.4,43.9,52.7,0,0,8.4,40417.37
1999-03-23,64.6,31.6,50.1,0,0,12.6,35608.31
1999-03-24,65.5,41.2,53.7,0,0,4.7,40877.79
1999-03-25,71.3,35.2,55.6,0,0,13,40626.43
1999-03-26,68.9,39.3,56,0,0,17.5,40723.99
1999-03-27,64.9,40.9,52.9,0.004,1,19.1,41307.43
1999-03-28,61.9,32.7,48.6,0,0,13.9,41546.68
1999-03-29,69.5,34.1,53.2,0,0,8.7,41730.8
1999-03-30,71.3,44.2,58,0,0,24.7,40272.5
1999-03-31,63.3,44.8,54.7,0,0,25.4,31890.93
1999-04-01,47.5,35.8,41.6,0,0,15.1,23842.7
1999-04-02,41.4,31,36.4,0.193,12,11.4,8050.92
1999-04-03,42.8,25.7,34.4,0.047,4,13.5,40042.42
1999-04-04,43,28.8,35.6,0.098,12,6.4,27928.65
1999-04-05,49.3,21.6,36.9,0,0,14.1,42885.65
1999-04-06,57.1,26.5,42.8,0,0,14.4,42906.48
1999-04-07,63.4,30.3,46.4,0.012,2,21.4,38384.88
1999-04-08,56,32.9,43.8,0.008,1,16.2,43423.32
1999-04-09,45,31.6,38.8,0.11,4,20.1,43548.39
1999-04-10,46.4,24.2,36.5,0,0,8.7,43710.19
1999-04-11,61.6,26.1,45.3,0,0,6.6,36669.83
1999-04-12,69.8,41.2,56.8,0,0,9.2,39600.23
1999-04-13,70.8,46.5,58.2,0,0,17.2,40789.62
1999-04-14,61.9,39.5,52,0,0,13.1,44269.34
1999-04-15,49.7,33.6,42.6,0,0,15.2,44406.97
1999-04-16,57.8,27.4,44.1,0,0,13.6,44544.38
1999-04-17,62.9,34.4,50.1,0,0,12.8,44681.46
1999-04-18,74.7,37.3,59.1,0,0,9.4,44239.59
1999-04-19,79.7,43,65.2,0,0,12.6,44460.37
1999-04-20,75.6,53.2,64,0,0,21.5,31963.81
1999-04-21,60.1,44.6,52.1,0.024,2,12.5,36124.62
1999-04-22,54.7,40.8,48.4,0.028,4,8.7,36380.11
1999-04-23,57.6,39.3,49.1,0.343,16,9,45114.28
1999-04-24,53.3,40.6,47.9,0.398,21,9.3,45406.5
1999-04-25,52.7,34.9,45.2,0.059,7,10.6,43602.07
1999-04-26,65.5,41.4,53.9,0.055,4,14.7,43200
1999-04-27,70.6,40.7,57.8,0,0,18.7,43444.7
1999-04-28,68.3,45.6,55.5,0.126,8,15.2,19615.04
1999-04-29,58.3,41.3,49.7,0.142,11,10.4,45491.57
1999-04-30,56.2,37.9,47.5,0.031,4,8.3,45750.63
1999-05-01,59.7,41.2,50.1,0.004,1,6.5,39600
1999-05-02,67.7,42.5,55.5,0,0,16.8,43432.12
1999-05-03,58.7,42.8,52.2,0.106,6,24.6,33587.61
1999-05-04,54.2,35.1,44.8,0.008,1,18.3,46284.96
1999-05-05,56.5,32.4,44.7,0,0,17.8,46590.31
1999-05-06,59.9,36.8,48.8,0,0,4.7,46576.61
1999-05-07,73.9,35.3,58,0,0,5.1,46908.98
1999-05-08,82.1,44,66.5,0.008,1,19.2,46983.89
1999-05-09,75.8,49.7,64.4,0.031,3,22.6,43798.08
1999-05-10,55.9,40.6,48.5,0.028,3,17.6,47127.96
1999-05-11,60.5,40.6,50.9,0,0,7.7,47400.63
1999-05-12,75.8,39.3,61,0,0,12.4,45236.88
1999-05-13,76,58.3,67.8,0,0,16,47652.59
1999-05-14,73.1,49.4,61.8,0,0,14.1,47395.04
1999-05-15,73.6,49.3,62.8,0,0,16.5,48062.95
1999-05-16,64.5,44.5,54.5,0,0,16.2,48162.03
1999-05-17,68.4,37.9,55.3,0,0,6.3,48258.99
1999-05-18,83.5,42.2,66.4,0,0,15.2,44869
1999-05-19,82.9,46.8,68.1,0,0,17.9,48446.08
1999-05-20,78.9,55.7,68.1,0,0,6.7,48535.98
1999-05-21,85.3,48.1,70.4,0,0,11.9,48596.3
1999-05-22,87.3,50,72.6,0,0,7.4,48635.23
1999-05-23,88.6,55.1,72.6,0.016,1,20.1,39497.13
1999-05-24,77.7,54.2,65.3,0.193,5,8.6,46085.78
1999-05-25,72.1,52,63.4,0,0,4,46206.94
1999-05-26,77.7,49.7,66,0,0,7,48772.68
1999-05-27,79.4,53.3,68.7,0,0,10.4,48802.63
1999-05-28,84.4,51.9,70.5,0.008,1,13.2,48802.92
1999-05-29,85.3,56.4,72.8,0,0,16.3,47804.27
1999-05-30,84.7,55.7,72.8,0.004,1,21.5,48882.19
1999-05-31,76,56.9,67.4,0,0,18.2,48947.53
1999-06-01,82.7,52.6,69.7,0,0,16.8,48926.75
1999-06-02,73.4,55.1,63.8,0.169,7,23.6,30514.73
1999-06-03,74.5,47.1,62.6,0,0,19.1,48964.65
1999-06-04,71.6,48.1,58.8,0.008,1,24.4,49021.53
1999-06-05,57.4,44.7,49.9,0.209,11,9,45036.33
1999-06-06,74,41.8,59.6,0,0,12.2,49109.87
1999-06-07,83.7,48.5,68.3,0,0,17.5,49253.36
1999-06-08,83.9,53.8,71,0,0,18.8,49268.3
1999-06-09,81.6,56.7,70.3,0,0,9.4,49281.12
1999-06-10,79.3,56.6,68.6,0,0,12.6,49046.16
1999-06-11,80.5,53.4,69.2,0,0,7.7,49300.5
1999-06-12,84.2,57.9,72.9,0,0,6.2,49382.84
1999-06-13,87.5,58.1,76,0,0,6.2,49466.41
1999-06-14,88.7,60.3,76.8,0,0,8.9,49057.51
1999-06-15,89.7,59.1,76.5,0,0,14.1,49055.63
1999-06-16,91.3,59.1,77.4,0,0,15.3,47717.57
1999-06-17,84.8,65,75.4,0.02,3,11.1,48699.58
1999-06-18,89.4,57.6,76.3,0,0,9.4,49386.25
1999-06-19,93.3,59,80,0,0,6.9,49549.13
1999-06-20,93.8,61.9,80.7,0.008,1,6.4,49112.46
1999-06-21,93.8,63.7,79.6,0.008,1,20.1,46758.05
1999-06-22,92.2,59.9,78.9,0,0,13.4,49434.26
1999-06-23,92.5,65.1,81.4,0,0,10.7,48976.16
1999-06-24,95.6,66.4,82.8,0,0,14.2,49582.62
1999-06-25,94.4,68.6,84,0,0,17.7,49655.63
1999-06-26,93.9,66.9,82.6,0,0,18.5,49369.25
1999-06-27,94.2,68,83.4,0,0,15.6,49618.38
1999-06-28,94,66.4,81.9,0,0,8.6,49597.02
1999-06-29,92.9,70.5,82.6,0,0,14.3,49573.96
1999-06-30,96.3,66.9,83.1,0,0,15.1,49549.19
1999-07-01,99.1,67.7,85.4,0,0,10.1,48985.48
1999-07-02,98.5,72.1,87.7,0,0,20.4,49405.61
1999-07-03,94.9,73.1,85.6,0,0,18.1,49376.54
1999-07-04,94.9,72.2,85,0,0,19.2,49433.47
1999-07-05,97.4,65.8,84.8,0,0,7.9,49399.49
1999-07-06,96.5,69.5,83.6,0.024,1,16.1,48665.38
1999-07-07,93.8,69.2,82,0.012,1,12.5,48896.68
1999-07-08,85.2,69.4,78.1,0.008,1,7,47538.75
1999-07-09,91.4,67.7,80.9,0,0,6.4,49043.37
1999-07-10,92.6,64.2,80.7,0,0,7.4,48693.8
1999-07-11,89.6,69.4,78.6,0.055,2,14.1,43914.51
1999-07-12,90.1,61.3,78.2,0,0,3.7,48865.98
1999-07-13,93,65.7,79.5,0.047,2,15.6,41857.46
1999-07-14,86.6,71.1,76.5,0.122,6,18.9,45501.42
1999-07-15,86.4,65,75.9,0,0,8.1,46517.04
1999-07-16,88.1,62,77,0.004,1,16,48121.45
1999-07-17,90.6,63.3,78.9,0,0,9.4,48283.59
1999-07-18,89,65.4,79.7,0,0,9.9,47093.79
1999-07-19,88.2,68.6,79.4,0,0,9.4,45071.65
1999-07-20,92.8,64.2,80.8,0,0,8.5,47983.24
1999-07-21,94,65.1,82.2,0,0,9.7,47863.46
1999-07-22,92.4,68.2,82,0,0,7,47705.72
1999-07-23,94.7,64.7,82.7,0,0,6,47634.35
1999-07-24,95.2,70.1,84.4,0,0,13,47526.88
1999-07-25,94.1,69.5,83.9,0,0,8.9,47331.93
1999-07-26,94.1,66.8,83.2,0,0,4.7,47409.06
1999-07-27,94.6,69.9,83.7,0.02,2,4.9,47057.08
1999-07-28,92,69.1,82.8,0,0,9.3,47216.98
1999-07-29,91.7,70.2,81.9,0.012,1,13.6,47050.1
1999-07-30,87.4,67.8,78.5,0.051,2,11.5,47045.54
1999-07-31,84,67.2,74.6,0.028,3,9.6,46896.24
1999-08-01,88,62.9,76.7,0,0,8.6,47034.09
1999-08-02,91.9,62.6,79.7,0,0,5.6,46831.86
1999-08-03,79.1,68.6,73.8,0.248,14,6.9,38250.37
1999-08-04,80.9,65,73,0,0,6.8,46730.34
1999-08-05,80.4,61.8,71.3,0.02,2,14.4,34989.55
1999-08-06,82.8,59.9,72,0,0,8.7,46646.07
1999-08-07,88.1,58.7,75.2,0,0,9.9,46582.56
1999-08-08,91,59.1,77.4,0.004,1,8.9,46477.31
1999-08-09,90.2,64,78.6,0,0,10.6,46412.95
1999-08-10,83.8,67.2,75,0.138,5,12.4,46344.5
1999-08-11,81.9,61.6,72.4,0,0,14,46276.7
1999-08-12,84,54.5,71.4,0,0,8.3,46207.5
1999-08-13,91.1,54,75.2,0,0,10.7,46136.62
1999-08-14,89.8,59.5,76.6,0.004,1,19,40049.98
1999-08-15,85.8,64.7,76.3,0.008,1,11.9,45990.13
1999-08-16,87,59.6,76.2,0.02,3,5.1,45914.72
1999-08-17,83.2,67.4,75.4,0.031,4,6.8,44164.9
1999-08-18,89.1,60.3,76.9,0,0,5.2,45675.34
1999-08-19,88.5,64.5,77.2,0.055,5,7.6,45545.54
1999-08-20,85.2,64.9,74.4,0.098,3,5.6,45414.59
1999-08-21,77.8,65,72,0.047,8,6.4,45282.6
1999-08-22,83.9,59.7,72,0,0,7.7,45149.66
1999-08-23,88.2,62.3,76.2,0,0,4.3,45015.86
1999-08-24,90.2,58.9,76,0.02,1,5,44688.29
1999-08-25,86.1,64.3,76.7,0.02,3,5.2,42759.27
1999-08-26,89,62.3,77.6,0,0,3.7,44610.33
1999-08-27,89.8,63.5,76.8,0.043,1,9.3,43466.19
1999-08-28,84.9,62.8,75.3,0,0,7,44337.46
1999-08-29,87.6,61.2,76.4,0,0,9,44042.15
1999-08-30,89.7,66,78.1,0.031,4,18.3,43957.84
1999-08-31,84.1,67.7,74.8,0.031,2,12.5,41126.82
1999-09-01,81.4,64.8,71.9,0.071,6,16,40706.82
1999-09-02,79.9,60.5,70,0.024,2,16.4,43089.63
1999-09-03,79.6,57.2,69.1,0,0,17.2,42923.35
1999-09-04,75.3,55.8,65.5,0,0,7.5,43366.56
1999-09-05,82.3,50,67.6,0,0,6,43115.97
1999-09-06,86.9,50.6,71.1,0,0,9.6,42780.23
1999-09-07,88.2,54.2,73.2,0,0,9.7,42619.8
1999-09-08,85,60.1,72.9,0,0,4.2,42467.01
1999-09-09,86.2,51.9,72,0,0,9.7,39690.63
1999-09-10,84.8,58.5,73.9,0,0,13.9,41940.45
1999-09-11,78.8,60.7,70.8,0.016,2,12,41888.63
1999-09-12,79.4,55.5,68.2,0,0,6.8,41911.04
1999-09-13,82.9,50.4,68.3,0,0,8.1,41789.62
1999-09-14,79.4,57.2,67.8,0.083,5,10.3,39078.56
1999-09-15,67.6,54.9,61.6,0.189,11,5.9,40527.58
1999-09-16,73.9,50.6,62.5,0.035,2,8.2,41616.77
1999-09-17,75.1,51.8,64.7,0,0,5.1,41468.84
1999-09-18,77.8,50.7,65.7,0,0,7.5,41321.05
1999-09-19,76.4,51.6,63.4,0.091,2,10.6,37675.91
1999-09-20,71.2,49.4,61.5,0,0,5.4,41026.22
1999-09-21,74.5,47.6,62.8,0,0,4.8,40878.58
1999-09-22,78,45.4,64.6,0,0,4.3,34107.22
1999-09-23,72.7,59.9,66.2,0.004,1,4.2,35698.29
1999-09-24,78.1,52.5,66.1,0,0,9.2,40430.2
1999-09-25,84.8,56.1,71.4,0,0,12.2,40279.25
1999-09-26,80.6,60.1,69.6,0,0,14.7,40127.69
1999-09-27,65.8,48.2,57.7,0,0,12.5,39975.64
1999-09-28,59.6,39.2,50,0,0,9.6,39823.19
1999-09-29,66.8,36.1,52.8,0,0,4.7,39670.42
1999-09-30,74.6,42,59.9,0,0,5.3,39517.44
1999-10-01,78.7,42.2,62.5,0,0,8.1,39348.8
1999-10-02,77.9,52.6,65.2,0,0,9,39131.21
1999-10-03,75.3,54.2,65.1,0,0,7.3,38918.35
1999-10-04,77.3,44.7,62.7,0,0,4.3,38710.52
1999-10-05,83.4,43,64.7,0,0,14.9,38508.13
1999-10-06,80.2,53.7,67.1,0,0,20.9,38233.28
1999-10-07,68.3,48.4,58.5,0,0,6.9,37748.44
1999-10-08,71.3,50.1,60.8,0,0,4.3,37866.85
1999-10-09,76.6,43.3,62,0,0,5,37761.05
1999-10-10,80.1,45.2,63.9,0,0,4.6,37592.24
1999-10-11,82.3,45.1,64.8,0,0,7.9,37430.84
1999-10-12,79.6,45.5,65,0,0,6.7,37330.11
1999-10-13,77.7,53.9,65.3,0,0,5.4,37160.9
1999-10-14,78.4,43.4,62.3,0,0,6.5,36894.41
1999-10-15,74,49.5,60.9,0,0,16.2,36654.45
1999-10-16,52.3,39.1,45.7,0,0,17.7,36475.66
1999-10-17,53.6,32.1,42.8,0,0,9.4,36378.57
1999-10-18,60.4,33.2,48,0,0,10,36268.59
1999-10-19,59.8,38.6,49.2,0,0,7.9,36187.68
1999-10-20,64.6,34.9,51.6,0,0,3.9,36124.17
1999-10-21,68.2,39.6,54.9,0,0,3.9,36066.51
1999-10-22,69.8,46.4,57.7,0,0,3.8,35961.68
1999-10-23,69.5,41.7,56.5,0,0,4,35869.92
1999-10-24,69.9,37.1,55.5,0,0,4.4,35801.98
1999-10-25,69.9,42.2,56.9,0,0,2.9,35730.73
1999-10-26,70.6,36.6,55.2,0,0,5.2,35593
1999-10-27,69.6,39,55.8,0,0,4.5,35447.46
1999-10-28,72.9,37.4,56.6,0.008,2,18.8,35303.31
1999-10-29,57,39.4,49.1,0.016,2,9.7,35160.71
1999-10-30,57.5,37,47.8,0,0,3.4,35019.8
1999-10-31,62.2,34.6,49.6,0,0,4.1,34879.97
1999-11-01,64.1,42.9,52.4,0,0,10.3,34740.29
1999-11-02,59.5,36.3,48.1,0,0,5.3,34600.83
1999-11-03,63.2,32.6,49.1,0,0,3.5,34461.74
1999-11-04,67.8,32.5,51.1,0,0,3.8,34323.15
1999-11-05,67.8,32.5,50.9,0,0,4.7,34185.25
1999-11-06,69.9,33.7,52.4,0,0,4.8,34048.13
1999-11-07,70.8,35.2,53.7,0,0,4,33912
1999-11-08,70.6,44.7,56.7,0.008,1,13.5,33777
1999-11-09,59.6,45.1,52.5,0,0,5.9,33643.27
1999-11-10,63.8,32,49.1,0,0,4.2,33511.02
1999-11-11,64.8,35.9,51.4,0,0,2.7,32714.25
1999-11-12,64.7,41.3,52.6,0,0,3.1,33251.55
1999-11-13,63.5,39.2,51.3,0,0,2.7,33124.69
1999-11-14,63.8,41.4,51.8,0,0,2.8,33000
1999-11-15,64.6,37.2,51.6,0,0,3.6,32877.66
1999-11-16,65.1,40.7,51.9,0,0,2.9,32757.85
1999-11-17,70,36.6,52.2,0,0,19,32640.77
1999-11-18,48.8,34.5,41.6,0,0,13.9,32526.62
1999-11-19,52.1,28,40.3,0,0,3.1,32415.58
1999-11-20,51.4,31.8,41.9,0.024,3,4.4,32307.35
1999-11-21,44.2,29.7,36.2,0.091,9,7.5,18078.73
1999-11-22,41.6,30.1,34.3,0.012,2,7.7,30536.46
1999-11-23,37.6,25.3,31.2,0,0,3.6,30735.32
1999-11-24,37.8,22.5,29.8,0,0,3.8,31892.68
1999-11-25,44.4,25,33.5,0,0,3.8,30615.32
1999-11-26,52.8,25.8,38.1,0,0,3.6,31524.1
1999-11-27,53.7,30.1,40.4,0,0,3.8,17168.47
1999-11-28,55.3,27.2,40.9,0,0,3.2,31320.59
1999-11-29,56.6,30.7,43.1,0,0,3.4,31185.13
1999-11-30,58.1,28.6,42.7,0,0,3.6,26988.17
1999-12-01,59,33.2,45.1,0,0,13.9,30372.8
1999-12-02,45.1,28.6,37.7,0,0,7.3,25509.12
1999-12-03,39.2,30.2,34.5,0.075,8,17,13229.27
1999-12-04,40.9,25.5,32.3,0,0,9.2,30709.06
1999-12-05,39.6,19.2,29.1,0,0,3,29839.75
1999-12-06,41.2,20.6,30.3,0,0,2.9,30510.64
1999-12-07,44,24.1,33.2,0.024,4,5,29548.54
1999-12-08,39.9,23.7,32.1,0.087,7,10.1,28194.95
1999-12-09,35.9,16.5,26.1,0,0,3.1,26160.98
1999-12-10,35.2,26.5,30.3,0,0,2.7,22361.68
1999-12-11,37.1,22.5,28.8,0,0,6.4,30423.86
1999-12-12,37.6,18.1,26.9,0,0,3.1,30431.32
1999-12-13,43.8,21.7,31,0.024,3,16,25867.58
1999-12-14,30.5,15.3,23,0,0,10.6,30452.11
1999-12-15,34.4,8.7,21.5,0,0,3.6,30462.41
1999-12-16,38.3,16.6,27.3,0,0,3,30480.22
1999-12-17,42.9,20.4,30.5,0,0,3.6,30460.85
1999-12-18,45.4,22,32.3,0,0,8.1,30444.37
1999-12-19,42.5,27,33.8,0,0,6.6,30431.83
1999-12-20,39.4,23.5,30.5,0,0,5.4,30378.7
1999-12-21,37.3,23,29.2,0.008,2,16.3,27404.04
1999-12-22,36.6,15,26.2,0,0,4.7,30418.11
1999-12-23,41.7,18.8,29.3,0,0,3.2,30421.57
1999-12-24,43.6,19.7,31,0,0,3.1,30429.08
1999-12-25,45.7,21.4,32.4,0,0,4,30440.66
1999-12-26,45,23.5,33.8,0,0,3.3,30456.31
1999-12-27,47.2,27.3,35.4,0,0,4.7,30476.03
1999-12-28,47.1,22.8,34.2,0,0,3.3,30499.86
1999-12-29,44.8,22.6,34,0,0,2.7,30527.78
1999-12-30,43.9,23.6,33.6,0,0,2.7,30560.27
1999-12-31,43.3,19.2,31.3,0,0,2.9,30146.83
2000-01-01,36.6,25.6,30.6,0.079,10,8.5,28866.47
2000-01-02,35.4,23.8,28.5,0.169,13,12,14554.43
2000-01-03,32.2,18.1,24,0,0,8.9,30734.48
2000-01-04,35.6,11.1,22.9,0,0,3.8,30788.42
2000-01-05,35.6,18,26.8,0,0,8.9,30846.25
2000-01-06,33.4,16.1,23.9,0,0,2.9,30907.87
2000-01-07,33,11.4,22.4,0,0,3.6,25608.04
2000-01-08,37.2,13.8,25.3,0,0,4.2,31041.89
2000-01-09,40.8,20.8,29.5,0,0,9.3,31114.04
2000-01-10,48.8,24.7,34.5,0,0,10.9,31189.45
2000-01-11,52.4,25.3,38.4,0,0,9.9,31267.98
2000-01-12,50.6,28.1,38,0,0,6.7,31349.51
2000-01-13,51.5,24.1,35.1,0,0,4.5,31433.91
2000-01-14,50.8,25.4,36.3,0,0,3.8,31521.04
2000-01-15,54.2,26.2,38,0,0,3.8,31610.8
2000-01-16,48,34,40.3,0,0,7.1,0
2000-01-17,57.1,35.1,44.5,0,0,7,31797.65
2000-01-18,56.2,40.7,46.3,0.055,6,4.9,15425.66
2000-01-19,55.3,37.6,47.6,0,0,4.7,31994.23
2000-01-20,54.5,31.3,41.8,0,0,4.3,32097.54
2000-01-21,50.1,33.7,40.9,0.028,3,7.9,28651.23
2000-01-22,47.2,28.6,37.5,0,0,8.5,32314.16
2000-01-23,44,29.6,36.6,0,0,3.6,32065.34
2000-01-24,49.8,27.3,37.7,0,0,4.3,28288.55
2000-01-25,46.1,36.1,40.4,0.189,18,4.6,0
2000-01-26,46.9,33.1,40.1,0.283,19,7.4,29326
2000-01-27,38.3,25.5,31.8,0,0,7.3,32533.46
2000-01-28,36.1,21.4,28.4,0,0,5.7,32572.26
2000-01-29,36.2,21.8,29,0,0,4,32697.12
2000-01-30,39.4,19.1,29.5,0,0,3.2,32870.55
2000-01-31,38.1,26,31.4,0.067,6,5.2,19085.35
2000-02-01,40.4,25.6,31.8,0,0,4.4,32806.06
2000-02-02,45.9,21.9,33.4,0,0,3,32896.92
2000-02-03,50,23.8,36.6,0,0,4,32656.4
2000-02-04,47.7,27.4,37,0,0,3.3,32497.8
2000-02-05,48.8,25.3,37.7,0,0,2.9,32349.86
2000-02-06,50.8,27.2,39.4,0,0,3.9,33576.93
2000-02-07,52.1,28,40.2,0,0,3.4,34152.95
2000-02-08,54.2,25.4,39.7,0,0,3.7,29162.62
2000-02-09,54.2,35.9,43.3,0,0,7.9,29981.35
2000-02-10,54.9,33.5,42.7,0.02,4,7.3,33617.91
2000-02-11,52.3,30.8,41.6,0.024,4,12,34261.87
2000-02-12,43.8,34.1,39.6,0.13,11,16.4,6585.35
2000-02-13,45.4,28.8,37.4,0,0,11.4,12757.02
2000-02-14,54.5,30.5,42,0,0,14.8,29571.58
2000-02-15,52.4,34,44.2,0,0,9.3,35333.8
2000-02-16,52.2,28.2,39.5,0.047,4,7.8,8674.99
2000-02-17,47,32.5,39,0.157,11,12,31329.91
2000-02-18,46.4,33.2,38.8,0,0,8.8,33781.27
2000-02-19,48.8,28,36.5,0,0,5.5,36107.09
2000-02-20,55.9,27.7,40.2,0,0,5.1,24225.53
2000-02-21,56.6,33.5,44,0.094,5,13.5,25890.51
2000-02-22,50.8,36.2,43,0.055,5,10.8,36243.09
2000-02-23,53.4,25.9,39.4,0,0,12.3,26286.7
2000-02-24,44.3,31.4,39.7,0.071,4,21.3,27166.9
2000-02-25,38.9,25.2,31.6,0,0,17.1,37019.64
2000-02-26,47.1,25.4,35,0,0,6.7,37171.12
2000-02-27,60.3,25.1,41,0,0,10.3,37322.1
2000-02-28,50.9,34.6,41.5,0.15,8,11.2,37472.91
2000-02-29,52.4,27.5,39.7,0,0,6.5,37624.66
2000-03-01,49.1,33.1,40.1,0.016,2,7,14470.64
2000-03-02,51.7,32.5,41.9,0,0,4.3,37930.82
2000-03-03,56.3,29,43.2,0,0,4.3,38084.98
2000-03-04,62.2,29.7,45.7,0,0,7.2,38239.7
2000-03-05,47.6,33.3,40.5,0.091,4,19.1,14911.78
2000-03-06,49.4,30.8,39.1,0.228,17,11.5,25311.92
2000-03-07,45.3,30.6,36.4,0.307,12,11.2,24375.11
2000-03-08,45.3,24.7,35.4,0,0,11.5,38861.94
2000-03-09,46.1,34.1,38.9,0.035,7,15.1,39017.78
2000-03-10,45.2,29,36.8,0.008,2,5.5,39173.5
2000-03-11,50.8,22.9,37,0,0,5.4,39329.03
2000-03-12,52.2,28.7,40.8,0,0,8.1,39438.21
2000-03-13,55.2,28.9,42.7,0,0,3.2,39498.92
2000-03-14,59.4,29,45.7,0,0,5.4,39589.64
2000-03-15,52.5,31.7,43.7,0,0,18.2,32220.88
2000-03-16,50.1,28.1,38.6,0,0,5.3,39684.26
2000-03-17,49.2,30.3,39.1,0,0,16.2,39741.81
2000-03-18,49,28.7,38.8,0,0,11.9,39886.38
2000-03-19,61.7,25.3,44.5,0.004,1,14.3,37590.07
2000-03-20,50.1,29.1,34.6,0.303,21,19,11337.26
2000-03-21,45.8,27.1,35.9,0.043,5,15.8,39600.15
2000-03-22,49.8,25.4,37.8,0.031,3,8.4,32257.67
2000-03-23,56.9,28.5,42.9,0,0,9,40229.09
2000-03-24,58.6,30.4,45.8,0,0,6.4,40796.33
2000-03-25,64.6,32.4,49.6,0,0,10.1,39940.12
2000-03-26,66.5,41.7,55.4,0,0,12.9,40213.71
2000-03-27,68.7,39.5,56,0,0,6.5,41042.49
2000-03-28,53.8,41.8,48.3,0.181,9,8.2,14400
2000-03-29,56.4,36.2,46.9,0,0,7,41608.06
2000-03-30,52.2,34.7,43.9,0,0,14.8,40514.82
2000-03-31,47.1,35.4,40.9,0.012,2,22.2,14843.01
2000-04-01,53.8,31.6,44.2,0,0,15.3,42498.27
2000-04-02,61.3,30.6,47.4,0.004,1,12.4,41847.64
2000-04-03,57.8,32,46.3,0,0,9.2,42807.46
2000-04-04,75.2,32.3,55.6,0,0,12.1,42952.63
2000-04-05,76.7,45.3,61.6,0,0,14,42214.16
2000-04-06,75.5,44.7,62.8,0,0,18.3,43242.68
2000-04-07,67.5,47.7,58.4,0,0,11.7,43385.36
2000-04-08,74,38,58,0,0,8.7,43526.95
2000-04-09,76.2,44.6,61.7,0,0,19.6,43668.41
2000-04-10,68.1,43.9,56.8,0.004,1,10.4,36079.76
2000-04-11,68.6,45.1,57.5,0,0,7.4,43950.98
2000-04-12,73.6,40.1,58.9,0,0,9.4,43954.91
2000-04-13,78.1,42.8,63.3,0,0,17.8,44232.42
2000-04-14,69.6,48.8,60.5,0.008,1,23.1,43690.96
2000-04-15,62.3,41,52.5,0.004,1,11.2,43398.54
2000-04-16,70.5,37.7,56.8,0,0,13.1,44650.86
2000-04-17,77.5,41.9,62.2,0,0,15.4,44788.95
2000-04-18,62,45.2,54.9,0.02,2,28.1,40674.09
2000-04-19,60.8,33.9,49.2,0,0,12.7,40114.45
2000-04-20,70.1,35.4,56.4,0,0,5.2,45197.73
2000-04-21,76.9,43.2,62.4,0,0,13.4,39588.48
2000-04-22,69.8,48.1,59.8,0,0,16.2,45246.3
2000-04-23,72.1,50.5,61.5,0,0,12.4,45412.74
2000-04-24,66.6,47.6,58.1,0.004,1,11.4,45466.74
2000-04-25,76.4,39.9,60.9,0,0,7.7,45520.57
2000-04-26,80.6,46.8,67.3,0,0,7.2,45574.22
2000-04-27,85.7,50.2,70.9,0,0,8.5,45667.37
2000-04-28,85.7,52.1,71.6,0,0,19.3,45823.57
2000-04-29,68.1,53.4,62.4,0.008,2,14.9,45446.75
2000-04-30,69.6,44.5,57.8,0,0,14,45945.63
2000-05-01,76.7,46.2,63,0,0,6.3,46138.56
2000-05-02,84.9,46.1,70.1,0,0,10.3,46276.6
2000-05-03,86.9,58.2,73.4,0,0,9.7,46345.46
2000-05-04,88.4,57.9,75.4,0,0,14.8,46492.6
2000-05-05,87.4,58.4,75.1,0,0,21.7,44911.95
2000-05-06,84.3,59.6,74.2,0,0,19.3,46181.36
2000-05-07,77.7,60.8,69.6,0.008,1,20.3,40859.68
2000-05-08,65.9,52.4,58.2,0.236,7,10.4,41755
2000-05-09,76.2,44.2,61.6,0,0,12.9,47212.01
2000-05-10,85,57.9,72.1,0,0,28.1,47385.79
2000-05-11,70.1,47.7,55.3,0,0,20.7,46122.66
2000-05-12,60.4,36.4,50.1,0,0,9.7,47838.45
2000-05-13,71.3,39.1,56.9,0,0,5.6,46472.83
2000-05-14,79.6,40.7,63.4,0,0,15.4,41483.86
2000-05-15,84.1,52.2,69.5,0,0,14.2,45328.92
2000-05-16,79.4,54.9,68,0,0,25.4,48235.55
2000-05-17,64.8,47.3,56.7,0,0,14.5,47499.44
2000-05-18,64,46.7,56.2,0,0,11.9,40886.71
2000-05-19,74.1,47,62.6,0,0,9.3,48508.52
2000-05-20,79.2,55.1,68.3,0,0,10.3,48518.44
2000-05-21,82.4,57.6,71.5,0,0,7.6,48624.48
2000-05-22,88.7,62.5,76.9,0,0,8.7,48661.5
2000-05-23,93.3,67.6,81.7,0,0,12.7,48696.91
2000-05-24,89.8,64.1,78.2,0.043,3,14.2,46544.02
2000-05-25,86.5,58.7,72.8,0,0,18,44365.7
2000-05-26,77.5,57.6,67.6,0.083,4,13.4,38552.85
2000-05-27,81.7,54.2,70.1,0,0,5.6,48826.89
2000-05-28,96.1,56,79.8,0,0,17.8,48771.46
2000-05-29,97.6,65.8,84.6,0,0,20.8,48875.6
2000-05-30,95.8,69.7,84.9,0,0,21.9,48941.82
2000-05-31,92.6,66.6,80.8,0,0,18.7,48964.5
2000-06-01,87.5,56.4,74,0,0,8.1,49036.51
2000-06-02,91.9,56.3,77.6,0,0,14.3,49058.08
2000-06-03,91.4,62.1,80,0,0,10.4,49134.73
2000-06-04,92.6,66.5,80.6,0,0,6.4,49154.71
2000-06-05,95.6,59.1,80.7,0,0,14.4,49110.06
2000-06-06,95,61.8,81.6,0,0,14.6,49252.8
2000-06-07,96.5,58.6,81.3,0,0,14.8,49268.47
2000-06-08,90.5,65.7,79.9,0,0,21,49143.5
2000-06-09,79.5,61.9,72.7,0,0,22.2,49363.64
2000-06-10,84.3,56.1,72.3,0,0,12.5,49374
2000-06-11,88.8,54.1,74.8,0,0,11.4,49382.02
2000-06-12,90.8,56.7,77.2,0,0,17.1,49387.73
2000-06-13,85.1,62.3,74.7,0,0,18,49469.53
2000-06-14,86.8,58.5,74.6,0,0,8.2,49472.4
2000-06-15,93.9,65.9,81.2,0,0,17.9,49473.12
2000-06-16,82.2,60.3,73.4,0,0,15.4,49471.73
2000-06-17,80.9,53.6,69.4,0,0,11.2,49552.12
2000-06-18,88.6,57,74.5,0.031,2,18.7,49279.46
2000-06-19,85.3,59.7,73.1,0.087,7,19.7,48571.79
2000-06-20,81.2,58.8,70.8,0,0,8,49620.28
2000-06-21,87.4,60.7,75.5,0,0,6.4,49698.61
2000-06-22,90.4,55.1,74.8,0.016,1,10.1,48258.46
2000-06-23,89.4,60.6,77.8,0,0,9.3,48963.29
2000-06-24,89.6,63.7,79.3,0,0,8.2,48946.57
2000-06-25,88.1,68.5,78.6,0,0,13.9,48928.75
2000-06-26,85.2,66.4,76.4,0,0,8.2,40232.78
2000-06-27,88.7,61.4,77.5,0,0,10.8,49068.98
2000-06-28,92,61.3,80.1,0,0,9.7,49405.89
2000-06-29,93.2,62.4,81.6,0,0,9.3,49202.7
2000-06-30,94.2,65.2,82.7,0.016,1,12.1,48579.14
2000-07-01,93.3,66.5,82.5,0,0,11.8,49149.61
2000-07-02,94.4,67,83,0,0,13.1,49297.64
2000-07-03,92.5,66.6,81.7,0,0,20.4,49000.8
2000-07-04,90.2,63.8,79.2,0,0,16.3,49494.59
2000-07-05,92.5,60.2,79.1,0,0,15.2,49457.14
2000-07-06,93.2,61.4,79.7,0,0,13.9,49417.77
2000-07-07,93.4,61.3,80.8,0,0,13.7,48422.92
2000-07-08,92,69.5,80.4,0.024,2,17.4,36009.16
2000-07-09,88.4,64.5,77.8,0,0,9.5,48710.08
2000-07-10,91.2,65.1,79.8,0,0,14.4,48835.16
2000-07-11,93.2,68.6,82.8,0,0,8.1,48714.03
2000-07-12,96.4,66.3,84.3,0,0,8.8,48403.21
2000-07-13,97.9,65.5,84.8,0,0,8.7,48861.32
2000-07-14,98.9,66.9,86.1,0,0,7.1,47606.46
2000-07-15,96.4,71.1,85.9,0,0,7.8,47638.46
2000-07-16,96.5,68.7,85,0,0,11.7,48259.14
2000-07-17,96.5,70.3,85,0,0,11.8,47905.09
2000-07-18,95.5,70.3,84.6,0,0,10.4,48475.45
2000-07-19,95.9,63.6,82.9,0,0,9,48386.44
2000-07-20,96.9,68.7,85,0,0,9.1,48151.59
2000-07-21,97.1,69.6,85.6,0,0,9,48163.27
2000-07-22,99,64.2,85.8,0,0,4.3,48035.4
2000-07-23,100.3,62,85.8,0,0,10.8,47718.44
2000-07-24,95,70,85.1,0,0,13,46971.05
2000-07-25,95.9,65.2,83.8,0,0,10.7,47412.49
2000-07-26,98.3,68.8,85.6,0,0,13.7,47314.75
2000-07-27,98.4,66.6,85.3,0,0,11.2,47339.03
2000-07-28,98.8,68.8,86.6,0,0,5.9,47293.98
2000-07-29,99.5,66.1,86.4,0,0,5.2,47198.37
2000-07-30,97.2,68.7,85.3,0,0,11.2,47113.97
2000-07-31,96.1,68,84.7,0,0,6.1,47035.34
2000-08-01,100.4,66.9,87.7,0,0,6,47028.55
2000-08-02,101,67.7,88,0,0,6.2,46958.68
2000-08-03,100,70.5,88.2,0,0,8.9,46747.13
2000-08-04,96.3,71.2,86.4,0,0,11.4,46687.05
2000-08-05,94.8,68.2,84.9,0,0,10.7,46716.52
2000-08-06,95.3,71.8,84.4,0,0,6.9,46650.28
2000-08-07,96.9,64.8,84.4,0,0,8.5,46538.66
2000-08-08,96.9,68.7,84.9,0,0,5.3,46471.45
2000-08-09,97.9,75.8,87.3,0.008,1,6.3,46367.78
2000-08-10,96.5,72.6,86.8,0,0,6.7,46295.09
2000-08-11,95.9,70.1,84.7,0,0,10,46224.28
2000-08-12,95.2,68.6,83.8,0,0,11.5,46152.12
2000-08-13,95.8,68,83.9,0,0,10.1,46078.7
2000-08-14,95.3,71,83.3,0.028,2,10.3,46004.08
2000-08-15,96.4,67.4,83.1,0,0,14.3,45928.35
2000-08-16,93.8,68.3,83.2,0,0,12.9,45830.1
2000-08-17,91.1,66.7,79.4,0.031,1,9.1,44527.04
2000-08-18,88.4,68.1,78.9,0.039,2,11.8,45572.05
2000-08-19,88.5,65.7,78.5,0,0,13,45441.77
2000-08-20,89.9,65.6,79.4,0,0,13.1,45310.75
2000-08-21,92.3,61.7,78.8,0.004,1,11.1,42923.88
2000-08-22,87.5,66.4,77.3,0.071,4,10.3,44236.15
2000-08-23,86.3,63.1,75.4,0.004,1,6.8,44173.64
2000-08-24,89.7,62.6,78.3,0.024,2,7.4,43979.3
2000-08-25,89.7,63.3,77.8,0.024,3,8.3,43408.31
2000-08-26,88.4,64.1,77.3,0,0,12.1,43480.52
2000-08-27,89.4,65.2,79,0,0,11.6,43303.62
2000-08-28,88.4,65.7,77.8,0.02,2,8,43715.47
2000-08-29,84.9,63.6,74.8,0.185,5,10.3,43530.45
2000-08-30,79,61.7,71,0.008,1,13.7,43677.04
2000-08-31,79.5,57.8,69.5,0,0,14.3,43385.25
2000-09-01,80.8,57.5,69.1,0.028,2,16.1,32369.2
2000-09-02,82.7,55.1,70.5,0,0,17.8,43540.75
2000-09-03,85.6,53.6,71.7,0,0,16,43322.84
2000-09-04,91.3,57.5,75.4,0,0,14.1,42116.41
2000-09-05,90.3,61.5,78.1,0,0,20.3,42720.18
2000-09-06,85.1,63.9,75.8,0,0,12.6,35560.57
2000-09-07,84,55.5,72,0,0,7.8,42283.32
2000-09-08,83.7,59.4,71.2,0.102,2,18.4,40050.01
2000-09-09,83.9,53.4,70.1,0,0,10.1,42097.66
2000-09-10,86.3,53.6,71.6,0,0,12.3,42080.05
2000-09-11,85.5,56,73,0,0,9,41926.71
2000-09-12,86.4,59.7,75,0,0,5.8,41832.47
2000-09-13,89.8,55.1,75.2,0,0,4.9,41751.98
2000-09-14,92.2,57.1,76.7,0,0,8.1,41693.13
2000-09-15,93.3,56.1,77.2,0,0,8.2,41640.52
2000-09-16,92.7,56.5,77.3,0,0,6.5,41513.09
2000-09-17,91.8,57.5,76.5,0.012,2,15.1,37934.79
2000-09-18,79.2,60.1,70.7,0,0,7.7,41216.52
2000-09-19,85.3,61,73.1,0,0,13.9,41067.05
2000-09-20,76.6,57.1,67.7,0,0,12.4,40787.95
2000-09-21,79.6,54.2,67.8,0.083,4,14.9,39568.56
2000-09-22,81.2,57.9,70.4,0,0,22,40614.89
2000-09-23,67.7,42.1,58.8,0.11,7,24,40463.23
2000-09-24,56.2,37.1,46.8,0,0,6,40311.28
2000-09-25,64.8,38.4,52.2,0,0,4,40159.1
2000-09-26,74,41,59.9,0,0,4.4,40006.79
2000-09-27,78.7,51.3,66.3,0,0,7.3,39854.46
2000-09-28,83.5,52.1,69.3,0,0,10.5,39416.96
2000-09-29,80.3,55.8,69.3,0.024,4,9.4,37273.84
2000-09-30,80.8,51.8,67.6,0,0,7.9,39279.83
2000-10-01,85.8,52,71,0,0,13,39159
2000-10-02,85.6,58,72,0,0,12.8,38858.36
2000-10-03,81.5,59.2,71.1,0,0,11.3,38655.72
2000-10-04,76.2,56.2,66.9,0,0,10.8,34424.62
2000-10-05,74,48.1,62.8,0,0,8,38267.75
2000-10-06,74.9,52.1,64.1,0,0,5.4,38157.17
2000-10-07,76.3,46,61.8,0,0,10.1,37972.87
2000-10-08,71.4,47.7,60.4,0,0,8.1,37360.83
2000-10-09,70.4,47.3,59.9,0,0,8.3,37495.66
2000-10-10,66.6,51.9,58.9,0.079,8,17.3,36195.49
2000-10-11,59.4,47.7,53.3,0.492,12,17,37082.91
2000-10-12,57.7,41.6,49.7,0.079,7,13.5,36688.97
2000-10-13,57.5,42.8,49.9,0,0,7.9,36904.37
2000-10-14,58.1,40.9,49.1,0,0,4.5,36661.54
2000-10-15,60.2,36.2,49.3,0,0,4,36551.2
2000-10-16,62.7,40.7,52.2,0,0,4.6,36355.93
2000-10-17,66.2,39.5,54,0,0,3.2,36272.32
2000-10-18,68.9,37.2,55,0,0,4.5,36190.9
2000-10-19,70,40.5,57,0,0,6.5,36126.84
2000-10-20,70.4,47.1,58,0,0,5.1,36074.25
2000-10-21,66.9,41.4,53.4,0.185,8,10.3,29947.84
2000-10-22,57.3,45.1,50.6,0.378,21,6.1,23285.46
2000-10-23,62.1,45.1,52.1,0.346,11,7.8,28952.06
2000-10-24,52.2,40.5,46,0.201,11,6.5,28650.11
2000-10-25,54.8,33.9,45,0,0,6,35637.61
2000-10-26,60.5,34.5,47.4,0,0,5.2,34739.66
2000-10-27,58,43.1,50.1,0.126,14,6.3,18145.6
2000-10-28,54.4,43,48.6,0.079,7,11.2,28232.06
2000-10-29,56.8,38.1,46.9,0,0,11.9,32447.03
2000-10-30,56.4,39.2,46.6,0.087,8,12.7,34917.84
2000-10-31,46.6,38.5,41.8,0.311,13,11.3,25211.88
2000-11-01,47.9,35.1,41,0.039,4,10.8,34632.56
2000-11-02,45,33,38.3,0,0,4.7,34491.07
2000-11-03,47.7,31.5,38.7,0,0,5.2,34350.54
2000-11-04,49.7,32.9,40.2,0,0,6,34211.13
2000-11-05,43.1,31,38.5,0.016,1,12.7,33020.04
2000-11-06,39.2,28.1,32.8,0.063,5,9.1,33936.35
2000-11-07,35.7,22.3,28,0,0,14.1,33801.3
2000-11-08,40.1,21.3,31.1,0,0,4.3,33668.04
2000-11-09,46.7,27.5,36.5,0.02,4,14.2,28846.46
2000-11-10,42.9,31.7,37.2,0.075,9,14.5,32297.71
2000-11-11,36.7,25.5,31.1,0,0,5.8,32659.02
2000-11-12,32.7,20.5,26.9,0,0,9.1,33098.3
2000-11-13,34.2,22.8,27.7,0,0,4.3,33034.98
2000-11-14,41,20.1,30,0,0,4.2,32915.71
2000-11-15,36.2,25.6,30.8,0.024,5,9.8,32797.67
2000-11-16,34.3,21.6,27.6,0,0,4.7,32680.93
2000-11-17,32.7,21.1,26.2,0,0,10.7,32565.64
2000-11-18,34,18.2,25.2,0,0,4.9,32451.95
2000-11-19,41,20,29.8,0,0,2.9,32340.01
2000-11-20,44.4,21.8,32.9,0,0,3.1,30762.25
2000-11-21,46.1,23.7,34.9,0,0,2.9,29633.41
2000-11-22,48.7,29.9,38.5,0.004,1,4.9,28858.55
2000-11-23,48.8,30.3,38.7,0,0,6.5,31655.68
2000-11-24,46.1,24.5,35.5,0,0,6,31007.3
2000-11-25,42.2,28,33.8,0,0,5.2,31714.06
2000-11-26,45.9,26,35.8,0,0,3.4,31359.67
2000-11-27,50.4,28.1,39.4,0,0,6,31157.32
2000-11-28,51.3,28.1,40.2,0,0,4,31029.14
2000-11-29,56.2,25.7,39.2,0,0,6.7,31034.8
2000-11-30,49.6,34.6,41.9,0,0,8.6,30801.37
2000-12-01,46.6,29.4,37.1,0,0,4.5,30256.2
2000-12-02,45.5,28.9,36.6,0,0,3.5,29566.2
2000-12-03,48,28.4,38.1,0,0,2.6,30712.41
2000-12-04,48,25.1,36.8,0,0,2.8,29927.53
2000-12-05,49.1,27.3,38.6,0,0,5.7,30610.5
2000-12-06,46.2,28.6,36.5,0,0,6.2,30546.06
2000-12-07,47.4,26,36.9,0,0,3.4,29338.76
2000-12-08,50.3,28.7,39.3,0,0,3.4,30409.39
2000-12-09,48.3,33.9,39.9,0.031,3,5.6,28807.06
2000-12-10,49.5,28.6,37.6,0.122,6,16.7,28440.1
2000-12-11,37.1,25.5,31.7,0,0,9.1,28828.28
2000-12-12,36.5,28.1,31.3,0.122,11,4.2,8269.84
2000-12-13,39.4,25.5,31.6,0,0,5,24387.41
2000-12-14,43.4,26.8,32.7,0,0,5.4,16063.54
2000-12-15,42.6,26.8,33.1,0.11,6,18,30480.35
2000-12-16,37.7,21.1,28.9,0,0,8.9,30462.57
2000-12-17,40.9,19.1,27.3,0,0,17.5,30443.99
2000-12-18,32.6,16.5,23.9,0,0,4.7,30429.5
2000-12-19,34.8,14,23.8,0,0,3.1,30419.17
2000-12-20,39,18.5,27.1,0,0,5,30413.04
2000-12-21,41.6,17.4,28.1,0,0,4.5,30411.19
2000-12-22,43.8,19.8,30.4,0,0,3.7,30413.64
2000-12-23,44.5,22.6,31.6,0,0,3.3,24270.1
2000-12-24,41.5,22.9,31.4,0.016,2,4.5,20826.54
2000-12-25,37.1,25.8,30.8,0.118,10,15.5,23195.24
2000-12-26,38.9,21,27.5,0,0,6,30468.71
2000-12-27,39.9,18.2,27.7,0,0,2.7,30493.57
2000-12-28,42.5,20,30.3,0,0,2.5,30522.67
2000-12-29,42.5,19.5,29.7,0,0,2.5,30555.92
2000-12-30,42.5,21.5,30.9,0,0,2.8,30593.22
2000-12-31,42.3,22.3,30.9,0,0,2.3,30634.5
2001-01-01,42.2,19.9,30.6,0,0,3.5,30679.64
2001-01-02,42.8,23.8,31.3,0,0,6.9,30728.57
2001-01-03,44,18.2,30.5,0,0,2.9,30781.18
2001-01-04,44.9,21.4,32.8,0,0,3.3,30837.38
2001-01-05,45.7,23.3,33.5,0,0,2.7,30897.06
2001-01-06,45.4,23.3,34.2,0,0,2.9,30960.14
2001-01-07,43.5,24.1,32.5,0,0,6.3,31026.51
2001-01-08,41.6,17.5,29.8,0,0,2.9,31096.07
2001-01-09,41.6,26.3,33.7,0,0,3.8,21876.89
2001-01-10,44.3,27.2,35.5,0.004,1,6.1,29875.71
2001-01-11,47.2,21.9,32.8,0.004,1,8.1,31322.88
2001-01-12,44.8,32.3,36.1,0.177,11,5.2,9374.67
2001-01-13,35.4,22.4,29.4,0.075,5,11.4,31488.95
2001-01-14,35.1,8.3,22,0,0,4.2,31577.66
2001-01-15,33.9,9.3,21.9,0,0,6.1,29670.07
2001-01-16,30.2,16.7,22.3,0.043,6,7.9,30955.09
2001-01-17,28.4,9.2,19.4,0,0,4.4,31865.62
2001-01-18,31.1,6.1,18.8,0,0,2.9,31968.24
2001-01-19,33.3,8.3,21,0,0,2.5,32073.88
2001-01-20,36.3,16.1,24.9,0,0,6.9,32182.33
2001-01-21,36.3,11.4,23.1,0,0,3.1,32297.57
2001-01-22,36.8,16.4,26.7,0,0,2.7,26232.91
2001-01-23,39.7,22.9,31.1,0,0,3.7,32416.12
2001-01-24,42.4,17.3,29.2,0,0,4.5,32404.24
2001-01-25,39.5,22.7,32,0.098,7,15,32407.11
2001-01-26,40.6,18.8,29.2,0,0,5.6,29168.31
2001-01-27,37.1,27.7,31.7,0.134,17,6.7,0
2001-01-28,33.6,26.3,30,0.213,21,8.3,8104.32
2001-01-29,31.3,18.7,25.2,0,0,6.6,28803.76
2001-01-30,31.7,19.8,25.2,0.008,2,7.5,23881.17
2001-01-31,27.2,5.2,17.5,0,0,2.6,33074.54
2001-02-01,31,3.1,17.3,0,0,3.2,33169.41
2001-02-02,35.8,8.9,22.8,0,0,3.3,33230.62
2001-02-03,43,14,28.3,0,0,4,32912.15
2001-02-04,46.1,22.4,33,0,0,3.3,33508.89
2001-02-05,49.7,19.4,33.5,0,0,5,33818.21
2001-02-06,51.4,21.3,36.5,0.004,1,10.4,30221.6
2001-02-07,50.6,33.8,41.4,0.004,1,20,33937.62
2001-02-08,36.2,19.3,30,0.161,12,12.8,33928.54
2001-02-09,34.3,5.7,20.7,0,0,4.8,34742.33
2001-02-10,44.1,16.5,28,0,0,5.2,34791.29
2001-02-11,41.1,25.2,33.1,0.008,1,15,34538.34
2001-02-12,47.5,23.8,33.6,0,0,8.4,32775.7
2001-02-13,48.2,23.7,34.6,0.22,8,4.1,32663.43
2001-02-14,37.8,29.6,34.2,0.213,14,16.6,14294.81
2001-02-15,35.2,22.1,28.8,0,0,5.6,34979.59
2001-02-16,38.3,14.7,27,0,0,3.2,35021.81
2001-02-17,43.6,19.5,31.8,0,0,4.6,34209.4
2001-02-18,48.3,28.7,36.9,0,0,4.5,25280.23
2001-02-19,52.4,28,38.9,0.004,1,9.3,36223.39
2001-02-20,52.4,30.1,40.9,0.02,4,12.8,36372.65
2001-02-21,50.7,30.2,40.8,0.067,7,7.5,35595.57
2001-02-22,55.3,29,40.6,0,0,7,32501.07
2001-02-23,44.7,30.7,38,0.201,12,11.6,19318.26
2001-02-24,42.8,25.3,33.5,0.016,3,11.7,36972.02
2001-02-25,46.4,30.2,37.6,0.008,2,8.2,36544.13
2001-02-26,40,27.6,34,0.079,10,4.5,7441.26
2001-02-27,44.8,30.5,36.6,0.024,4,7.1,36443.58
2001-02-28,43.2,28.5,34.7,0.185,12,11.1,25967.58
2001-03-01,42.5,24.6,33.7,0,0,8.1,37740.88
2001-03-02,45.9,23.6,34.5,0,0,9.3,37896.26
2001-03-03,44.3,30.1,35.9,0.134,9,7.2,34167.34
2001-03-04,50.3,25.9,37.7,0,0,4.4,37337.69
2001-03-05,55.7,29.8,42.3,0,0,5.5,34416.08
2001-03-06,56.1,35.6,45.2,0,0,4.3,38174.27
2001-03-07,52.3,35.2,43.3,0.118,7,8.4,32599.15
2001-03-08,54.2,33,43.8,0,0,4.7,38829.84
2001-03-09,57.5,31.5,43.8,0.157,8,11.2,34251.28
2001-03-10,50.6,34.9,43.1,0.122,14,5.9,35246.63
2001-03-11,43,34.7,38.2,0.417,24,7.4,20457.27
2001-03-12,47.3,29,38,0.008,1,7.2,39422.84
2001-03-13,49.5,25.6,38.2,0,0,3.8,39483.48
2001-03-14,49,29,37.3,0,0,25.8,39550.25
2001-03-15,44,24.1,34.6,0,0,5,39634.6
2001-03-16,47.4,29.1,37.1,0.15,10,11.2,27713.24
2001-03-17,48.7,29.9,38.6,0,0,7.3,39600
2001-03-18,53.7,27.3,40.6,0,0,9.8,39803.93
2001-03-19,56.3,29.1,43.2,0,0,3.6,39940.95
2001-03-20,63.2,30.4,47.1,0,0,4.3,38744.55
2001-03-21,65.8,35.6,51.9,0.008,1,9.2,40130.35
2001-03-22,63,42.6,53.3,0,0,5.3,39602.27
2001-03-23,61.4,36.8,50.2,0.016,2,6.1,40357.21
2001-03-24,63.5,37,50.7,0.004,1,7.4,40662.45
2001-03-25,67.9,35.5,52.8,0,0,10.3,40851.99
2001-03-26,63.7,45.4,53.2,0,0,14.1,33991.23
2001-03-27,57.4,40.1,49.4,0,0,13.8,40137.88
2001-03-28,58.3,37.9,47.1,0.035,3,17.4,37838.84
2001-03-29,57.1,38.2,47.6,0.055,5,12.2,34841.8
2001-03-30,59.8,37.4,48.7,0,0,13.7,41916.57
2001-03-31,63.1,41.8,53.1,0,0,9,42108.07
2001-04-01,71.5,35.4,56.5,0.008,2,13.2,41488.31
2001-04-02,69.4,46,58,0,0,22.1,41120.53
2001-04-03,68.1,43.8,57,0,0,21.6,35734.53
2001-04-04,68.6,43.4,56.5,0,0,16.5,37241.65
2001-04-05,66.5,43.1,55.1,0.008,2,23.2,39564.64
2001-04-06,53.5,41.1,46.5,0.197,14,15.2,26320.27
2001-04-07,54.8,39.3,45.6,0.055,5,17.6,24163.19
2001-04-08,51.3,37.5,44.2,0.087,4,19.1,41772.34
2001-04-09,55.4,30.1,43.6,0.008,1,11.1,42647.15
2001-04-10,48.4,33.3,41.3,0.094,9,9.9,42288.61
2001-04-11,52.4,32.2,43,0,0,9,42376.42
2001-04-12,52,33.9,41.8,0.043,2,17.3,40643.71
2001-04-13,58.2,28.4,44.2,0,0,8.1,43461.3
2001-04-14,64.7,34.2,49.6,0,0,14.4,42842.43
2001-04-15,68,35.6,53.6,0,0,7.4,44483.67
2001-04-16,71.7,39.5,57.6,0,0,3.9,44622.58
2001-04-17,78.9,37.9,60.9,0,0,9.9,44760.38
2001-04-18,80.9,43.2,65,0,0,17.5,41558.11
2001-04-19,75.9,59.2,67.3,0,0,19.3,44804.65
2001-04-20,62.5,52,58,0.043,3,29.1,44609.1
2001-04-21,58,45,51.7,0.031,3,15.9,21102.38
2001-04-22,59.6,40.2,48.9,0.02,1,15.3,43769.36
2001-04-23,61.6,39.7,51.6,0,0,5.4,45396.86
2001-04-24,69.1,37.1,56.1,0,0,3.7,45450.98
2001-04-25,75.8,40.5,61.5,0,0,7.2,45509.41
2001-04-26,80.3,43.3,65.2,0,0,7.1,45598.11
2001-04-27,80.3,46.5,65.7,0.012,1,14.2,45653.45
2001-04-28,77.5,51.4,66.1,0,0,15.4,45667.98
2001-04-29,78.5,49.7,65.7,0,0,14.6,45870.84
2001-04-30,78.2,53.4,67.1,0,0,8.7,45871.02
2001-05-01,86.6,55.1,71.6,0,0,18.5,46057.53
2001-05-02,63.2,42.3,51.4,0.185,15,13.9,39765.01
2001-05-03,50.4,37.2,43.5,0.213,16,10.9,45937.78
2001-05-04,52.3,38,45.8,0.02,4,4.3,45263.66
2001-05-05,65.1,44.1,53.3,0.02,3,14.3,36868.34
2001-05-06,68,48.7,57.9,0,0,14,46526.75
2001-05-07,71,46.7,60.5,0,0,6.3,46860.96
2001-05-08,79.1,47,66,0,0,5.2,47025.3
2001-05-09,84.6,47.4,69.7,0,0,14.3,47193.96
2001-05-10,84.7,49.2,69.6,0,0,15.7,47265.86
2001-05-11,82.1,54.9,69.8,0,0,6.7,47646.05
2001-05-12,85.6,47.7,70.9,0,0,6.2,47810.26
2001-05-13,80.9,57.5,70.7,0.004,1,12.1,47686.16
2001-05-14,80.7,54.3,69.3,0,0,11.5,47755.49
2001-05-15,84.8,54.7,72,0,0,10.9,44991.39
2001-05-16,83.7,63.4,73.5,0,0,12.6,39142.24
2001-05-17,73.6,57.4,66.8,0,0,11.3,46892.43
2001-05-18,83.2,49.7,68.3,0,0,13.7,48393.59
2001-05-19,73.6,58,66.2,0.016,2,7.3,46860.7
2001-05-20,80.3,57.2,68.1,0,0,19.1,48574.23
2001-05-21,66.4,44.9,56.6,0,0,16.8,48614.06
2001-05-22,78.9,49.2,66.1,0,0,8.3,48652.02
2001-05-23,85.1,58.2,73.6,0,0,7.5,48688.43
2001-05-24,87.5,62.2,76.7,0,0,6.1,48723.25
2001-05-25,90,55.3,75.4,0,0,13.7,48376.95
2001-05-26,92.6,56.2,77.9,0,0,13.6,48788.05
2001-05-27,89.7,65,79.6,0,0,11.6,48817.99
2001-05-28,87.7,64.1,77.2,0,0,14.2,47171.25
2001-05-29,86.1,62.3,74.7,0,0,13.8,48873.5
2001-05-30,85.7,63.1,74.8,0,0,14.2,48939.71
2001-05-31,84.3,60.6,73.5,0,0,7.6,48963.2
2001-06-01,88.8,63.4,77.3,0,0,8.6,49034.76
2001-06-02,91.3,59.9,78.9,0,0,22.8,48961.73
2001-06-03,85.7,68.2,76.7,0,0,18.9,48979.3
2001-06-04,68.3,53.3,62.1,0,0,12.8,49152.43
2001-06-05,81.2,53.1,68.3,0,0,7.8,49169.97
2001-06-06,87.6,53.3,74.3,0,0,8.1,49185.17
2001-06-07,92,62.1,79.1,0,0,7.6,49030.41
2001-06-08,94.9,60.8,81.5,0,0,9.6,49038.59
2001-06-09,94.7,63.2,81.7,0,0,14.8,49146.71
2001-06-10,94.8,65.9,82.7,0,0,14.6,49369.38
2001-06-11,92.5,64.6,81.4,0,0,16.3,49303.11
2001-06-12,87.6,59.5,75.9,0,0,23.9,42051.04
2001-06-13,65.1,46,56,0,0,18.7,47767.57
2001-06-14,69.4,43.2,58,0,0,8.8,49470.11
2001-06-15,86.1,47.9,70.5,0,0,11.5,49553
2001-06-16,92.6,52.9,76.3,0,0,10.9,49554.02
2001-06-17,95.5,55.9,79.7,0,0,16.8,49552.98
2001-06-18,92.8,65.8,81.7,0,0,10.3,49549.96
2001-06-19,92,63.9,80,0,0,8.9,49545.03
2001-06-20,92.9,63.3,81.2,0,0,9.4,49538.23
2001-06-21,95.3,69.6,83.4,0,0,8.4,49616.91
2001-06-22,96.3,66.9,84.4,0,0,7.6,49607.13
2001-06-23,94.7,62.3,82.3,0,0,15.4,48964.23
2001-06-24,92.4,70,82.2,0.004,1,16.6,47461.03
2001-06-25,93.4,64.2,81.4,0,0,11.8,47350.76
2001-06-26,78.2,69.1,73.9,0.047,6,14.4,45801.61
2001-06-27,88.7,59,75.8,0,0,10.1,49434.42
2001-06-28,93.9,60.5,80.4,0,0,6.3,49590.51
2001-06-29,97.6,62.3,83.8,0,0,8.2,49655
2001-06-30,99.1,62.7,85.3,0,0,7.2,49538.49
2001-07-01,99.6,66.8,85.7,0,0,10.6,49331.36
2001-07-02,98.5,65.9,85.2,0,0,6.7,49390.08
2001-07-03,99.2,69.6,86.5,0,0,9.9,48737.98
2001-07-04,101,69.8,88.3,0.004,1,5.2,48798
2001-07-05,101.5,72.6,89.1,0,0,11.9,49028
2001-07-06,97.6,70.9,87.2,0,0,9.4,48907.41
2001-07-07,92.9,72.2,83.8,0,0,15.1,48616.94
2001-07-08,95.6,71.3,84,0,0,7.7,48575.3
2001-07-09,93.3,72,82.4,0.004,1,10.1,43200
2001-07-10,90.2,71.6,81.1,0.004,1,13.9,48478.71
2001-07-11,88.9,67.3,78.3,0.024,2,10.7,47663.21
2001-07-12,91.1,65.1,80,0.004,1,8.7,48115.22
2001-07-13,88.7,67,78.5,0.039,2,9.8,32203.8
2001-07-14,86.6,69.2,77.7,0.028,3,8.7,43200
2001-07-15,88.5,65.2,77.3,0.039,4,15.9,47349.33
2001-07-16,90.2,62.2,78.4,0,0,17.7,48659.13
2001-07-17,90.2,62.8,78.8,0,0,17,48539.42
2001-07-18,90.5,64.1,79.2,0,0,13.7,48488.96
2001-07-19,93.5,62.2,80.2,0,0,15.7,48225.98
2001-07-20,93.3,63.3,81.2,0,0,15.7,48096.89
2001-07-21,93.8,65.4,81.6,0,0,13.3,48069.98
2001-07-22,94.5,68.6,82.6,0,0,9.1,47986.64
2001-07-23,92.4,61,80.3,0,0,12.4,47813.87
2001-07-24,88.3,67.6,79.3,0,0,11,46841.39
2001-07-25,93.2,62.4,80.5,0,0,14.6,46793.23
2001-07-26,87.3,68.6,77.7,0.004,1,11.7,46800.73
2001-07-27,90.7,64.4,79.6,0,0,5.9,47341.75
2001-07-28,97.8,62.9,83.6,0,0,10,47326.41
2001-07-29,99.5,66.7,85.9,0,0,13.8,47207.03
2001-07-30,93.8,70.8,83.1,0,0,20.4,47115.85
2001-07-31,91.7,69,81.4,0,0,13.8,47036.84
2001-08-01,92,64.9,79.9,0,0,13.1,47030.44
2001-08-02,89.8,67.1,79.4,0,0,8,46896.71
2001-08-03,91.2,69.4,79.3,0.169,5,9.6,44232.02
2001-08-04,88.7,67.9,78.7,0,0,9.2,46743.14
2001-08-05,93.1,64.2,80.5,0,0,5,45841.8
2001-08-06,94.5,67.7,83.1,0,0,6.8,46578.36
2001-08-07,92.9,70.5,82.6,0.024,2,10.7,43200
2001-08-08,88.4,70.3,79.3,0.075,2,7.1,46445.89
2001-08-09,87.2,66.8,77.3,0.035,3,7.3,46377.66
2001-08-10,85,68.4,77,0.016,2,6.3,46308.2
2001-08-11,90.2,62,77.9,0,0,8.1,46237.57
2001-08-12,93.5,62.5,80.3,0,0,5.2,46165.86
2001-08-13,77.2,65.9,72.3,0.366,14,8.8,17522.71
2001-08-14,79.4,62.3,69.8,0.118,4,11.2,46015.86
2001-08-15,83.9,60.5,71.8,0.016,1,9.5,45944.91
2001-08-16,86.5,58,73.6,0.012,2,9.2,45857.46
2001-08-17,89.7,58.3,74.5,0,0,7.8,45730.52
2001-08-18,94.4,56.8,77.5,0,0,7.3,45602.99
2001-08-19,96.3,58.1,80.4,0,0,12.2,45474.94
2001-08-20,81.8,69.5,76.3,0.016,2,14.3,42303.72
2001-08-21,87.9,61.4,74.8,0.012,1,12.8,39334.63
2001-08-22,79.9,60.5,70.8,0,0,11.1,45085.95
2001-08-23,87.1,56,73.3,0,0,7.1,44953.45
2001-08-24,89.2,56.3,75.7,0,0,5.8,44819.58
2001-08-25,91.3,61.9,78.7,0,0,4.7,44684.43
2001-08-26,94.2,57.8,79,0,0,5.5,44548.12
2001-08-27,96.1,58.1,80.2,0,0,6.3,44410.73
2001-08-28,93.5,61.7,79.6,0,0,5.9,44272.38
2001-08-29,91.1,63,78.7,0,0,7.4,44133.13
2001-08-30,88.1,61.8,76.4,0,0,11.8,43474.97
2001-08-31,87.2,59.6,75.3,0,0,10.9,43852.39
2001-09-01,88.1,59,75.8,0,0,7.4,43711.06
2001-09-02,88,57.5,75.7,0,0,6.3,43436.61
2001-09-03,90.2,58.2,76.7,0,0,5.9,43251.37
2001-09-04,93.3,59.9,79,0,0,6.8,42381.68
2001-09-05,91,61.9,78.2,0,0,16.9,42494.45
2001-09-06,82.7,60,72.4,0,0,19.8,42732.43
2001-09-07,75.7,51.5,63.7,0,0,9.1,42504.27
2001-09-08,67.1,49.9,59.3,0,0,12.3,42359.57
2001-09-09,76.1,44.3,62.3,0,0,4,42223.9
2001-09-10,86.3,46.9,69,0,0,6.8,42097.83
2001-09-11,88.7,52.7,72.9,0,0,5.5,41940.82
2001-09-12,90.4,57.9,76.2,0,0,13.4,41808.93
2001-09-13,82.5,61.9,72.8,0.213,10,12,41756.76
2001-09-14,82.5,57.8,71.2,0,0,8.7,41704.45
2001-09-15,84.3,59.7,73.4,0,0,8.3,41651.99
2001-09-16,84.6,54.7,71.9,0.004,1,10.2,41547.84
2001-09-17,76.7,56.3,66.9,0.031,2,10.8,41398.3
2001-09-18,76.3,53.9,65.6,0,0,5.4,41248.27
2001-09-19,83.6,49.3,68,0,0,7,41097.83
2001-09-20,84.7,51.3,69.8,0,0,5.8,40947.1
2001-09-21,85.5,52,70.7,0,0,7.6,40796.13
2001-09-22,85,54.4,71.5,0,0,4.4,40645.03
2001-09-23,86.2,52,71.1,0,0,5,40493.89
2001-09-24,87.4,52.7,72,0,0,5.5,40342.8
2001-09-25,87.5,52.7,72.1,0,0,8.2,40191.86
2001-09-26,87.9,54.8,72.7,0,0,10,40041.14
2001-09-27,87.2,52.2,71.5,0,0,5.8,39890.76
2001-09-28,88.3,53.3,72.1,0,0,10.1,39447.32
2001-09-29,85.4,52.6,70.6,0,0,7.2,39591.37
2001-09-30,84.5,54.2,70.8,0,0,5.8,39412.5
2001-10-01,82.9,52.8,69.5,0,0,7.4,39196.94
2001-10-02,81.7,52.8,69.4,0,0,7.7,38985.24
2001-10-03,79.8,52.4,68,0,0,8.7,38777.74
2001-10-04,80.6,59.8,70.2,0,0,12.4,38574.82
2001-10-05,70.7,49.2,61.7,0,0,12,38376.85
2001-10-06,75.5,46.8,63.2,0.004,1,10.1,37158.61
2001-10-07,74.4,53.1,64.4,0,0,10.4,37707.61
2001-10-08,74.8,49.1,63.4,0,0,10.9,37612.57
2001-10-09,60.9,42.6,54.4,0.173,9,17.8,37356.32
2001-10-10,55.8,40,47.9,0,0,4.1,37476.8
2001-10-11,65,34.1,50.7,0.016,2,16.4,34902.22
2001-10-12,54.3,36.5,46.3,0,0,11.2,37184.39
2001-10-13,64.7,38,51.2,0,0,10.1,36913.18
2001-10-14,70.4,47.6,58.3,0,0,11.6,36786.1
2001-10-15,66.5,41.6,56.3,0,0,8.4,36558.59
2001-10-16,71.2,38.3,55.7,0,0,3.8,36005.19
2001-10-17,75.8,40.9,59.4,0,0,8.4,36270.96
2001-10-18,71.3,50.6,60.2,0,0,12.9,36195.9
2001-10-19,68.4,48.8,58.6,0,0,4.8,36131.25
2001-10-20,73.2,38.7,58.1,0,0,6.2,36077.63
2001-10-21,69.5,46.5,58.6,0,0,4.1,10954.88
2001-10-22,69.1,42.5,57.5,0,0,11.9,35896.67
2001-10-23,72.3,43.7,56.7,0,0,18.2,35837
2001-10-24,53.8,34.5,45.3,0,0,10.6,35764.28
2001-10-25,61.8,32.2,48.1,0,0,3.9,35674.86
2001-10-26,66,39,53.5,0,0,3.2,35527.62
2001-10-27,71.4,36.2,55.7,0,0,2.9,35380.8
2001-10-28,75.6,48.4,61.6,0,0,11.6,35234.52
2001-10-29,73.5,46.4,59.7,0,0,6.3,34238.25
2001-10-30,73.8,47.7,61.3,0,0,13.2,28595.27
2001-10-31,63.3,51.8,58.3,0.012,2,12.1,31424.07
2001-11-01,61.2,47.9,53.9,0,0,5.8,34657.78
2001-11-02,63.6,38,51.8,0,0,3.3,34516.45
2001-11-03,65.9,40.9,53.8,0,0,2.9,34376.58
2001-11-04,68.5,40.1,55.8,0,0,3.5,33433.83
2001-11-05,67.6,44.6,56.2,0.016,3,5.9,34101.87
2001-11-06,69,40.9,55.5,0,0,9.7,33967.38
2001-11-07,65.9,46.3,55.2,0.031,4,9.7,33687.67
2001-11-08,57.2,40.8,49.7,0.004,1,11.1,33704.98
2001-11-09,60,39.5,49.1,0,0,5,33576.76
2001-11-10,59.9,39.6,49.8,0.031,4,3.6,33449.32
2001-11-11,61.5,37.2,50.4,0,0,4.9,33322.75
2001-11-12,63.6,36.6,50.7,0,0,4.1,32374.19
2001-11-13,59.9,38.4,47.8,0.008,1,13.3,32427.65
2001-11-14,59.4,38.7,47.7,0,0,5.4,32949.72
2001-11-15,57.7,38.8,48.5,0,0,3.7,32828.12
2001-11-16,59.1,41.9,49.8,0,0,3.6,32708.17
2001-11-17,60.5,33.2,47.6,0,0,5.3,32590.02
2001-11-18,57.3,35.9,45.8,0,0,8.3,32473.86
2001-11-19,54,35.2,44.1,0,0,5,32359.84
2001-11-20,51.7,31.6,41.6,0,0,4.9,32248.14
2001-11-21,53.8,31.2,42.3,0,0,4.5,30394.47
2001-11-22,52.4,39.4,44.2,0.146,12,8.5,18968.87
2001-11-23,46.8,31.2,39.1,0.008,1,10.4,31356.88
2001-11-24,45.8,26.4,36.5,0.012,1,8.4,27406
2001-11-25,41.7,30.4,37.9,0.142,9,19,12355.18
2001-11-26,36,26.7,30.5,0,0,6.7,31575.18
2001-11-27,32.9,21.1,27.3,0.024,6,12.6,29050.18
2001-11-28,31.7,17.9,24.7,0,0,4.6,31367.99
2001-11-29,31.7,25.1,28,0.307,19,8,677.49
2001-11-30,37.1,24.9,30.3,0.039,4,7.5,29584.27
2001-12-01,38.1,16.8,28.7,0,0,7,26852.42
2001-12-02,39,31.8,34.9,0,0,5.7,7283.57
2001-12-03,50.2,29.7,36.9,0,0,8.9,30723.53
2001-12-04,41,27.2,32.8,0.11,7,5.6,10800
2001-12-05,37.9,17.9,28.5,0,0,11.9,29802.29
2001-12-06,43.9,15.3,28.5,0,0,7.1,30507.79
2001-12-07,39.6,24.7,30.9,0,0,13,30499.02
2001-12-08,36.7,16.9,26.4,0,0,3.8,30491.5
2001-12-09,38.1,14.7,25.8,0,0,3.4,30416.04
2001-12-10,39.7,19.2,28.4,0.138,9,6.3,25200
2001-12-11,34.7,20.5,27.4,0.012,3,7.2,30427.02
2001-12-12,29.5,16.4,24.2,0,0,4.3,30435.73
2001-12-13,30.9,9.2,19.6,0,0,3.1,30446.53
2001-12-14,36.9,13,23.6,0,0,4.6,29471.12
2001-12-15,28.8,19.3,25.7,0.075,8,12.4,13061.06
2001-12-16,29.5,9.6,19.8,0,0,2.3,30460.91
2001-12-17,34.4,9,21.4,0,0,2.5,28770.63
2001-12-18,33.8,16.1,24.4,0,0,2.9,30427.54
2001-12-19,37.4,10.5,22.1,0,0,3.5,30417.89
2001-12-20,42.7,14.5,27.5,0,0,3.4,28660.34
2001-12-21,39.7,22.7,31.4,0.016,2,9.5,30411.64
2001-12-22,35.3,18.3,27.9,0,0,5.4,30414.88
2001-12-23,33.5,12.5,22.4,0,0,4.1,30422.3
2001-12-24,34.4,11.5,22.6,0,0,2.9,30433.88
2001-12-25,35.2,13.4,23.5,0,0,2.7,30449.56
2001-12-26,35.1,14,24.7,0,0,2.5,29736.62
2001-12-27,38.1,21.2,28.9,0,0,4.7,30493.02
2001-12-28,42.5,18.1,29.5,0,0,3.5,30520.7
2001-12-29,40,21.7,30.9,0.024,3,3.6,14424.06
2001-12-30,39.9,27.5,34,0.067,6,3.4,26687.48
2001-12-31,38.4,26.2,32,0,0,3.4,18702.45
2002-01-01,39.1,22,30.3,0,0,5.1,30482.4
2002-01-02,31.7,11.1,21.9,0,0,4,30716.26
2002-01-03,34.3,14.2,25.1,0,0,2.7,28391.3
2002-01-04,36.8,21.6,29.8,0.059,5,7.5,30820.01
2002-01-05,36.1,13.5,24.3,0,0,2.7,30877.1
2002-01-06,41,17.9,29.2,0,0,3.1,30180.43
2002-01-07,45.7,22.3,33.1,0,0,2.9,31001.37
2002-01-08,48.9,24.4,34.9,0,0,3,31023.27
2002-01-09,47,29.6,37.7,0,0,3.3,0
2002-01-10,42.7,24.4,35,0,0,12.7,31217.09
2002-01-11,43.4,19.2,30.7,0,0,3.1,31297.04
2002-01-12,45.7,22.9,32.9,0,0,3,27585.42
2002-01-13,40.5,26.3,33,0,0,8.8,31467.97
2002-01-14,42.1,18,28.8,0,0,4.9,31558.57
2002-01-15,47,23.7,33.5,0,0,9.6,27345.72
2002-01-16,33.5,23.6,28.1,0.02,2,4.8,28476.29
2002-01-17,34.5,15.8,26.3,0,0,3,31848.94
2002-01-18,33.1,19.1,25.4,0,0,17.8,31951.33
2002-01-19,33.2,12,22.3,0,0,4.2,32056.26
2002-01-20,35,19.2,26.6,0,0,9.9,32163.55
2002-01-21,45,16.9,28.9,0,0,6.4,32273.05
2002-01-22,43.4,24.1,31.3,0.047,6,12.5,15062.45
2002-01-23,30.3,20.6,25,0,0,8.4,32404.82
2002-01-24,34.1,15.8,24.2,0,0,3,32444.61
2002-01-25,41.4,15.4,27.8,0,0,2.7,32461.47
2002-01-26,50.9,17.9,32.3,0,0,6.6,32400
2002-01-27,50.2,29.8,38.3,0,0,11.9,18586.62
2002-01-28,48.8,32.7,40.2,0,0,21.4,32487.23
2002-01-29,34.4,27.7,31.1,0.087,11,5.9,32443.28
2002-01-30,28.9,17.4,23.9,0.004,1,10.7,32779.46
2002-01-31,26.8,11.9,18.9,0,0,4.4,33098.5
2002-02-01,33.1,11.4,21.6,0,0,5.9,33132.02
2002-02-02,38,18.5,27.8,0,0,2.3,33154.69
2002-02-03,39.2,16,27,0,0,3.4,33594.94
2002-02-04,40.2,14.5,26.8,0,0,7.6,33762.91
2002-02-05,37.5,17.1,26.2,0,0,7,33927.62
2002-02-06,41.4,13.9,27.5,0,0,3.1,34100.04
2002-02-07,43.7,14,28.5,0,0,3.8,34354.32
2002-02-08,43,20.5,30.8,0,0,19.2,34466.19
2002-02-09,39,22.3,28.7,0,0,16.4,34715.8
2002-02-10,40.9,18.3,29.5,0,0,5.1,34860.12
2002-02-11,45.5,18.1,32.5,0,0,3.6,35005.02
2002-02-12,46.9,22.9,33.9,0,0,6.2,35150.39
2002-02-13,45,23.8,33.9,0,0,6,34272.66
2002-02-14,48.1,27.3,36.3,0,0,15.1,34666.05
2002-02-15,43.3,24.4,32.3,0,0,4.3,35587.79
2002-02-16,47.7,22.4,34.8,0,0,4.7,35025.06
2002-02-17,52.4,26.3,39.5,0,0,5.9,15358.35
2002-02-18,48,29.5,39.4,0.031,4,11.3,35568.46
2002-02-19,46,28.9,36.4,0.024,2,6.8,36176.1
2002-02-20,53.4,30.2,41.4,0.016,2,14.5,36326.24
2002-02-21,48.6,30.4,39.1,0,0,6.8,36477.47
2002-02-22,55.9,24.6,39.4,0,0,4.1,34838.62
2002-02-23,61.8,28.2,43.9,0,0,12.7,23917.52
2002-02-24,51.1,34.4,41.8,0.008,2,13.8,36936.34
2002-02-25,41.8,27.2,34.5,0,0,14.7,37090.57
2002-02-26,36.8,16.5,27.6,0,0,12,37245.21
2002-02-27,43.4,20.8,33,0,0,5.6,37400.16
2002-02-28,55.1,20.6,37.9,0,0,16.1,37555.28
2002-03-01,33.4,20.1,26.7,0.028,3,14.5,36421.12
2002-03-02,30,12.9,21.9,0,0,7.9,37865.56
2002-03-03,33.2,14,24.2,0,0,4.5,38020.48
2002-03-04,45.5,13.5,31,0,0,3.1,38175.11
2002-03-05,54.1,19.6,38.1,0,0,5.8,38329.33
2002-03-06,61.4,23.5,43.6,0,0,11.9,37014.77
2002-03-07,56.6,40.3,49,0.024,4,20,38636.1
2002-03-08,44.6,25.2,35.4,0.181,8,20.8,26682.79
2002-03-09,43.9,18.2,31,0,0,5,38940.29
2002-03-10,57,25.4,40.6,0,0,9.1,28721.28
2002-03-11,52.6,32,42.4,0,0,9.3,39245.84
2002-03-12,63.4,29.9,46.7,0,0,7.3,38022.51
2002-03-13,66.8,36.5,49.2,0.004,1,24.7,39468.27
2002-03-14,41.3,26.1,34.6,0,0,12.4,39535.15
2002-03-15,42.2,24.8,33.6,0,0,7.6,39593.93
2002-03-16,45.6,27.5,36.5,0,0,15,39600
2002-03-17,44.1,30.4,37,0.004,1,16.7,34358.3
2002-03-18,44.8,28.3,35.7,0.004,1,5.5,39624.69
2002-03-19,49.4,27.8,38.2,0,0,4,39960.15
2002-03-20,59.6,26.8,44,0,0,4.7,40086.9
2002-03-21,66.4,28.3,48.8,0,0,5.7,40197.48
2002-03-22,72.2,33.1,54.2,0,0,10.5,40116.34
2002-03-23,64.4,42.4,53.5,0,0,24.4,39708.32
2002-03-24,54.2,41.6,47.4,0,0,9.3,39046.09
2002-03-25,54.6,36,45.2,0,0,7.5,40218.77
2002-03-26,60.2,30.4,46.5,0,0,6,39691.28
2002-03-27,67.8,31,51.5,0,0,16.3,41407.39
2002-03-28,67.7,45.5,56.2,0,0,13.2,41518.07
2002-03-29,66.6,42,54,0,0,14.5,41696.59
2002-03-30,67.4,41.5,53.4,0,0,15,41881.24
2002-03-31,69.6,42.9,57.4,0,0,7.5,42149.3
2002-04-01,74,51.5,62.7,0,0,10.1,42348.81
2002-04-02,74.9,50.6,62.7,0,0,14,42553.37
2002-04-03,73.5,44.9,60.8,0,0,11.6,41886.87
2002-04-04,74,45.2,61,0,0,8.5,42873.99
2002-04-05,77.1,40.4,61.7,0,0,10.8,43006.72
2002-04-06,73.9,47.9,61.5,0,0,14.4,39600
2002-04-07,70,50.4,59.2,0,0,14.9,43243.02
2002-04-08,67.4,45.6,57.3,0,0,9.4,42948.79
2002-04-09,76.6,43.5,62.8,0,0,15.7,42735.97
2002-04-10,74.1,53.3,62.8,0.02,4,13.5,31985.35
2002-04-11,66.7,42.5,56.5,0.008,1,8.9,43691.91
2002-04-12,65.9,43.8,57.2,0.008,2,9.6,35603.34
2002-04-13,72.8,39.1,58.9,0,0,6.2,44173.29
2002-04-14,81.8,42.6,65.5,0,0,13.6,41097.25
2002-04-15,77.9,57.1,68,0.028,3,28.1,40899.85
2002-04-16,61.5,41.7,53,0,0,18.8,44588.71
2002-04-17,70.4,45.1,56,0.004,1,30,44724.33
2002-04-18,67.7,40.2,54.4,0,0,15,44522.39
2002-04-19,67.7,43.2,54.8,0,0,17.4,44992.67
2002-04-20,54.6,38,47.2,0.047,4,22.7,45126.27
2002-04-21,58.3,34.4,47.9,0,0,8.5,45259.42
2002-04-22,68.8,36.4,55,0,0,8.9,45330.31
2002-04-23,79.2,41.2,63.1,0,0,16.7,45384.94
2002-04-24,72.2,47,62.1,0,0,10.3,45439.53
2002-04-25,76.9,52.4,65,0,0,15.2,38294.06
2002-04-26,75.8,48.2,62.3,0.008,1,22,45550.02
2002-04-27,64,47.6,55.7,0.02,4,19.1,45642.47
2002-04-28,70.4,44.6,58.8,0,0,12.5,45745.49
2002-04-29,79.4,41.7,63.4,0,0,16.2,45711.07
2002-04-30,77.3,50.4,65.5,0,0,18.4,45979.69
2002-05-01,65.9,48.3,57.7,0,0,17.9,46109.27
2002-05-02,64.1,42.5,54.6,0,0,9.7,46176.31
2002-05-03,72.9,44.9,60.6,0,0,12.4,46315.53
2002-05-04,76,49.8,65,0,0,10.3,46461.16
2002-05-05,78.5,47.7,66.2,0,0,15.4,46612.62
2002-05-06,81.2,47.9,68.9,0,0,11.2,46769.36
2002-05-07,79,51.5,68,0,0,21.4,46930.93
2002-05-08,61.2,43.5,53.3,0,0,15.6,46185.54
2002-05-09,71.3,41.3,57.1,0,0,10.3,47268.1
2002-05-10,76.8,48.2,63,0,0,24.1,25732.46
2002-05-11,70.1,45.5,59.3,0,0,15.1,47520.16
2002-05-12,71.6,47.3,60,0.004,1,9.4,46857.18
2002-05-13,78.5,44.5,64.1,0,0,7.6,46479.37
2002-05-14,83.4,52.7,70.3,0,0,13.7,46155.84
2002-05-15,82.1,58.8,71.4,0,0,11.5,47356.75
2002-05-16,79.6,58,70.7,0,0,12.5,47761.29
2002-05-17,83,52.1,69.6,0,0,7.9,48280.6
2002-05-18,87.9,50.9,73.2,0,0,18.6,48375.13
2002-05-19,87.6,56.8,74.8,0.004,1,13.8,44924.15
2002-05-20,86.5,60.5,75.3,0,0,17.3,48557.82
2002-05-21,70.7,51,60.7,0.016,1,25.2,46536.84
2002-05-22,65.4,40.6,54.6,0,0,10.4,48645.56
2002-05-23,64.3,41.6,55.5,0,0,10.1,47401.61
2002-05-24,67.4,46,57.9,0,0,8.3,48718.23
2002-05-25,77.8,44.4,64.6,0,0,7.2,48751.97
2002-05-26,84.3,48.8,70.2,0,0,11.6,48783.92
2002-05-27,84.7,52.7,72.9,0,0,7.7,48814.05
2002-05-28,87.5,57.8,75.2,0,0,9.9,48845.96
2002-05-29,90.1,61.1,78.8,0,0,7.2,48083.96
2002-05-30,95.6,61.2,82.1,0,0,8.3,48934.93
2002-05-31,98.4,61.5,83.9,0,0,11,48915.85
2002-06-01,91.3,70.2,81.9,0,0,21.9,42238.19
2002-06-02,87.4,63.3,77.2,0,0,16.9,43098.27
2002-06-03,78.7,61.6,69.3,0.059,3,20.5,44967.54
2002-06-04,78.7,52,67.3,0,0,9.8,49087.05
2002-06-05,83.4,51.7,71.5,0,0,6.7,49163.2
2002-06-06,91.9,58.2,78.7,0,0,9.2,49178.92
2002-06-07,96.2,63.2,82.6,0,0,20,49192.47
2002-06-08,94.6,70.7,84.1,0,0,25.9,49272.27
2002-06-09,92.6,60,78.9,0,0,28.1,49283.93
2002-06-10,75.8,48.5,64.3,0,0,9.2,49366.1
2002-06-11,81.6,56.8,70.7,0,0,9.2,49450.11
2002-06-12,87.5,57.5,74.5,0,0,10.2,49459.29
2002-06-13,89.1,60.4,76.6,0,0,7.4,49466.31
2002-06-14,95.2,56.7,79.5,0,0,9.1,49471.25
2002-06-15,93.9,71.8,83.7,0,0,10.8,49231.57
2002-06-16,93.7,66.8,82.5,0,0,7.6,49557.15
2002-06-17,96.6,59.8,82.4,0,0,11,49557.26
2002-06-18,96.5,65.2,83.6,0,0,9.8,49639.26
2002-06-19,93.1,70.3,82.5,0,0,11.5,49550.28
2002-06-20,96.8,61,82.4,0,0,16.8,49457.13
2002-06-21,94.2,70.4,83.8,0,0,17.2,49006.37
2002-06-22,91.1,65,80.5,0,0,17.8,49697.8
2002-06-23,94.9,58.7,80.7,0,0,10.9,49597.3
2002-06-24,97.3,60.8,83.2,0,0,8.3,49227.43
2002-06-25,98.5,63.8,85.1,0,0,9,49565.29
2002-06-26,98.5,62.8,85.9,0,0,11,43611.03
2002-06-27,98.2,65.4,84.7,0,0,10.9,48781.2
2002-06-28,97.4,63.2,83.6,0,0,7.9,49682.35
2002-06-29,98.5,62.3,84.4,0,0,13,49568.21
2002-06-30,99.3,66.2,86.7,0,0,7.6,49542.05
2002-07-01,100.8,67.5,88.1,0,0,8.9,49514.18
2002-07-02,102,74.6,90.4,0,0,16.9,48771.94
2002-07-03,93.1,74,85.2,0,0,6.7,43241.64
2002-07-04,87.4,67.7,79.7,0,0,6.8,41739.03
2002-07-05,96,66.6,83.7,0,0,9.2,48892.99
2002-07-06,97.3,67.3,85.3,0,0,8.7,49177.82
2002-07-07,99.3,68.4,86.7,0,0,6.2,49142.52
2002-07-08,101.3,70.6,88.6,0,0,7.5,49020.79
2002-07-09,99.6,70.4,87.8,0.016,1,10.9,48649.56
2002-07-10,98.8,72.5,87,0,0,9.8,47586.92
2002-07-11,98.1,69.7,86.7,0,0,6.8,48901.41
2002-07-12,100.8,66.5,86.5,0,0,6.3,49016.09
2002-07-13,101.7,67.7,89,0,0,6.2,48890.47
2002-07-14,102,67.4,88.4,0,0,7.6,48797.22
2002-07-15,99.9,69.7,87.4,0,0,6,48644.94
2002-07-16,97.2,69.7,86,0,0,9,48451.98
2002-07-17,95.6,70.4,85.5,0,0,9.8,48180.86
2002-07-18,95,71.3,84.4,0,0,13.8,47756.82
2002-07-19,91.7,69.7,81.7,0.008,1,9.3,47794.31
2002-07-20,91.3,67.2,81,0,0,12.3,47574.29
2002-07-21,95,64.9,83.1,0,0,8.5,47917.2
2002-07-22,96.5,64.9,83.4,0.008,2,13.8,47646.95
2002-07-23,94.4,67.7,83.2,0,0,7,47577.24
2002-07-24,95.5,69.2,84.6,0,0,7.6,47338.23
2002-07-25,91.8,73.9,83,0.012,2,9.5,40908.86
2002-07-26,91.7,68.6,79.8,0.004,1,13.9,47318.13
2002-07-27,92.1,65.1,80.2,0.02,1,15.2,47306.96
2002-07-28,92.3,64.1,80,0,0,13.7,47331.5
2002-07-29,94.5,67.8,82.7,0,0,6.9,47287.94
2002-07-30,98.4,65.4,85.4,0,0,9.7,47199.98
2002-07-31,100.9,64.8,87.1,0,0,9.4,47181.09
2002-08-01,96.1,73.9,86.1,0,0,8.5,40375.35
2002-08-02,86.1,71.5,77.9,0.043,4,15.5,32659.59
2002-08-03,87.8,64.2,76.9,0.012,2,8.6,46812.66
2002-08-04,90.4,62.7,78.7,0,0,13.4,46810.61
2002-08-05,89,69.9,79.3,0.024,4,11.8,41460.76
2002-08-06,88.4,65.1,78.1,0.028,1,12,46630.04
2002-08-07,87.9,66.1,77.6,0.024,4,12.4,46524.89
2002-08-08,90.6,61.4,78.5,0,0,10.5,46498.44
2002-08-09,90.8,66.3,79.1,0,0,9.4,46429.74
2002-08-10,92.2,67.6,80.9,0,0,8.2,46327.75
2002-08-11,95.6,67.8,83.3,0,0,10,46259.97
2002-08-12,98.3,69.7,84.7,0,0,20.1,46183.77
2002-08-13,87.4,61.6,77.6,0,0,9.4,46112.73
2002-08-14,93.9,65.8,81.7,0,0,11.2,46040.87
2002-08-15,95.8,65.3,83.6,0,0,8.1,45968.27
2002-08-16,98.6,64.1,85.9,0,0,9.7,45894.37
2002-08-17,99.3,68.4,85.9,0,0,9.4,45768.76
2002-08-18,98.5,65.2,85,0,0,11.3,45641.38
2002-08-19,96.3,65.9,83.3,0,0,18.2,43049.09
2002-08-20,88,70.4,79.1,0.039,6,14.5,44500.36
2002-08-21,87,63,76.4,0,0,17.1,45250.51
2002-08-22,88.7,59.7,76.8,0,0,15.5,45117.65
2002-08-23,89.9,63.2,78,0,0,14.5,44983.67
2002-08-24,88.8,65.9,78.2,0,0,8.5,44848.68
2002-08-25,93.7,54.6,77.3,0,0,9.3,44712.76
2002-08-26,94,56.8,79.1,0,0,13.7,44576.02
2002-08-27,91.2,69.2,80.2,0,0,9.1,44438.54
2002-08-28,92.6,59,77.6,0,0,18.1,44300.44
2002-08-29,83.1,64.8,74.6,0.016,1,13.5,43446.56
2002-08-30,86.9,56,73.1,0,0,11.3,43601.22
2002-08-31,88.8,56,75.3,0,0,9.9,42992.44
2002-09-01,89.8,62.2,77.9,0,0,9.7,43010.28
2002-09-02,90.4,62.1,78.2,0,0,7.4,43458.06
2002-09-03,90.5,64.8,77.1,0.016,2,13.4,34265.89
2002-09-04,90.6,57.8,76,0,0,10.2,43182.74
2002-09-05,92.7,58.9,78.3,0,0,12.7,42182.58
2002-09-06,85.4,66.2,76.7,0.008,1,14.6,30246.29
2002-09-07,80.6,63.2,68.6,0.311,9,13.4,28620.04
2002-09-08,74.5,58.5,66.2,0.181,6,11,41113.51
2002-09-09,73.2,58,65.9,0,0,7.4,41891.15
2002-09-10,76.8,58.7,67,0.016,2,6.2,41925.23
2002-09-11,67.3,59,63.6,0.63,21,5.4,27385.54
2002-09-12,68.6,56,60.7,0.799,24,4.9,27251.15
2002-09-13,70,54.7,61.7,0,0,6.8,41775.16
2002-09-14,77.3,51.9,65.2,0,0,5.7,41723.67
2002-09-15,77.1,51.9,66.1,0,0,6.4,41664.99
2002-09-16,78.8,51.6,65.4,0.079,4,12.8,41578.18
2002-09-17,71.7,52.4,61.8,0.016,2,11.4,41428.84
2002-09-18,61.9,51.4,56.1,0.299,17,7.2,39802.47
2002-09-19,64.5,49.7,56.8,0,0,4.7,41129.83
2002-09-20,71,46.8,59.6,0,0,5.2,40980.34
2002-09-21,76.7,46.5,63,0,0,7.7,40830.97
2002-09-22,75.8,54.9,65.6,0,0,4,40681.82
2002-09-23,77,52,64.8,0,0,6.1,40532.98
2002-09-24,83,45.9,65.3,0,0,7.1,40384.54
2002-09-25,83.6,49.7,66.4,0.004,1,13.3,33809.43
2002-09-26,74.9,51.2,63.8,0,0,6.1,40086.07
2002-09-27,80.7,48.2,65.4,0,0,19.6,39805.44
2002-09-28,75.3,52.8,64.9,0.016,2,16.5,38168.82
2002-09-29,70.7,49,59.9,0.004,1,16.2,39366.99
2002-09-30,72.3,46.1,59.9,0,0,14.1,39444.04
2002-10-01,72.2,45.5,59.1,0.008,1,16.8,39225.82
2002-10-02,63.5,46.5,54.2,0.28,13,6.7,37482.91
2002-10-03,50,40.9,46,0.185,10,7.8,37714.88
2002-10-04,56.2,37.7,47.9,0,0,4.3,33448.83
2002-10-05,61.8,39.7,51.6,0,0,5.6,38317.86
2002-10-06,64.5,44,54.8,0,0,2.8,38127.95
2002-10-07,67.5,45,57,0,0,4.5,38017.74
2002-10-08,68.4,49.8,58.5,0,0,3.7,37836.98
2002-10-09,70.1,48.7,58.6,0,0,4.5,37728.69
2002-10-10,76.2,40.6,59,0,0,10.6,36329.5
2002-10-11,75.1,51.5,62.3,0,0,16,35506.66
2002-10-12,65.8,43.6,54.8,0,0,5.3,36737.01
2002-10-13,66,36.7,53.5,0,0,4.8,37103.42
2002-10-14,67.1,42.3,56.7,0,0,3.8,36642.14
2002-10-15,67.8,43.8,55.8,0,0,3.7,36679.19
2002-10-16,68.1,42.8,56.1,0,0,3,36466.57
2002-10-17,69.2,37.8,55.3,0,0,6,36223.41
2002-10-18,65,45.3,55.7,0,0,5.4,36201.69
2002-10-19,66.8,40.8,55,0,0,3.8,36183.09
2002-10-20,65.8,36.4,52.6,0,0,5.2,36000
2002-10-21,67,36.2,52.7,0,0,5.6,36013.1
2002-10-22,65,38.9,51.9,0.059,5,12,35910.56
2002-10-23,58.3,39.9,49.3,0.114,13,4.5,35844.48
2002-10-24,56.9,36.3,47.6,0.031,6,7.7,35777.99
2002-10-25,57.7,35.7,46.9,0,0,5.1,35702.92
2002-10-26,56.6,39.1,47.2,0.094,8,5,27102.65
2002-10-27,49.9,42.1,45.8,0.378,16,3.6,29583.21
2002-10-28,52.4,36.5,43.9,0.098,6,7.6,35261.95
2002-10-29,46.5,34.4,40.2,0.012,2,5.8,35117.1
2002-10-30,51,31.5,40.4,0.067,5,10.6,34973.56
2002-10-31,55.4,32.5,43.1,0.118,11,14.4,34831.48
2002-11-01,45.2,36.1,40.7,0.02,2,5.1,33777.66
2002-11-02,45.4,30.8,38.8,0,0,11.7,34431.78
2002-11-03,42,23.9,33.1,0,0,9,34415.71
2002-11-04,44.8,28,36.8,0,0,5.8,34280.43
2002-11-05,48.6,28.1,38.9,0,0,3.2,34145.54
2002-11-06,52.7,26.1,39,0,0,3.5,34011.14
2002-11-07,57.3,26.6,42.5,0,0,5.5,32597.24
2002-11-08,56.6,38.7,47.3,0.193,12,18.7,13748.99
2002-11-09,50.9,38.8,46.4,0.114,9,18.9,32688.24
2002-11-10,47.3,31.6,40.2,0,0,12.8,33481.44
2002-11-11,46.7,33.3,39.3,0.047,5,8.1,33351.76
2002-11-12,46.3,27.6,36.1,0,0,3.4,31335.33
2002-11-13,44.2,30,36.9,0.008,1,2.5,7148.24
2002-11-14,46.6,31.7,37.9,0,0,9.1,32095.1
2002-11-15,46.5,27.6,36.7,0,0,5.2,32848.89
2002-11-16,47.3,23.7,34.7,0,0,3.4,32728
2002-11-17,48.1,24.7,36.5,0,0,4.9,29831.2
2002-11-18,45.9,31.4,38,0,0,4,32493.29
2002-11-19,47.9,26.3,37.4,0,0,2.9,32379.83
2002-11-20,51.7,32.6,41.1,0,0,2.8,32269.22
2002-11-21,54.5,30.6,41.9,0,0,2.7,32161.67
2002-11-22,56.3,30.8,42.8,0,0,3.6,32057.36
2002-11-23,56.9,30.5,43.1,0,0,6.1,30664.36
2002-11-24,51.2,37.1,44.1,0,0,4.9,27424.77
2002-11-25,43,26.1,35.2,0.016,3,13.3,31370.04
2002-11-26,42.5,25.4,32.3,0,0,6.9,30950.56
2002-11-27,43,22.4,33.1,0,0,3.2,31446.63
2002-11-28,45.3,28.5,36.1,0,0,2.4,31304.62
2002-11-29,47.5,28.5,37.1,0,0,2.8,30772.57
2002-11-30,44.7,28.3,36.9,0.008,2,3.6,30368.18
2002-12-01,45.1,31.1,37,0.028,4,5.2,29213.3
2002-12-02,46.9,29.3,37.6,0,0,3.3,30694.77
2002-12-03,46,35,39,0,0,4.1,28662.69
2002-12-04,45.3,30.2,37.5,0,0,3.1,30647.32
2002-12-05,45.3,28.2,36.7,0,0,2.7,30573.38
2002-12-06,43.7,26.3,35.4,0,0,3,28097.03
2002-12-07,44.1,29.3,36.4,0,0,2.6,29461.12
2002-12-08,46.3,32.9,38.3,0,0,3,30491.16
2002-12-09,45.2,24.6,34.7,0,0,2.6,30483.56
2002-12-10,42.2,24.8,33.6,0,0,2.6,30423.5
2002-12-11,42.9,30.3,35.8,0,0,7.8,30420.8
2002-12-12,44.3,26.5,35.4,0,0,5.3,30427.93
2002-12-13,46.8,23.5,34.9,0,0,3.4,30443.26
2002-12-14,49.5,24.4,36.3,0,0,3.5,30449.03
2002-12-15,54.2,30.6,39.6,0,0,13.9,23714.54
2002-12-16,50.7,27.6,38.3,0.091,4,18.2,25188.22
2002-12-17,43.7,29.2,36.7,0.098,10,12.3,26701.07
2002-12-18,39.5,25.2,31.5,0,0,11.7,30436.39
2002-12-19,36.2,20.9,28.1,0,0,6.5,30425.97
2002-12-20,36.1,20.8,27.6,0.02,5,4.6,8988.63
2002-12-21,35.6,20.6,28.5,0,0,4.5,28899.6
2002-12-22,37.7,24.1,29.4,0.008,2,4.9,30418.76
2002-12-23,37.4,22.7,29.3,0.012,2,7.2,27742.48
2002-12-24,34.8,25.7,29,0.028,5,5.8,25651.49
2002-12-25,33.5,21.4,26.3,0,0,6.2,30447.5
2002-12-26,34.3,15.6,25,0,0,4.7,30465.01
2002-12-27,38,17,27.3,0,0,3.4,30486.45
2002-12-28,40.3,17.4,28.2,0,0,2.3,30511.81
2002-12-29,43.5,23.1,31.8,0.02,1,8.9,21312.04
2002-12-30,38.2,20.2,29.4,0,0,4.3,30574.18
2002-12-31,42.6,20,30.4,0.028,4,9.1,28948.13
2003-01-01,40.3,22.9,30.5,0,0,4.2,30651.91
2003-01-02,40.7,17.8,28.6,0,0,3.2,30696.46
2003-01-03,44.9,20.8,31.8,0,0,2.5,30745.33
2003-01-04,46.4,22.9,33.6,0,0,2.8,30331.39
2003-01-05,42.3,22.7,31.7,0.031,4,8,14693.98
2003-01-06,47.6,24.4,34.9,0.028,2,7.9,30918.17
2003-01-07,45.5,22.2,33.3,0,0,2.9,30983.98
2003-01-08,44.3,21.1,32.3,0,0,2.7,31053.65
2003-01-09,44.3,25.7,34.2,0,0,3.1,31127.02
2003-01-10,46,28.9,36.7,0.004,1,9.3,28719.57
2003-01-11,42,27.4,35.1,0.213,11,6.3,20479.31
2003-01-12,41,27.6,33.4,0,0,3.4,31367.77
2003-01-13,44.2,23.7,33.7,0,0,3.2,31454.4
2003-01-14,46.1,24.6,34.8,0,0,2.5,31543.98
2003-01-15,45.7,26.7,35.3,0,0,11.3,31636.34
2003-01-16,43.4,25.6,34.3,0,0,2.7,31731.36
2003-01-17,44.8,22.3,33.4,0,0,2.7,31828.88
2003-01-18,44.7,22.7,33.5,0,0,3.5,31928.77
2003-01-19,46.8,22.1,34.4,0,0,3.7,32030.88
2003-01-20,48.1,23.6,36,0,0,3.1,32135.06
2003-01-21,49.8,25.4,38.2,0,0,3.1,32241.19
2003-01-22,48.7,33.2,40.7,0,0,6.6,32349.14
2003-01-23,50.9,26.4,38.5,0,0,3.2,32400
2003-01-24,50.7,34.7,41.7,0,0,2.8,28820.88
2003-01-25,49.3,35.5,40.9,0,0,4.7,28318.07
2003-01-26,50.4,28.5,39.2,0,0,3.5,32442.01
2003-01-27,55.1,27,40.2,0,0,2.9,32400
2003-01-28,49.4,29.1,38.9,0.039,4,4.5,30634.12
2003-01-29,49.1,30.3,39.2,0,0,3.2,32528.18
2003-01-30,55.8,26.9,41.7,0,0,6.8,31232.77
2003-01-31,57.8,38,46.9,0,0,4,32682.67
2003-02-01,63.6,30.5,45.9,0,0,10.9,31854.97
2003-02-02,51.1,32.6,42.2,0.13,12,17.7,28782.61
2003-02-03,39.6,25.3,32.2,0,0,11,33527.56
2003-02-04,39.7,23.5,31.1,0,0,9.2,33160.84
2003-02-05,36.3,24.9,29.7,0,0,8.9,31768.14
2003-02-06,31.9,18,24.7,0,0,10.2,33838.4
2003-02-07,31.1,13.4,22.5,0,0,7.1,34258.38
2003-02-08,34.5,14.6,25.1,0,0,4.7,34443.06
2003-02-09,38,20.7,28.6,0,0,9,34551.32
2003-02-10,43.9,16.3,30.9,0,0,5.3,34823.29
2003-02-11,45.5,19.4,32.8,0,0,3.8,33449.17
2003-02-12,48,22.8,35.7,0,0,3.5,32437.63
2003-02-13,46.1,36.3,40.3,0.437,23,3.6,1508.75
2003-02-14,48.4,36.1,41.6,0,0,4.8,26790.07
2003-02-15,48.8,32.6,40.1,0,0,4.7,35542.45
2003-02-16,55.4,27.1,40.2,0.075,7,14.3,26689.82
2003-02-17,47.2,32.7,41,0,0,3.3,35215.71
2003-02-18,47,34.6,39,0.004,1,8.6,33671.61
2003-02-19,44.1,28.3,35.5,0,0,5.6,36141.93
2003-02-20,47,28.1,37.5,0.024,2,5.3,34494.58
2003-02-21,49.7,32.1,39.8,0.004,1,9.9,36446.82
2003-02-22,49.1,28.1,37.2,0.02,2,23.9,36600.07
2003-02-23,45.9,24,34.2,0,0,11.7,36753.66
2003-02-24,47.7,24.9,36.3,0.02,2,7.1,31033.36
2003-02-25,45.9,32.5,37.8,0.406,23,10.2,15618.02
2003-02-26,37,29.2,33.1,0.335,17,5.7,3999.51
2003-02-27,39.4,26.9,32.2,0.118,12,6.5,13474.61
2003-02-28,35.4,22.9,29.9,0.15,13,5.8,24236
2003-03-01,34.6,10.1,23.6,0.016,2,3.8,31702.86
2003-03-02,37.1,5,23.5,0,0,5.8,37828.04
2003-03-03,42.5,15.3,28.3,0,0,7.9,37979.97
2003-03-04,41.3,28,33.9,0.094,6,13.2,17948.82
2003-03-05,41.7,23.3,32.1,0,0,10.9,38283.93
2003-03-06,50.1,19.2,34.3,0,0,12.6,38437.09
2003-03-07,53.6,23,38.3,0,0,13.4,38590.9
2003-03-08,57.3,24.9,41.3,0,0,6.5,38745.25
2003-03-09,60.3,26.3,42.9,0,0,7.2,38900.04
2003-03-10,58.7,28.2,43.6,0,0,5.4,39055.15
2003-03-11,61.2,29.3,45.6,0,0,5.2,39210.48
2003-03-12,62.9,32.2,47.5,0,0,5,39365.93
2003-03-13,69,32.1,50.2,0,0,10.8,39455
2003-03-14,65.3,38,50.6,0,0,15.7,21054.73
2003-03-15,62.5,31.4,48.1,0.02,3,15.2,20706
2003-03-16,52.6,42.3,46.4,0.516,24,7.1,22654.84
2003-03-17,45.9,39.4,41.8,0.409,18,8.6,22040.51
2003-03-18,43.4,34.9,38.3,0.122,12,19.2,25236.08
2003-03-19,45.7,33.2,38.1,0,0,14,31712.9
2003-03-20,48.7,27.8,39.2,0,0,5.1,39626.85
2003-03-21,53.3,34.6,43.1,0,0,6.8,40044.65
2003-03-22,56.1,31.7,44.2,0,0,4.9,40225.06
2003-03-23,65.7,32.7,49.7,0,0,10.5,40423.39
2003-03-24,55.4,40.8,49,0.102,6,8.6,25853.04
2003-03-25,55.4,35.7,45.1,0,0,6,40787.02
2003-03-26,67.7,33.9,49.6,0.059,6,19.5,36242.48
2003-03-27,44.5,31.8,38.9,0.008,2,13.4,40972.18
2003-03-28,44.4,27.3,35.1,0,0,15.9,41494.3
2003-03-29,48,24.8,37.2,0,0,7.4,41665.3
2003-03-30,56.9,27.5,43.6,0,0,4.8,41852.01
2003-03-31,68.4,30.8,50.7,0,0,9.4,41967.48
2003-04-01,71.4,38.1,56.3,0,0,20.4,41599.45
2003-04-02,66.8,41.7,54.9,0,0,27.8,41942.14
2003-04-03,53.2,36.6,45.3,0.004,1,18.4,41694.87
2003-04-04,53.5,31.6,42.5,0,0,15,41715.46
2003-04-05,52.2,32.8,43.2,0.008,1,14.6,41866.23
2003-04-06,50.7,30.3,41.4,0,0,12.8,37408.24
2003-04-07,52.5,33.3,42.8,0.004,1,7.3,43284.41
2003-04-08,60.9,26.8,45.9,0,0,4.8,43429.06
2003-04-09,70.6,29.9,52.7,0,0,5,43572.66
2003-04-10,74.9,35,57.6,0,0,10.2,43129.19
2003-04-11,75.6,39.8,60.1,0,0,9.9,43856.27
2003-04-12,74.6,40.1,59.5,0,0,15.2,43996.09
2003-04-13,75.8,42.4,60.7,0,0,17.4,44134.74
2003-04-14,74.2,45.9,61.9,0,0,19,42957.61
2003-04-15,59.6,42.9,52.6,0.11,5,21.3,44411.38
2003-04-16,59.6,36,47.8,0,0,7.3,44549.28
2003-04-17,66.9,34.4,51.9,0.02,3,17.7,42252.23
2003-04-18,58.6,39.8,50.1,0.004,1,10.6,44116.25
2003-04-19,59.3,40.3,49.9,0.012,1,8.1,44960.23
2003-04-20,65,36.1,52.9,0,0,7.4,45095.98
2003-04-21,72.5,40.3,58.2,0.004,1,15.2,42668.43
2003-04-22,65.9,44.3,54.1,0.012,1,19.2,38994.8
2003-04-23,59.3,34.6,47.4,0,0,14.8,44569.24
2003-04-24,67.8,43.3,56.2,0,0,8.7,45429.85
2003-04-25,74.3,44.2,61.5,0,0,17.6,45489.53
2003-04-26,73.9,51.5,63.3,0,0,17.4,45540.65
2003-04-27,74.9,46,62.1,0,0,17.2,45631.85
2003-04-28,75.9,51.1,64.7,0,0,21,42037.93
2003-04-29,69.9,49.7,60.7,0,0,19.5,33546.43
2003-04-30,64.2,44.8,54.9,0,0,13.5,44614.89
2003-05-01,63.6,44,54.6,0,0,10.1,46029.32
2003-05-02,74.4,44.3,60.4,0,0,14.4,44258.39
2003-05-03,71.7,49.9,62.6,0,0,26.7,46224.49
2003-05-04,64,43.4,54.4,0.122,8,12.8,43688.44
2003-05-05,62.5,40.7,52.6,0,0,12.3,45429.93
2003-05-06,65.7,43.5,55,0,0,10.1,46664.83
2003-05-07,69.3,45.6,58.9,0,0,20.7,46290.3
2003-05-08,65.9,44.7,55.5,0.008,1,17.8,43752.59
2003-05-09,55.9,42,49.4,0.075,9,15.6,46677.7
2003-05-10,58.8,34.2,47.7,0,0,7.8,46834.95
2003-05-11,70.5,35.4,55,0,0,9.2,47404.2
2003-05-12,77.3,39.2,61.6,0,0,9.8,47686.74
2003-05-13,78.5,53.3,66.6,0,0,9.2,42033.76
2003-05-14,82.9,49.3,68.5,0,0,16.7,44773.4
2003-05-15,70.5,54.2,62.4,0.047,5,7.2,46537.79
2003-05-16,83.3,46.6,67.8,0,0,8.9,48166.56
2003-05-17,84.4,55.1,72.1,0,0,18.7,40357.2
2003-05-18,78.5,61,69.1,0.024,2,11.3,45464.12
2003-05-19,74,47.5,62.6,0,0,10.7,48449.55
2003-05-20,78.1,49.7,65.2,0,0,9.2,48538.96
2003-05-21,82.9,51,71,0,0,7.3,48598.82
2003-05-22,88.6,55.4,74.9,0,0,9,48637.48
2003-05-23,90.5,58.7,77.1,0,0,7.6,48674.27
2003-05-24,91.6,57.5,77.9,0,0,8,48709.29
2003-05-25,89.3,58.6,76.8,0,0,7.6,48320.13
2003-05-26,89.8,58.1,77.1,0,0,7.7,48774.14
2003-05-27,92.6,63.4,80.9,0,0,7.3,48809.59
2003-05-28,95,61.1,81.5,0,0,7.1,48836.19
2003-05-29,95.7,64.6,83.2,0.02,2,8.8,48858.6
2003-05-30,95.7,65.9,84,0,0,9.2,48883.38
2003-05-31,92.5,65,81.5,0,0,10.3,48906.48
2003-06-01,88.8,65.1,78.8,0,0,13.2,48970.31
2003-06-02,88.7,64.1,77.6,0,0,12.5,49041.91
2003-06-03,87.9,63.2,76.4,0,0,10.8,49062.38
2003-06-04,86.4,60.9,75,0,0,13.6,48982.37
2003-06-05,79.6,58.7,70.5,0,0,11.5,49157.73
2003-06-06,84,52.9,71.6,0,0,11.7,49174.54
2003-06-07,78.8,58.2,70.5,0,0,11.1,49022.19
2003-06-08,87.9,54.3,74.6,0,0,8.6,49032.25
2003-06-09,90.8,63.4,78.5,0,0,13.2,46358.08
2003-06-10,89.3,60.5,77.6,0,0,16,49365.5
2003-06-11,87.2,61.4,76.7,0,0,10.5,49228.11
2003-06-12,84.8,61.4,74.9,0,0,12.4,48665.24
2003-06-13,85.3,56.9,73.8,0,0,11,49058.34
2003-06-14,89.3,58.2,76.5,0,0,5.9,49472.61
2003-06-15,95.1,57.6,80.1,0,0,7.1,49395.05
2003-06-16,92.4,61,79.8,0,0,10,49557.28
2003-06-17,90.4,60.6,78.5,0,0,8.7,49308.05
2003-06-18,90.3,61.3,78.6,0.004,1,8.4,49217.66
2003-06-19,87.4,63.3,76.9,0.008,1,11.4,45428.34
2003-06-20,85.4,61.6,75.5,0.008,1,18.1,48558.07
2003-06-21,86.5,62.5,76.1,0,0,18.4,49619.23
2003-06-22,87.1,64.1,77.3,0,0,17.1,49433.45
2003-06-23,87.1,63.1,75.7,0,0,22.9,48974.93
2003-06-24,77.3,57.7,66.8,0,0,22,49315.41
2003-06-25,76.5,53,65.3,0,0,8.1,49655.32
2003-06-26,82.4,54.8,70.9,0,0,7.6,49637.75
2003-06-27,88.4,58.4,76.3,0,0,8.6,49618.3
2003-06-28,91.4,62.9,80,0,0,11,49597.11
2003-06-29,93.4,68.6,81.9,0,0,5.4,49574.2
2003-06-30,98.5,60.6,83.2,0,0,13.6,49549.62
2003-07-01,95.6,65.9,83.6,0,0,16.5,49523.44
2003-07-02,94.4,65.3,82.4,0,0,8.8,49584.84
2003-07-03,96.9,65.1,83.8,0,0,10.9,49554.37
2003-07-04,97.4,69.1,85.6,0,0,10.3,49345.36
2003-07-05,98.4,72.4,86.3,0,0,8.9,48962.07
2003-07-06,99.9,68.9,86.9,0,0,15,49189.44
2003-07-07,97.5,66.1,84.9,0,0,11.6,49324.13
2003-07-08,99.7,64.1,85.6,0,0,13.2,49283.62
2003-07-09,96.1,66.8,83.7,0,0,8.6,49241.19
2003-07-10,98.8,68.2,86,0,0,4.3,49196.86
2003-07-11,102.2,61.6,86.8,0,0,8.5,49069.78
2003-07-12,102.3,71.5,90.2,0,0,9.1,49023.27
2003-07-13,102.6,73.4,90.6,0,0,9.8,48508.6
2003-07-14,102.3,77.1,91.7,0,0,9.4,48773.31
2003-07-15,102.3,69.7,89.8,0,0,10,48577.5
2003-07-16,101.4,70.8,89.4,0,0,12.6,48388.54
2003-07-17,98.5,74.9,88.8,0,0,6.9,47527.19
2003-07-18,100.1,71.8,88.3,0,0,6.5,47843.82
2003-07-19,101,73.7,90,0,0,10.1,48171.4
2003-07-20,99.7,72.8,87.6,0,0,11.6,47884.77
2003-07-21,99.2,73.6,87.9,0.024,2,5.4,47766.2
2003-07-22,101.6,69.4,89.1,0,0,9.6,47789.05
2003-07-23,98.5,73.2,88.2,0,0,11,47390.68
2003-07-24,99.3,71.3,88,0,0,9.2,47475.5
2003-07-25,96.5,75.1,87.8,0,0,14.1,47422.11
2003-07-26,97.3,73,86.3,0,0,7.2,47321.67
2003-07-27,97,72.2,85.3,0.02,2,11.9,43626.02
2003-07-28,93,72.5,83.5,0.008,1,10.1,46800
2003-07-29,93.2,70.9,82.4,0.043,1,11.4,46971.62
2003-07-30,94.8,67.5,83.7,0,0,7.8,47120.64
2003-07-31,95.3,71.2,84.6,0.012,1,14,44771.86
2003-08-01,93.7,71.1,84,0,0,8.8,46896.92
2003-08-02,93.7,72.2,83,0,0,12.3,46800
2003-08-03,88.1,68.4,78,0.087,5,8.9,46788.92
2003-08-04,91.8,63.9,80.6,0,0,6.4,46881.23
2003-08-05,97.4,61.5,82.4,0,0,9.3,46760.16
2003-08-06,98.3,68.1,85.6,0,0,14.3,46694.7
2003-08-07,92.4,73,84.1,0.012,2,12,34204.18
2003-08-08,93.5,68.3,82.7,0.004,1,11.4,46476.72
2003-08-09,95,69.6,84.9,0,0,8,46412.73
2003-08-10,98.4,68.5,86.6,0,0,8.3,46348.52
2003-08-11,99.1,68.9,87,0,0,6.4,46276.44
2003-08-12,96.4,72.2,86.2,0,0,9.2,46206.7
2003-08-13,96.8,71,85.9,0,0,9.2,46135.33
2003-08-14,96.6,71.9,84.7,0.012,2,14.4,45711.74
2003-08-15,82.5,65.5,74.7,0.087,5,13.6,39659.47
2003-08-16,83.5,62.8,74.2,0,0,11.9,45218.59
2003-08-17,87.3,61.6,76.1,0,0,9,45799.38
2003-08-18,91.1,62.8,78.8,0,0,13,45670.55
2003-08-19,93.1,62.5,81.5,0,0,8.6,45540.55
2003-08-20,94.5,69.9,82.8,0.02,2,7.8,43015.66
2003-08-21,94.8,67.7,82.6,0,0,10.9,45277.43
2003-08-22,92.9,67.7,81.8,0,0,8.6,45144.51
2003-08-23,87.9,70,78.8,0.047,4,7.3,45010.8
2003-08-24,86.3,67.1,78.3,0,0,5.7,44155.36
2003-08-25,89.2,65.8,78.9,0.008,1,8.5,44741.42
2003-08-26,91.2,62.5,79.5,0,0,5.2,44605.94
2003-08-27,84.1,68.7,77,0.043,2,12.7,38852.25
2003-08-28,87.9,63.2,77.2,0,0,6.9,44333.86
2003-08-29,91.2,57.5,77.4,0,0,8.6,44197.42
2003-08-30,82.9,64.9,74.5,0.012,2,9.4,44060.86
2003-08-31,83.8,62.9,74.1,0,0,4.3,43923.49
2003-09-01,90.1,57.6,76.7,0,0,6.9,43784.8
2003-09-02,89.6,62.7,78.7,0.004,1,8.1,42348.63
2003-09-03,88.6,63.4,77.5,0,0,8.1,43203.41
2003-09-04,89.1,62.2,77.5,0,0,9.9,42314.18
2003-09-05,85.1,65.3,76.1,0.024,2,9.9,39738.46
2003-09-06,82.9,59.5,71.9,0.039,3,9.6,42149.48
2003-09-07,81.3,57.8,71.2,0,0,7.6,42544.01
2003-09-08,86.6,58,73.4,0,0,19.7,42133.04
2003-09-09,74,57.6,66.2,0.63,13,17,20500.33
2003-09-10,65.3,52.9,58.7,0.433,10,11.7,40823.19
2003-09-11,65.5,50.5,58.3,0,0,6.7,41970.03
2003-09-12,73.3,48.1,62.4,0,0,5.7,41872.38
2003-09-13,66,51.7,58.8,0,0,13.1,41815.99
2003-09-14,70.2,44.5,57.7,0,0,4.3,41737.23
2003-09-15,78.6,45.7,62.8,0,0,5.8,41678.41
2003-09-16,85.4,51.4,70.1,0,0,21.3,41612.79
2003-09-17,79.4,50.6,66.9,0,0,23.5,41465.37
2003-09-18,65.4,42.2,54.6,0,0,7.5,41318.15
2003-09-19,74.9,44.2,61.3,0,0,4.5,41171.21
2003-09-20,79.6,50.8,66.5,0,0,8.7,41023.86
2003-09-21,77.9,54.2,66.8,0,0,6.5,40875.5
2003-09-22,82.3,51.9,68.6,0,0,3.8,40726.27
2003-09-23,85.4,48.8,69.7,0,0,7.2,40576.23
2003-09-24,84.9,57.8,72.4,0,0,3.6,40425.48
2003-09-25,83.7,58.9,71.5,0,0,6.6,40274.12
2003-09-26,84.7,60.6,73.2,0,0,4.2,40122.23
2003-09-27,84.7,60.8,73.3,0,0,4,39969.93
2003-09-28,85.6,54.6,71.5,0,0,7.5,39817.29
2003-09-29,88,61.2,75.5,0,0,7,39664.41
2003-09-30,85.9,55.9,72.5,0,0,7.6,39511.4
2003-10-01,86.3,54.5,71.9,0,0,10.1,39248.89
2003-10-02,74.2,59.1,67.2,0.063,4,7,32941.98
2003-10-03,65.4,55,59.5,0.134,15,6,29790.47
2003-10-04,66.7,52.4,59.3,0.008,1,6.8,38110.05
2003-10-05,70.1,47.8,59.7,0,0,6,38340.65
2003-10-06,72.6,47.9,61.1,0,0,3.8,37682.82
2003-10-07,75,47.8,61.8,0,0,6,37820.56
2003-10-08,76.9,46.4,62.4,0,0,6.9,37864.79
2003-10-09,81.9,46.9,65,0,0,10.6,37693.13
2003-10-10,78.5,53.6,64.3,0.016,1,17.1,37132.85
2003-10-11,64.9,43.9,54.6,0,0,6,37486.81
2003-10-12,73.6,39.7,58.1,0,0,5.5,37268.42
2003-10-13,65.1,47.3,57,0,0,12.1,37159.09
2003-10-14,70.9,35.8,54.8,0,0,8.9,36892.72
2003-10-15,74.9,38.3,57.7,0,0,7,36690.89
2003-10-16,74.5,49.3,62.7,0,0,8.6,36442.06
2003-10-17,78,43.4,62.1,0,0,3.6,36350.89
2003-10-18,78.7,45.7,63.3,0,0,3.9,36267.57
2003-10-19,79.3,45.5,63.9,0,0,4.2,36039.99
2003-10-20,78,50.6,64.8,0,0,2.9,36081.7
2003-10-21,79.2,50.4,65.7,0,0,3.8,36028.76
2003-10-22,79.2,54.3,66.4,0,0,4,35958.32
2003-10-23,76.2,46.7,62.7,0,0,5.4,35866.87
2003-10-24,69.1,50,59.7,0,0,12.7,35794.14
2003-10-25,56.3,40.8,48.5,0,0,12.8,35727.81
2003-10-26,59.7,33.3,48.6,0,0,4.3,35587.76
2003-10-27,64.9,40.4,53.5,0,0,6.7,35442.88
2003-10-28,70.6,52.9,60.7,0,0,10.4,35299.5
2003-10-29,77.7,43,62,0,0,22.9,35157.76
2003-10-30,68.1,47.9,59.6,0,0,27.6,35017.05
2003-10-31,65.2,41.3,53.6,0.028,4,18.7,34876.43
2003-11-01,58.4,46.4,53.6,0.004,1,19.4,34736
2003-11-02,57.5,41.6,49.1,0.169,11,13.9,34595.88
2003-11-03,49.7,36.7,44.8,0.13,9,17.8,34456.23
2003-11-04,47.5,30.5,38.6,0,0,9.8,34317.19
2003-11-05,48.1,30.2,38.8,0,0,7.2,28448.78
2003-11-06,47.7,30.4,39.1,0,0,4,23711.49
2003-11-07,49.9,35.9,42.9,0,0,3,33905.24
2003-11-08,54.5,35.4,44.5,0,0,5.2,33770.18
2003-11-09,59.7,36.5,47.4,0.094,7,11.1,17415.42
2003-11-10,52.2,41,46.3,0.039,6,10.5,11722.16
2003-11-11,54.3,36.7,45.1,0,0,9.3,33374
2003-11-12,54.2,35.5,44.7,0.094,4,7.4,25200
2003-11-13,50.9,39.1,43.9,0.35,11,11.1,24234.8
2003-11-14,49.8,38,42.5,0,0,7.9,32995.03
2003-11-15,51,30.2,40.3,0.008,1,9.5,32873.38
2003-11-16,48,34,39.5,0.039,6,14,16628.92
2003-11-17,47.4,32.4,38.5,0.016,1,14.8,31804.17
2003-11-18,46.7,28.9,37.4,0,0,5.3,32525.11
2003-11-19,50.2,26.7,37.8,0,0,2.9,32414.67
2003-11-20,55.7,28.2,40.5,0,0,6.7,32305.88
2003-11-21,56.5,33.3,43.6,0,0,16.5,32198.77
2003-11-22,38.9,20.5,28.8,0.15,10,16.8,19911.35
2003-11-23,26.6,15.5,20.9,0,0,6.7,31990.21
2003-11-24,34.2,15.5,24.3,0,0,5.3,31889.04
2003-11-25,40.4,24,31,0,0,5.4,31191.54
2003-11-26,39.1,23.9,30.1,0,0,14.7,31395.29
2003-11-27,35.2,19.3,26.4,0,0,4.9,31550.35
2003-11-28,35,18.4,26.2,0,0,3.4,30162.8
2003-11-29,41.5,20.8,30.5,0,0,3.5,31181.5
2003-11-30,46.1,24.8,34.9,0,0,2.7,29212.89
2003-12-01,49,26.3,36.8,0,0,2.6,29459.71
2003-12-02,48.3,29.7,37.9,0,0,4.5,30831.44
2003-12-03,44.8,26.3,35.2,0,0,2.7,23595.55
2003-12-04,47,27.1,35.9,0,0,3.6,30648.32
2003-12-05,43.2,29.8,35.6,0,0,2.7,21077.16
2003-12-06,52.1,28.7,39.2,0,0,3.9,27126.83
2003-12-07,55.5,36.4,43.4,0.02,1,13.7,28149.06
2003-12-08,39.7,26.3,35.3,0.098,8,13.1,14876.34
2003-12-09,36.7,21.4,29,0,0,4,30480.33
2003-12-10,38.9,18.1,27.5,0,0,6.3,30445.84
2003-12-11,38.8,20.6,29,0,0,4,26856.98
2003-12-12,37.9,23.3,29,0,0,4.8,30430.73
2003-12-13,43.4,21.4,31.1,0,0,3.9,29736.52
2003-12-14,47.3,25.2,35.1,0.102,4,12.8,27158.15
2003-12-15,34.8,18.2,29,0.024,1,15,30462.78
2003-12-16,32,8.9,20.8,0,0,3.3,30479.6
2003-12-17,36.3,11.6,23.5,0,0,3.4,30459.04
2003-12-18,41.3,18.1,28.9,0,0,3.1,30442.4
2003-12-19,42.5,20.9,30.6,0,0,2.7,30429.71
2003-12-20,44.7,21.8,32,0,0,2.8,30376.15
2003-12-21,48.8,29,37.6,0.012,2,8.1,30416.32
2003-12-22,42.2,23.6,34,0.028,3,7.3,30415.68
2003-12-23,38.8,16.6,27.3,0,0,4.5,30419.11
2003-12-24,42.1,23.7,31.2,0,0,4.3,27100.1
2003-12-25,41.1,26,33.8,0.063,7,7.3,13166.03
2003-12-26,40.8,25.9,36.4,0.224,13,22.5,29314.25
2003-12-27,28.1,18.4,24.1,0,0,13.9,30473.88
2003-12-28,26.5,10.8,18.3,0,0,4.9,30497.92
2003-12-29,30.3,9.4,19.7,0,0,7.8,19621.67
2003-12-30,36.5,23.1,28.4,0.118,9,4.3,16198.63
2003-12-31,41.6,18.8,28.7,0,0,3.1,30597.5
2004-01-01,41.6,22.1,33.5,0,0,13.8,19232.31
2004-01-02,44.3,30.4,38.7,0.268,10,15.1,29390.14
2004-01-03,33.5,16.9,28.7,0.138,13,8.8,30735.81
2004-01-04,22.7,5.9,16.8,0,0,6.7,30789.96
2004-01-05,22.2,-3.6,8.7,0,0,3.4,30847.92
2004-01-06,25.4,-2.5,12.4,0,0,3.3,27122.48
2004-01-07,30.1,14.8,22.5,0.008,2,2.5,8635.64
2004-01-08,34.2,6.5,21.5,0,0,2.5,31043.49
2004-01-09,36.8,16.4,25.7,0,0,2.3,31115.49
2004-01-10,38.3,17,27,0,0,2.7,31190.68
2004-01-11,38.3,17.2,27.2,0,0,2.7,31268.96
2004-01-12,38.3,18.9,27.7,0,0,2.5,31350.17
2004-01-13,37.6,16.6,26.6,0,0,3.4,31434.23
2004-01-14,38.7,16.1,26.8,0,0,3.1,31520.99
2004-01-15,37.1,21.7,29.1,0.004,1,4.3,10842.14
2004-01-16,37.1,26.1,31,0,0,3.8,31702.15
2004-01-17,39.1,17.3,28.3,0,0,3.6,31796.32
2004-01-18,37.9,14.1,26.1,0,0,3.1,31893.46
2004-01-19,37,16.4,27,0,0,2.9,28086
2004-01-20,38.6,23.5,29.5,0,0,6.7,32098.52
2004-01-21,36.1,16.7,27.1,0,0,4.6,32206.05
2004-01-22,37.1,13.8,25.6,0,0,2.5,32319.36
2004-01-23,40.4,14.1,27.1,0,0,3.4,32397
2004-01-24,40.2,15.3,28,0,0,4.1,32400
2004-01-25,32.6,19.7,26,0.075,6,15,31860.9
2004-01-26,30,9.7,20.4,0,0,6.3,32454.55
2004-01-27,36.3,8.1,21.7,0,0,3.7,32431
2004-01-28,39.8,13.1,26.3,0,0,3.4,32596.8
2004-01-29,42.4,17.8,29,0,0,4.6,32621.47
2004-01-30,47.4,19,31.9,0,0,5.2,32438.86
2004-01-31,35.2,25.9,29.9,0.161,16,8.1,3176.42
2004-02-01,31.2,15.6,23.1,0,0,4.1,33067.41
2004-02-02,35.3,8.9,23,0,0,5.4,25157.83
2004-02-03,33.1,24.2,28.8,0.193,14,4.6,0
2004-02-04,34.7,22.7,28.1,0.02,3,8.4,26888.9
2004-02-05,34.4,23.7,28.3,0,0,10.1,32463.41
2004-02-06,33.1,5.3,20.5,0,0,4.6,33982.59
2004-02-07,31.7,5.5,19.6,0,0,4.9,25894.55
2004-02-08,35.7,16.8,24.9,0,0,6.3,33833.34
2004-02-09,32.1,11.4,21.7,0,0,5.8,33950.11
2004-02-10,31.7,7.7,20.4,0,0,4.1,34778
2004-02-11,30.2,13.7,20.9,0,0,11.5,34728.5
2004-02-12,23.8,8.3,15.8,0,0,9.3,35067.2
2004-02-13,29.6,0.6,15,0,0,3.6,35213.87
2004-02-14,36.1,8.2,22.7,0,0,3.6,31232.21
2004-02-15,39.1,14.4,26.8,0,0,3.4,35510.55
2004-02-16,45.2,15.9,29.8,0,0,3.8,34452.1
2004-02-17,51.3,21.7,35.4,0,0,4.9,35560.73
2004-02-18,56.1,27.2,39.6,0,0,5.1,28800
2004-02-19,49.2,35.3,41.3,0,0,13.8,35002.24
2004-02-20,44.4,24.3,34.4,0,0,5,36264.78
2004-02-21,46.1,29.7,36.7,0.165,12,4.7,32161.86
2004-02-22,46.1,27.3,36.2,0.13,12,7.4,28570.68
2004-02-23,49.4,26.6,38.8,0.028,4,4.3,34453.04
2004-02-24,45.4,32.7,38.3,0.087,12,4.4,25097.11
2004-02-25,50.3,27.7,38,0,0,6.7,37023
2004-02-26,52,29.4,39.9,0.043,3,14.5,26582.23
2004-02-27,48.4,31,39.2,0.484,17,8.1,9373.82
2004-02-28,40.4,28.3,35,0.071,10,12,37475.79
2004-02-29,42.2,26.6,33.1,0.063,7,10.1,37628.28
2004-03-01,41.6,22.2,32.3,0,0,5,37781.6
2004-03-02,44.3,26,34.8,0.004,1,4.5,37099.95
2004-03-03,46.8,29.1,37.2,0,0,5,38090.25
2004-03-04,44.4,25.4,34.5,0.004,1,11.9,38245.34
2004-03-05,44.1,29,35.4,0,0,9.9,38400.79
2004-03-06,53.6,26.5,39.8,0,0,13.9,38556.48
2004-03-07,53.7,32.9,43.3,0,0,5,38712.32
2004-03-08,60.1,30.9,44.8,0,0,5.9,38868.17
2004-03-09,63.4,30.6,47.1,0,0,5.8,39023.94
2004-03-10,60.3,35.7,47.3,0,0,8.9,39179.52
2004-03-11,59.4,32.1,45,0,0,6.4,39334.8
2004-03-12,62.9,29.3,47.3,0,0,8.1,39440.18
2004-03-13,62.3,41.3,50.8,0,0,5.6,39500.82
2004-03-14,64.8,42,52.4,0,0,15.3,39561.11
2004-03-15,61.2,43,51,0,0,11.7,39669.38
2004-03-16,62,43.6,52.4,0,0,10.4,39684.5
2004-03-17,65,43.7,53.8,0,0,9.1,39741.98
2004-03-18,67.4,41.3,54.6,0,0,5.4,39886.68
2004-03-19,76.7,37.1,58.3,0,0,8.1,39975.48
2004-03-20,77.6,40.2,60.9,0,0,5.3,40141.3
2004-03-21,77.9,40.1,60.6,0,0,9.2,40326.7
2004-03-22,79.1,40.4,62.2,0,0,11.3,40329.1
2004-03-23,77.5,47.4,62.4,0.012,2,17.9,33988.57
2004-03-24,74.9,45.2,61.4,0,0,18.5,39453.56
2004-03-25,75.6,43.4,62.5,0,0,15.1,41061.39
2004-03-26,70.3,44.8,55.9,0.004,1,23.8,32061.5
2004-03-27,55,39.1,46.7,0,0,18.1,41461.61
2004-03-28,57.8,33.5,46.7,0,0,10.1,41711.38
2004-03-29,64.4,35.5,52.3,0,0,4,41902.02
2004-03-30,73,32.8,55.5,0,0,6.5,42097.79
2004-03-31,77.6,36.9,59.5,0,0,14.7,42060.07
2004-04-01,70.4,44.1,58.9,0.039,4,10.1,39539.47
2004-04-02,74,49.4,59,0.146,11,16.7,32947.85
2004-04-03,59.1,46.4,51.1,0.213,14,10.2,33073.25
2004-04-04,58.4,38.7,50.1,0,0,9.3,42125.3
2004-04-05,54.9,43.9,49.4,0.142,10,8.7,35628.43
2004-04-06,61.7,38.8,51.4,0,0,4.7,43091.3
2004-04-07,60.1,40.6,51.8,0.043,6,7.2,41382.3
2004-04-08,61.8,40.8,52.1,0.004,1,11.9,42137.87
2004-04-09,63.1,43.9,52.5,0.004,1,15.9,43672.34
2004-04-10,51.4,35.2,43.3,0.012,2,13.7,43195.77
2004-04-11,56.6,31.4,45.1,0,0,9.4,43955.96
2004-04-12,63.9,36.5,51.5,0,0,4.8,44097.3
2004-04-13,72.3,35.4,56.5,0,0,12,43366.36
2004-04-14,71.4,44.9,60.6,0,0,18.8,42862.74
2004-04-15,73.1,41.2,60.5,0,0,18,43278.09
2004-04-16,74.7,49,63.3,0,0,18.3,43141.01
2004-04-17,74.5,44.2,61.8,0,0,23.7,44795.49
2004-04-18,62.8,45.2,53.8,0.008,1,18.3,44932.74
2004-04-19,65.7,37.1,52.6,0,0,19.4,42258.7
2004-04-20,65,44.3,54.9,0,0,15,45204.05
2004-04-21,61.4,45.5,53.5,0.004,1,14.8,45307.3
2004-04-22,53.3,40.5,46.3,0.307,17,13.5,28910.49
2004-04-23,55.6,39.8,47.3,0.083,7,16.1,36604.19
2004-04-24,63.3,34.4,50.8,0.004,1,10.5,45469.73
2004-04-25,64.8,42.5,54.6,0,0,5,45526.64
2004-04-26,72,39.4,58.8,0,0,5.4,45616.32
2004-04-27,78.5,43.2,64.1,0,0,12.4,45122.32
2004-04-28,80.3,50.2,65.6,0,0,25.5,43869.94
2004-04-29,57.4,40.4,49.5,0.161,12,9.2,32257.01
2004-04-30,55,36.3,45,0.386,12,7.4,30445.55
2004-05-01,62.6,37,51.6,0,0,5.9,46075.27
2004-05-02,69.2,39.6,57,0,0,6.2,46208.88
2004-05-03,76.5,42.5,61.5,0,0,7.3,46349.59
2004-05-04,83.8,45.9,67.7,0,0,13.2,46496.82
2004-05-05,85.6,52.6,70.6,0,0,18.1,46650.06
2004-05-06,83.6,54.5,70.8,0,0,14.8,46808.88
2004-05-07,82.1,55.4,70.5,0,0,11.1,46972.77
2004-05-08,83.4,58.3,71.7,0,0,10,47046.31
2004-05-09,84.4,56,71.6,0,0,10.8,47314.14
2004-05-10,86.6,49.7,71.8,0,0,22,47490.84
2004-05-11,70.8,53.4,62.6,0.031,4,17.3,47566.83
2004-05-12,62.9,44.6,54.3,0.004,1,13.6,45913.63
2004-05-13,66.3,44.3,55.1,0,0,12,47930.88
2004-05-14,74,44.5,61.3,0,0,11.2,47444.54
2004-05-15,81.6,47.8,67.6,0,0,8.7,43200
2004-05-16,83.9,59.2,73.9,0,0,15.8,47021.41
2004-05-17,80.3,61.1,71,0,0,16.5,24834.68
2004-05-18,83.9,56,72.7,0,0,22.4,44905.05
2004-05-19,85.3,63,75.2,0,0,17,47977.56
2004-05-20,83,56.6,72.1,0,0,19.6,45176.92
2004-05-21,77.7,56.4,69.5,0,0,20.4,47443.1
2004-05-22,74.3,54.9,66.2,0.008,1,15.9,48662.8
2004-05-23,78.6,52.5,67.5,0,0,20.3,45229.36
2004-05-24,75.4,54.6,65.4,0,0,13.1,48732.2
2004-05-25,78.5,51.8,65,0,0,16,48764.51
2004-05-26,77.6,53.4,66.3,0,0,12.3,48795.2
2004-05-27,82.2,59.1,71.8,0,0,9.9,48824.28
2004-05-28,85.9,56.5,73.8,0,0,21.6,47481.14
2004-05-29,68.8,53.3,61,0.059,4,17.8,39641.47
2004-05-30,72.2,42.6,57.7,0,0,16.3,48943.93
2004-05-31,79.4,48.2,66.2,0,0,9.4,48924.29
2004-06-01,85.3,55.2,72.5,0,0,8.1,48945.16
2004-06-02,90.4,56,76.4,0,0,9.6,49005.94
2004-06-03,94.1,59.3,80.1,0,0,12.2,49137.07
2004-06-04,94.6,58.7,80.6,0,0,13.4,49097.09
2004-06-05,93.6,66.8,81.9,0,0,9.5,49112.28
2004-06-06,98.2,60.5,83.6,0,0,15.4,49125.39
2004-06-07,94.5,66.5,83.2,0,0,18.2,49270.14
2004-06-08,92.2,65.9,80.4,0,0,16.9,49352.11
2004-06-09,88.8,63.1,77.2,0,0,22.6,49222.25
2004-06-10,73.5,54.4,63.7,0.004,1,15.9,49228.44
2004-06-11,78.1,50.3,66.1,0,0,11,49056.53
2004-06-12,82.7,55.4,71.4,0,0,9.3,47130.64
2004-06-13,90.9,59.1,78.2,0,0,10.4,49312.89
2004-06-14,93.9,62.1,81,0,0,10.4,49053.84
2004-06-15,93.6,65.6,81.6,0,0,11.9,49147.42
2004-06-16,88.6,69.1,79.1,0.004,1,12.5,48249.45
2004-06-17,83.9,64.7,74.7,0.024,2,11.5,43254.39
2004-06-18,86.6,59.2,74.1,0,0,12,49027.55
2004-06-19,90.9,58.8,78,0,0,15.1,49541.62
2004-06-20,91.1,59.1,78.7,0,0,13.2,49005.68
2004-06-21,78,62.9,71.9,0,0,11.6,49348.06
2004-06-22,82.8,55.2,71.2,0,0,10.9,49688.53
2004-06-23,88.1,55.9,75.8,0,0,7.4,49765.02
2004-06-24,91.1,58.5,78.6,0,0,14.6,49126.2
2004-06-25,90.3,63.5,79,0,0,9.7,47830.62
2004-06-26,87.4,65.7,77.1,0.016,2,12.7,48910.47
2004-06-27,88.3,61.9,77.1,0,0,8.2,48979.33
2004-06-28,87.8,59.7,76.9,0.004,1,11.3,48957.04
2004-06-29,80.1,65.8,73.8,0,0,7.4,46265.07
2004-06-30,86,62.1,75.7,0,0,9.6,48627.38
2004-07-01,90.4,58.4,77.2,0,0,12,49593.54
2004-07-02,91.9,57,77.9,0,0,16.5,49384.78
2004-07-03,91.1,60.7,78.9,0,0,14.1,49440.43
2004-07-04,90,65.7,78.9,0,0,13.8,48485.53
2004-07-05,92.9,62.7,80.2,0,0,14,46687.23
2004-07-06,92.1,68.2,81.5,0,0,8.5,49158.41
2004-07-07,97.6,64.1,84.5,0,0,15.6,49035.11
2004-07-08,94.6,68.5,84,0,0,12.8,48828.61
2004-07-09,94.9,65.1,83.1,0.004,1,16.3,42629.23
2004-07-10,92.6,66,82.4,0,0,10,48996.43
2004-07-11,97.7,64.5,83.9,0,0,11,49032.42
2004-07-12,99.1,67.2,86,0,0,6.5,48750.61
2004-07-13,98.1,71.3,87.2,0.008,2,7.6,48211.96
2004-07-14,97.4,73.8,87.2,0,0,8,47991.44
2004-07-15,95.6,73.4,84.7,0.016,1,13.2,48065.94
2004-07-16,93.9,74.7,84.2,0.028,1,8.1,48159.83
2004-07-17,92.7,69.5,82.8,0,0,8.5,47816.73
2004-07-18,94,70.4,83.8,0,0,16.7,47908.57
2004-07-19,94.3,70,83.4,0.004,1,8.8,47720.34
2004-07-20,93.2,68.8,83.1,0,0,9,47772.04
2004-07-21,94.8,69.9,84.1,0,0,12.6,47851.36
2004-07-22,95.1,70.4,84.4,0,0,11.2,47777.61
2004-07-23,92.7,69.5,82.2,0.004,1,10.3,47530.88
2004-07-24,89.3,66,78.9,0.004,1,10.6,47425.18
2004-07-25,89.3,63.7,78.4,0,0,7.9,47412.11
2004-07-26,90.7,66.8,80.1,0,0,9.7,47057.63
2004-07-27,88.6,66.9,78.1,0.035,3,9.7,45221.38
2004-07-28,87.5,64,77.5,0,0,9.3,47214.62
2004-07-29,93.7,61,81.5,0,0,10,47198.06
2004-07-30,95.7,62.2,82.5,0,0,12.5,47113.75
2004-07-31,96.9,67,85.1,0,0,11,47104.39
2004-08-01,96.2,66.1,83.9,0,0,9.4,46800
2004-08-02,90.6,68,81.7,0,0,11.4,46896.48
2004-08-03,89.8,64.5,79.5,0,0,9.1,46841.54
2004-08-04,94.4,66.9,82.8,0,0,9.6,46779.7
2004-08-05,88.9,71.5,80.6,0.028,3,13.5,37001.51
2004-08-06,91.3,65.7,79.7,0.024,1,18.1,43268.91
2004-08-07,90.8,66.2,80.4,0,0,11.3,46496.61
2004-08-08,93.2,67.4,81.1,0,0,7.4,46469.15
2004-08-09,96.4,60.2,82.1,0,0,9.7,46365.28
2004-08-10,96.3,68.5,84.8,0,0,13.5,46292.34
2004-08-11,95.8,64.4,83.2,0,0,9.1,46221.39
2004-08-12,94.7,63.8,81.7,0,0,8.2,46149.17
2004-08-13,93.7,63.5,81.3,0,0,6.9,46075.73
2004-08-14,92,61,79.4,0,0,7.5,46001.17
2004-08-15,90.6,66,79.9,0,0,8.8,44451.63
2004-08-16,88.4,66.9,77.4,0.016,3,9.6,42349.14
2004-08-17,84.8,67,76.2,0.031,1,12.2,45696.6
2004-08-18,81.3,63.1,73,0,0,7.7,44175.18
2004-08-19,81.6,63.4,73,0.004,1,8.1,45437.12
2004-08-20,84.7,63.7,75,0,0,7.4,45306.36
2004-08-21,84.2,62.7,75.4,0,0,10.1,45175.03
2004-08-22,87.2,59.8,75.6,0,0,15,45043.25
2004-08-23,83.8,66.7,76.7,0,0,17.1,41562.61
2004-08-24,84.7,65.6,75.5,0,0,17.4,44013.35
2004-08-25,87.8,57.8,75.2,0,0,17,44645.31
2004-08-26,88.4,67.6,77.8,0,0,16.8,44510.53
2004-08-27,76.5,59.2,67.8,0,0,7.5,44374.39
2004-08-28,83.1,52.4,70,0,0,8.5,44237
2004-08-29,86.1,59.7,74.6,0,0,6.3,44098.46
2004-08-30,89.7,56.8,76,0,0,7.2,43958.86
2004-08-31,90.4,60.4,77.6,0,0,8.4,43818.29
2004-09-01,92.4,56.1,77.4,0,0,7.7,43676.85
2004-09-02,93,59.2,79.3,0,0,20.2,42746.54
2004-09-03,84.8,61.9,75.7,0.075,5,23.3,39790.7
2004-09-04,62.6,52.4,58.1,0.441,14,10.1,35206.73
2004-09-05,67.7,47.5,58.5,0,0,5.1,42795.68
2004-09-06,75.2,48.6,63.2,0,0,3.9,42635.02
2004-09-07,79.8,49.5,65.8,0,0,5.3,42482.06
2004-09-08,85,50.5,69,0,0,10.2,42276.73
2004-09-09,87.8,54.1,72.8,0.004,1,14.9,38350.95
2004-09-10,82.8,60.1,71.3,0.051,5,6.5,41937.44
2004-09-11,86.6,55.3,73,0,0,11.1,41847.12
2004-09-12,88.4,59.6,76.2,0.004,1,19.6,41799.29
2004-09-13,87.8,66.6,78,0,0,14.6,41749.14
2004-09-14,81.9,60.7,71.7,0.004,1,20.9,41690.32
2004-09-15,74.2,52,62.8,0,0,5.1,41637.75
2004-09-16,85.6,48.7,69.2,0,0,8.7,41508.59
2004-09-17,89.3,54.4,73.4,0,0,15.8,41360.23
2004-09-18,85.2,57.9,72.3,0.02,1,18.8,41066.47
2004-09-19,73.6,61.6,66.3,0.5,14,21.3,34341.5
2004-09-20,65.9,52.5,60.8,0,0,17.7,40910.82
2004-09-21,54.2,44.1,49.8,0.122,10,8.3,26004.63
2004-09-22,57.5,41.1,49.7,0,0,8.4,40608.5
2004-09-23,65.8,38,53,0,0,5.4,40456.8
2004-09-24,71.3,43.7,58,0,0,9.5,40304.86
2004-09-25,72.8,47,60.2,0,0,5.1,40152.77
2004-09-26,75.8,46.1,61.6,0,0,6.7,40000.64
2004-09-27,79.2,46.5,64.3,0,0,7.6,39848.54
2004-09-28,80.6,47,65.1,0,0,11.5,39140.94
2004-09-29,65.2,52.5,58.4,0.429,20,9.2,23911.08
2004-09-30,61.5,46.6,54.5,0.039,5,7.9,38194.82
2004-10-01,65.7,44.9,55.7,0,0,6.4,38878.69
2004-10-02,69.1,43.3,56.7,0,0,6.5,38855.95
2004-10-03,70.3,42.7,56.9,0,0,7.5,38654.07
2004-10-04,71.3,44.1,58.2,0,0,6.8,38457.35
2004-10-05,60.5,49.6,55.2,0.043,4,6.2,36653.37
2004-10-06,68.1,42.7,56,0,0,6.8,37928.13
2004-10-07,70.6,40.9,56.7,0,0,5.8,37969.46
2004-10-08,74.4,42.7,59.5,0,0,4.7,37790.75
2004-10-09,78.1,41.6,60.3,0,0,9.8,37618.57
2004-10-10,73.7,46.1,60.8,0,0,8.5,34609.79
2004-10-11,68.8,51.3,60.1,0,0,6.7,36658.34
2004-10-12,69.5,44.1,58.9,0,0,5,36166.98
2004-10-13,64,49,55.9,0,0,16,36857.73
2004-10-14,66.9,39.5,55.2,0,0,4.4,36659.84
2004-10-15,74.6,50.5,62.1,0,0,10.8,36270.84
2004-10-16,77.8,41.6,62.5,0,0,13.2,36164.57
2004-10-17,66.6,50.7,59.4,0,0,18.7,34578.86
2004-10-18,61,51.7,56.1,0.024,3,16.6,36039.73
2004-10-19,63.2,49.6,56.6,0.02,3,18.4,25662.11
2004-10-20,69,52.4,60.9,0,0,20.7,33511.52
2004-10-21,64.7,52.3,57.2,0.236,14,20.4,11309.73
2004-10-22,53.3,42.1,46.9,0.248,13,18.7,26359.62
2004-10-23,58.7,33.2,45.9,0,0,10.8,35811.6
2004-10-24,53.3,41.7,47.3,0.122,11,4.6,15622.83
2004-10-25,59,37.1,47.2,0.028,1,11.5,35633.02
2004-10-26,63.2,37.9,50.1,0,0,9.7,34378.5
2004-10-27,63.6,44.7,54.1,0,0,13.7,25557.3
2004-10-28,51.2,39.9,45.6,0.689,24,11.7,0
2004-10-29,48.4,31.9,41,0,0,12.3,33719.08
2004-10-30,49.4,33.2,41.3,0,0,4.1,34910.33
2004-10-31,46.6,30.3,38.6,0.008,2,13.8,34767.07
2004-11-01,41.6,25.5,32.7,0,0,16.4,34624.58
2004-11-02,44.4,25.7,34.5,0,0,4.9,34483
2004-11-03,48.8,27.6,38,0,0,3.9,34342.49
2004-11-04,54.8,30.9,42,0,0,4.8,34203.2
2004-11-05,57.5,30.9,44.4,0,0,3.7,34065.31
2004-11-06,58.6,34.4,46.2,0,0,3.2,33928.98
2004-11-07,60.1,35.4,47.9,0,0,4.3,33376.4
2004-11-08,59.5,46,50.8,0.039,3,9.3,20637.26
2004-11-09,50.9,39.6,46,0.299,12,6.5,31977.39
2004-11-10,53.3,36.4,44.6,0,0,4.3,31273.08
2004-11-11,55.2,36.3,44.9,0.008,2,9.3,33276.81
2004-11-12,49.6,32.8,42,0.138,14,5.1,32498.14
2004-11-13,48.2,38,42.5,0.083,9,6.4,31447.71
2004-11-14,48.1,37.9,42.3,0.024,3,4.7,24417.89
2004-11-15,50.6,32.4,41.4,0,0,3.3,32793.88
2004-11-16,49.6,34.9,42.5,0,0,3.1,32475.89
2004-11-17,51.4,38,43.8,0,0,3.3,32560.73
2004-11-18,51.3,35.9,43.1,0,0,3.4,32446.59
2004-11-19,49,32.4,40.6,0,0,3.9,30574.27
2004-11-20,39.8,32.8,36.2,0.13,12,5.1,22112.57
2004-11-21,41.2,28.4,34.6,0.205,12,7.3,23860.41
2004-11-22,46.5,25.2,34.6,0,0,3,31290.97
2004-11-23,43.5,25.3,33.8,0,0,5.5,31652.06
2004-11-24,40.9,24.7,32.6,0,0,6.5,31493.58
2004-11-25,46.3,25.8,35.1,0.004,1,3.7,29672.83
2004-11-26,45,32.5,37.2,0.02,3,11.1,31022.37
2004-11-27,39,26.9,33.4,0.256,11,5.8,777.28
2004-11-28,33.5,21.3,28.4,0.236,16,9.1,25549.44
2004-11-29,23.7,5.2,17.9,0,0,10.3,30754.11
2004-11-30,24.7,-6.6,8.6,0,0,3.2,31016.16
2004-12-01,26.5,-0,13.2,0,0,3.4,30700.41
2004-12-02,25.9,1.1,13,0,0,3.5,30739.09
2004-12-03,27.3,2.5,14.6,0,0,3.1,30711.35
2004-12-04,30.8,-0.7,17.5,0,0,2.8,27849.67
2004-12-05,32,20.8,25.8,0.039,8,3.4,27623.57
2004-12-06,32.6,13.7,23.6,0.004,1,4,26515.29
2004-12-07,36.8,8.3,25.5,0.051,4,8.6,23515.74
2004-12-08,38,27.7,32.2,0.039,4,9.4,13624.39
2004-12-09,44.5,23.1,32.9,0,0,6.1,30450.83
2004-12-10,46.1,23.3,33.6,0,0,2.7,30426.94
2004-12-11,45.2,24.4,33.7,0,0,2.3,30434.83
2004-12-12,46.3,25.4,34.4,0,0,3,30437.45
2004-12-13,45.9,28.7,36.2,0,0,2.6,30449.92
2004-12-14,45,24.2,33.4,0,0,2.7,30464.54
2004-12-15,42.1,27,33.1,0,0,5.3,30481.25
2004-12-16,42,26.9,32.7,0,0,6.5,30459.46
2004-12-17,40.4,25.6,32.3,0,0,3.2,30440.93
2004-12-18,43.4,26.3,33.6,0,0,2.5,30426.56
2004-12-19,43.4,23.1,32.3,0,0,3,30416.41
2004-12-20,44,22.2,33.9,0,0,3.5,26140.33
2004-12-21,38.5,22.8,32.2,0,0,6.8,30409.04
2004-12-22,32,20.1,25.1,0,0,8.4,30411.93
2004-12-23,25.2,13.7,20.2,0,0,13.4,30419.6
2004-12-24,28.8,12.2,20.1,0,0,3.1,30431.81
2004-12-25,38,16.4,26.7,0,0,2.5,30448.42
2004-12-26,42.5,19.7,30.5,0,0,3.1,29307.34
2004-12-27,45.4,28.9,36.7,0,0,2.5,9394.29
2004-12-28,48.7,28.4,36.3,0,0,5.9,30523.82
2004-12-29,47.9,33,38.9,0.555,17,14.6,5085.91
2004-12-30,45.4,31.8,37.7,0,0,17.1,30594.62
2004-12-31,45.1,33.6,38.6,0.008,1,12.7,887.82
2005-01-01,44.6,29.5,38,0.008,1,14.5,30681.05
2005-01-02,46,28.6,36.1,0.004,1,3.4,24310.6
2005-01-03,41.3,30.7,35.7,0.465,21,7.5,7631.7
2005-01-04,46.3,32.2,37.8,0.295,15,6.8,27645.07
2005-01-05,37.4,26.5,32.2,0.114,9,12.7,18637.67
2005-01-06,33.6,23.2,27.4,0.039,4,11.1,29832.59
2005-01-07,32.2,12.1,22.1,0.024,3,8.3,22372.5
2005-01-08,41.5,26.1,35.3,0.047,5,14.5,20008.81
2005-01-09,49,40.7,43.4,0.161,9,16.2,19607.82
2005-01-10,52.3,39.8,44.8,0.169,11,14.1,27856.15
2005-01-11,49.9,34.5,41.9,0.39,16,17.3,16727.24
2005-01-12,35.8,23,29.9,0.276,8,13.9,31403.91
2005-01-13,33.5,4.5,20.2,0,0,3.4,31489.68
2005-01-14,38,8.4,22.3,0,0,3.1,31579.28
2005-01-15,40.5,12.8,25.6,0,0,2.9,31672.51
2005-01-16,42.1,18.7,29.4,0,0,3.6,31769.2
2005-01-17,44.3,23,32.5,0,0,3.5,31869.14
2005-01-18,45.9,23.3,33.8,0,0,3.1,31972.17
2005-01-19,48.7,27.4,37,0,0,2.7,32078.08
2005-01-20,49.2,28.5,37.7,0,0,3.1,32186.71
2005-01-21,49.9,27,38,0,0,4,32297.87
2005-01-22,50.2,27.8,39.1,0,0,3,32389.56
2005-01-23,50.6,28.3,38.9,0,0,3.4,32416.6
2005-01-24,47.4,27.1,37.6,0,0,4,32407.19
2005-01-25,45.8,27.5,37.1,0,0,3.8,32356.37
2005-01-26,47.7,31.1,39.2,0.138,8,4,11862.67
2005-01-27,47.7,36.2,41,0.374,24,6.5,23932.88
2005-01-28,46.7,33.3,39.2,0.039,5,5.2,32400
2005-01-29,45.7,28.9,36.2,0.004,1,6.8,30070.67
2005-01-30,44.8,29.8,36.1,0,0,12,32732.41
2005-01-31,42.2,28.8,34,0,0,7.8,32501.64
2005-02-01,42.8,26.6,32.9,0,0,10.5,33169.54
2005-02-02,42.8,25.6,33.5,0,0,6.2,33418.2
2005-02-03,44.8,26.8,35.2,0,0,3.4,33613.06
2005-02-04,46.6,25.5,36.5,0,0,3.7,33788.61
2005-02-05,46.3,25.2,36.2,0,0,6.1,33687.93
2005-02-06,45.8,30,37.2,0,0,7.1,33172.66
2005-02-07,45.1,32.5,37.7,0.157,12,13.4,29938.43
2005-02-08,38.6,27.2,32.2,0,0,6.9,34251.32
2005-02-09,41.6,23.4,31.6,0,0,4.6,34748.29
2005-02-10,45.2,23.5,33.8,0,0,4.2,32242.46
2005-02-11,43.9,29.8,35.7,0.165,6,3.1,4856.97
2005-02-12,45.3,35.1,39.4,0.26,11,6.8,3376.98
2005-02-13,47.6,31.6,39.2,0,0,5.2,33820.57
2005-02-14,52.4,31.2,40.7,0,0,9.8,34582.12
2005-02-15,48.7,34.1,40.7,0,0,9.7,34820.38
2005-02-16,45.1,34.4,38.6,0.043,6,7.1,30007.73
2005-02-17,46.1,27.1,36.6,0,0,5,35929.26
2005-02-18,45.5,32,38.2,0.055,4,4.1,15231.21
2005-02-19,49.4,35.4,41.5,0.138,11,15.3,35056.54
2005-02-20,49.5,33,39.8,0.008,2,15.1,35375.92
2005-02-21,49.7,27.4,38.2,0.055,7,5.1,26047.89
2005-02-22,48.4,33.5,39.8,0.15,15,5.5,27958.8
2005-02-23,44.2,33.4,38.4,0.248,15,6,30567.97
2005-02-24,47.2,29.6,37,0,0,5,36976.82
2005-02-25,45.1,31.7,37.8,0,0,6.3,36086.77
2005-02-26,46.1,30.6,38.1,0.004,1,5.1,37283.43
2005-02-27,48,28.9,38.2,0,0,4.1,37437.76
2005-02-28,50,29.9,40.3,0,0,6.2,37592.62
2005-03-01,49.7,36.5,41.9,0,0,10.5,37747.88
2005-03-02,50.1,30.9,40.3,0,0,5.2,36213.47
2005-03-03,48.9,33.5,40.6,0.118,9,5.6,29110.79
2005-03-04,50.7,30.1,40.8,0,0,5.5,35902.35
2005-03-05,53.7,34.9,43.8,0.043,4,4.3,36465.93
2005-03-06,55.3,29.6,43.8,0,0,6.2,38526.06
2005-03-07,55.8,36.8,46.9,0,0,6.5,38681.27
2005-03-08,57.4,37.4,47,0,0,11.8,38836.07
2005-03-09,60.5,35,47.5,0,0,4.5,38990.38
2005-03-10,61.3,41,50.3,0,0,9.6,39144.07
2005-03-11,60.3,35.5,48.4,0,0,5.7,39297.04
2005-03-12,65,36.7,50.8,0,0,12.7,39426.38
2005-03-13,47,33.7,41.6,0,0,13.7,39492.47
2005-03-14,41.8,24.7,33.3,0.004,1,13.2,39553.66
2005-03-15,44.2,22.3,33.5,0,0,7.3,39664.96
2005-03-16,54.2,31.2,42.7,0,0,11.8,38834.56
2005-03-17,56.4,33.9,44.9,0,0,18.3,39605.94
2005-03-18,53.3,35.6,44,0,0,10.7,39750.46
2005-03-19,56.1,31.3,44.5,0.008,2,15,39875.06
2005-03-20,51.1,37.5,43.4,0.236,10,19.2,31266.83
2005-03-21,51.4,34.6,42.5,0.004,1,8.6,40169.06
2005-03-22,56.5,30,44.4,0.02,3,9.4,33201.57
2005-03-23,52.7,38.9,45.4,0.11,10,20.9,37322.59
2005-03-24,53.2,33.5,43.5,0.016,1,8.7,40166.47
2005-03-25,44.5,34.7,38.4,0.319,22,9.6,27994.6
2005-03-26,46.9,30.8,38.4,0.075,4,13.2,40513.5
2005-03-27,53,24.4,39,0,0,5.8,41249.08
2005-03-28,58.7,36.8,46.4,0.063,6,19.5,22906.88
2005-03-29,51.2,35.4,42.5,0.075,7,13,37660.78
2005-03-30,44.7,29.9,38,0.071,6,16.2,38809.02
2005-03-31,45.2,26.5,35.4,0,0,14.5,42189.48
2005-04-01,52.8,24.4,38.7,0,0,4.5,42306.23
2005-04-02,64.9,26.8,46,0,0,6.4,42164.64
2005-04-03,69.5,38.3,54.2,0,0,18.2,41006.46
2005-04-04,62.6,42.7,53.2,0,0,19.6,28680.29
2005-04-05,57.7,33.5,45.9,0,0,11.4,43059.75
2005-04-06,65,38.4,50.9,0,0,7.1,43204.9
2005-04-07,74.4,36.2,56.5,0,0,16.6,42970.13
2005-04-08,62.2,46.1,55.1,0.02,3,25.6,39384.88
2005-04-09,54.7,37.5,46.4,0.067,5,7.2,40961.54
2005-04-10,55.7,38.4,45.9,0.031,4,15.8,40374.18
2005-04-11,56.2,36,46.6,0,0,7.9,43925.53
2005-04-12,64.4,34.9,51.3,0,0,5.7,44067.97
2005-04-13,74.6,34.8,57,0,0,17.3,43233.77
2005-04-14,66.1,45.2,55.7,0,0,10.1,44350.39
2005-04-15,68.5,41.6,55.8,0,0,7.1,44490.17
2005-04-16,75.5,42.6,60.8,0,0,7.1,44628.87
2005-04-17,77.7,42.3,62.3,0,0,15.4,44766.38
2005-04-18,75.7,46.4,63.2,0,0,20.1,44299.54
2005-04-19,70.4,42.7,58.5,0,0,25.3,45037.4
2005-04-20,57.7,40.7,49.9,0,0,13.8,45005.57
2005-04-21,62.1,40.6,52.3,0,0,8.8,45291.95
2005-04-22,67.9,37.2,55.5,0,0,5.6,39600
2005-04-23,76.5,39.2,61.8,0,0,11,43748.54
2005-04-24,61.2,47.3,54.4,0.339,7,15.2,25310.92
2005-04-25,60,42.5,51.4,0.016,2,6.8,45509.11
2005-04-26,65.1,44.2,55.5,0,0,7.9,45602.23
2005-04-27,64.9,42.5,54.9,0.138,6,17.3,40908.1
2005-04-28,64.1,43.4,53.5,0.047,6,18.7,41602.16
2005-04-29,60.6,41.6,50.1,0.035,6,15.4,45726.53
2005-04-30,64,38.9,52.2,0.008,1,11.7,39755.99
2005-05-01,56.9,41.8,50.3,0.024,3,5.3,40510.92
2005-05-02,63.6,38.7,53,0,0,6.5,45163.12
2005-05-03,66.6,45.9,57.2,0,0,7.4,45942.06
2005-05-04,72.5,43.4,59.7,0,0,8.2,46482.52
2005-05-05,78.8,50.2,65.2,0,0,15.8,40947.16
2005-05-06,72,48.6,59.9,0.016,2,23.8,40832.09
2005-05-07,65.6,44.6,54.9,0.024,3,11.8,40919.42
2005-05-08,71.3,49.1,60,0,0,8.5,47029.51
2005-05-09,77.2,46.5,64.4,0,0,19.6,47197.9
2005-05-10,71.3,50.8,61,0.008,1,21.8,25686.43
2005-05-11,62,42.1,52.9,0.008,1,10.6,47027.88
2005-05-12,65.6,44.8,55.3,0.008,1,12.8,41278.32
2005-05-13,70.8,47.1,58.9,0,0,7,47689.63
2005-05-14,74,46.1,62.3,0,0,7.9,44684.27
2005-05-15,79.6,49.8,67.4,0,0,10.1,48113.16
2005-05-16,86.3,52.4,73.2,0,0,21.9,43573.19
2005-05-17,68.6,49.7,60,0.035,2,22.8,48305.06
2005-05-18,78.3,51.7,66,0,0,6.7,48383.22
2005-05-19,89.2,51.3,73.1,0,0,7.1,48489.77
2005-05-20,95,55.9,78.8,0,0,18.7,48575.62
2005-05-21,89.5,68.2,79.4,0,0,9,48615.29
2005-05-22,91.5,63,78.9,0,0,9.8,48653.41
2005-05-23,93.3,61.3,79.8,0,0,13.2,48689.96
2005-05-24,92.6,65.1,79.9,0,0,14.1,48724.91
2005-05-25,84.8,59,74.2,0,0,8.6,48758.24
2005-05-26,84.8,61.3,74.3,0,0,8,48789.91
2005-05-27,84.1,55.6,72.6,0,0,7.3,48819.91
2005-05-28,85.5,64.6,75,0.008,1,10.6,44099.64
2005-05-29,86.3,59.2,75.7,0,0,16.8,48874.77
2005-05-30,74.4,61.1,69,0.016,1,19.5,48899.58
2005-05-31,75.8,51,65.2,0,0,8.1,48922.6
2005-06-01,86.6,53,72.3,0.004,1,17.5,45343.78
2005-06-02,77.2,56.9,66.3,0,0,15.4,48962.99
2005-06-03,58.8,48.8,52.5,0.268,14,13.3,31057.51
2005-06-04,69.4,43.8,57.9,0,0,7.2,49094.42
2005-06-05,83.1,46.2,68,0,0,15.6,49009.08
2005-06-06,81.6,58.2,71.3,0,0,20.6,49057.64
2005-06-07,76.7,55.4,66.8,0,0,22.3,49264.79
2005-06-08,81.3,50.6,67.1,0,0,15.1,49038.62
2005-06-09,74.8,57.3,66,0,0,10.8,28128.28
2005-06-10,72.9,55.6,64.2,0,0,8.5,47936.09
2005-06-11,76.5,48.1,61.9,0.02,3,16,37871.84
2005-06-12,72.4,50.6,62.2,0.008,1,17.4,49384.39
2005-06-13,77.5,54.1,66,0,0,8.8,49466.9
2005-06-14,86.9,52.7,72.9,0,0,5.9,49052.33
2005-06-15,91.4,56.8,77.7,0,0,13.5,49309.74
2005-06-16,91.3,60.4,79.1,0,0,16.5,49472.14
2005-06-17,91.4,62.3,79,0,0,20.1,49553.8
2005-06-18,91.3,62.6,79.1,0,0,18.3,49550.86
2005-06-19,93,62.7,79.8,0,0,15.1,49631.8
2005-06-20,96.4,58.2,81,0,0,6,49452.61
2005-06-21,99.9,63,85.5,0,0,10.6,49094.12
2005-06-22,94.6,69.9,82.7,0.004,1,16.4,46055.69
2005-06-23,88.4,65.1,76.6,0.047,3,9.2,48543.07
2005-06-24,89.3,61.2,77.4,0,0,14.6,48956.43
2005-06-25,90.6,62.7,78,0.008,2,18.5,46031.32
2005-06-26,87.7,61.5,76.1,0.016,2,17.2,49544.02
2005-06-27,90.7,59.8,77.8,0,0,17.5,49701.97
2005-06-28,92.9,63.7,78.4,0.008,1,22.2,43622.37
2005-06-29,85.9,57.1,73.4,0,0,8.9,49474.41
2005-06-30,90.2,63.6,78.4,0,0,7.9,49447.46
2005-07-01,94.8,60.5,81.6,0,0,9.5,49418.76
2005-07-02,98.4,60.8,83.3,0,0,14.3,49477.2
2005-07-03,93.3,68.8,83,0,0,13.2,49444.71
2005-07-04,93.4,66.6,82.1,0,0,8.1,48705.16
2005-07-05,96.4,63.2,83,0,0,9.8,49026.21
2005-07-06,96.7,63.3,82.9,0,0,9.4,49423.7
2005-07-07,97,58.8,82.1,0,0,8.9,49383.87
2005-07-08,97.2,59.2,82.4,0,0,8.4,48920.72
2005-07-09,93.1,64.7,82.7,0,0,15.1,49049.91
2005-07-10,96.3,66.7,84.2,0,0,13.3,49091.07
2005-07-11,96.8,67.7,84.6,0,0,6.1,48967.33
2005-07-12,100.3,68.1,87.4,0,0,5.3,48923.5
2005-07-13,101.5,67.5,89,0,0,4.7,48877.67
2005-07-14,102.7,68.5,89.4,0,0,6.7,48679.65
2005-07-15,100.5,68.8,88.1,0,0,6.7,48560.88
2005-07-16,101.9,72,89,0,0,10.1,48083.75
2005-07-17,101.6,71.5,88.5,0,0,18.4,48537.67
2005-07-18,97.6,71.7,85.6,0,0,6.7,48487.09
2005-07-19,101,70.6,89.1,0,0,9.4,48265.66
2005-07-20,103.4,68.2,89.6,0,0,8.1,48137.07
2005-07-21,103.4,73.8,91.5,0,0,4.6,47854.85
2005-07-22,102.3,73.2,89.9,0,0,11,47683.98
2005-07-23,98,74.1,87.1,0.016,2,15.7,47533.24
2005-07-24,92.9,72.8,83.8,0,0,11.8,45027.66
2005-07-25,93.2,72.2,84,0.004,1,10.4,47325.88
2005-07-26,90.7,67.4,80.5,0,0,7.4,47355.08
2005-07-27,92.4,62.3,80.1,0,0,9.5,47424.22
2005-07-28,95.1,62.8,82.9,0,0,7.7,47326.26
2005-07-29,97.9,62.3,83.9,0,0,10.2,47277.11
2005-07-30,96.5,74.1,85.9,0,0,11.1,47115.94
2005-07-31,97.3,74,86.5,0,0,7.9,47036.96
2005-08-01,90,74.4,83.1,0,0,13,40230.45
2005-08-02,91.6,71.2,82,0.016,2,9.8,46800
2005-08-03,87.3,70.5,77.7,0.071,5,9.1,43200
2005-08-04,87.5,66.8,78.1,0,0,10.6,46665.23
2005-08-05,86.2,65,77.1,0.008,1,10.4,46493.41
2005-08-06,87.3,67,78.4,0.004,1,5.4,46574.83
2005-08-07,90.2,67.5,80,0.008,1,4.6,46509.18
2005-08-08,91.9,66.9,81,0.016,2,7.2,44769.39
2005-08-09,83,69,74.8,0.232,14,6.7,33903.71
2005-08-10,77.8,66.2,71.7,0.185,12,5.4,26924.35
2005-08-11,83.2,62.4,73.5,0,0,5.6,45419.39
2005-08-12,86.5,62.6,76.3,0,0,10.2,46162.47
2005-08-13,87.5,60.9,75.9,0.008,1,9.3,44449.46
2005-08-14,86.5,58.8,74.8,0,0,6.7,46016.5
2005-08-15,84.4,64.7,73.3,0.083,2,9.4,42678.18
2005-08-16,82.5,63,73.4,0,0,11.4,45854.36
2005-08-17,85.2,61.5,74.6,0,0,10,45727.83
2005-08-18,87.8,57.9,75.1,0,0,15.4,45600.75
2005-08-19,86.6,59.8,75.1,0,0,15.7,39344
2005-08-20,86.3,57.7,74.7,0,0,6.1,45344.65
2005-08-21,88.4,57.7,75.7,0,0,8.1,45214.5
2005-08-22,89.5,59.6,77.4,0,0,10.7,45082.84
2005-08-23,88.9,61.1,77.5,0,0,11.2,44949.78
2005-08-24,89.8,61.1,77.5,0,0,10.6,43993.36
2005-08-25,89.9,63.6,78.8,0,0,11.9,44679.88
2005-08-26,90.2,64.1,78.9,0,0,6.7,44543.22
2005-08-27,90.5,59.7,77.6,0,0,8.8,43435.84
2005-08-28,89.2,60.5,77.2,0,0,6.7,44267.02
2005-08-29,94,57.4,78.8,0,0,8.7,44127.65
2005-08-30,93.4,63.6,79,0,0,16.5,43987.56
2005-08-31,83,60.7,72,0,0,7.3,43846.84
2005-09-01,88,53.2,73.2,0,0,7.2,43705.61
2005-09-02,88.4,58,75.7,0,0,7.7,43144.89
2005-09-03,86.5,62.2,74.7,0.016,2,11.5,42271.88
2005-09-04,84.8,60.5,73.7,0,0,10.3,42810.48
2005-09-05,87.3,60.8,75.3,0,0,8,42815.09
2005-09-06,86.8,59,75.1,0,0,9.6,42429.51
2005-09-07,88.1,59.5,76.3,0,0,7,42294.63
2005-09-08,85.5,65.2,75.2,0.272,3,9.6,42014.43
2005-09-09,80.8,64.3,70.5,0.232,6,15.9,42053.43
2005-09-10,78.6,58.2,68.7,0,0,16.6,42095.51
2005-09-11,80.6,57.9,68.7,0,0,15.9,41938.71
2005-09-12,77.5,54.2,66.6,0,0,18.4,41843.09
2005-09-13,75.5,54.7,64.4,0,0,9.9,41761.11
2005-09-14,74,51.6,63.5,0,0,7.9,41708.82
2005-09-15,79.6,46.8,65,0,0,7.9,41650.43
2005-09-16,82.1,50,67.6,0,0,18.7,41541.93
2005-09-17,81.7,54.1,68.8,0,0,13.8,41392.29
2005-09-18,82,50.8,67.9,0,0,11.6,41033.09
2005-09-19,82.7,51.5,68.4,0,0,5.4,41091.87
2005-09-20,86.6,53.4,71.4,0,0,12.3,37842.06
2005-09-21,82.5,58.6,69.4,0.098,6,16.8,33690.41
2005-09-22,77,55.6,66.2,0,0,5.9,40639.65
2005-09-23,83.9,54.1,69.6,0,0,15.4,39883.05
2005-09-24,82.8,59.9,71.8,0,0,18.6,38768.29
2005-09-25,78.2,60.5,68.9,0,0,10.4,39778.47
2005-09-26,82,51.1,67.6,0,0,4.5,40037.53
2005-09-27,83.5,59.1,68.7,0.15,11,15.1,39557.02
2005-09-28,62.7,52.8,58,0.362,11,9.3,35361.8
2005-09-29,66,51.1,58.1,0,0,6.6,39530.52
2005-09-30,70.3,45.9,59.1,0,0,4.4,39313.59
2005-10-01,76.6,44.3,61.5,0,0,7.4,38634.82
2005-10-02,80.3,52.4,66.4,0,0,16.4,38891.28
2005-10-03,81.2,58.4,69.5,0,0,21.1,38686.58
2005-10-04,66.6,42.5,58.9,0.374,9,24.3,38153.08
2005-10-05,58.8,40.7,48.5,0,0,7,38371.76
2005-10-06,61,41.4,51.1,0,0,3.7,38178.95
2005-10-07,68.5,40.4,54.7,0,0,4.7,37992.03
2005-10-08,76.5,45.7,59.3,0.276,8,18.6,36366.78
2005-10-09,56.9,46.5,51.7,0.063,5,10.3,36247.24
2005-10-10,52.6,42.9,47.7,0,0,16.9,19938.13
2005-10-11,57.9,38.6,48.5,0,0,5,37202.27
2005-10-12,61,38.1,50.2,0,0,4.2,36787.46
2005-10-13,65.5,39.4,53.4,0,0,3.5,36911
2005-10-14,69.4,39.6,55.1,0,0,4.1,36707.38
2005-10-15,72.4,40.5,56.5,0.039,4,9.4,36037.65
2005-10-16,66.6,46.4,56.9,0.012,2,6.9,36290.05
2005-10-17,69.9,42.5,56.8,0,0,3.7,35681.83
2005-10-18,70.6,43.4,57,0.409,6,6.3,33198.39
2005-10-19,58.5,46.3,52.5,0.004,1,9.2,27594.41
2005-10-20,62.3,43.9,53.9,0,0,5,36039.2
2005-10-21,63.7,45.3,54.5,0,0,3.9,35996
2005-10-22,64.7,42.6,54.3,0,0,3.2,35901.46
2005-10-23,65.9,44.4,55.3,0,0,3.4,35828.56
2005-10-24,67.5,44.2,56.7,0,0,4.6,35761.86
2005-10-25,69.2,40.7,56.1,0,0,5.2,35668.46
2005-10-26,65.7,44.2,55.6,0,0,5.6,35520.88
2005-10-27,69.6,41.8,55.5,0,0,12.1,32732.71
2005-10-28,59.7,47.4,52.6,0.15,11,9.1,6496.53
2005-10-29,57.7,45.4,50.6,0,0,7.7,35071.68
2005-10-30,55.5,40.1,47,0.067,8,8.6,32829.93
2005-10-31,53.3,35.4,45.2,0,0,4.5,34793.36
2005-11-01,58.5,30.7,45.8,0,0,3.6,34650.97
2005-11-02,67.8,34.6,50.9,0,0,10.7,30034.32
2005-11-03,66.9,50.6,58.2,0,0,16.5,24495.69
2005-11-04,64.1,41.4,53.5,0,0,11.5,34232.9
2005-11-05,53,38.4,46.9,0,0,8.5,34097.12
2005-11-06,66.4,32,48.7,0,0,10.1,33963.43
2005-11-07,65.2,39.5,52.3,0,0,10.6,18276.38
2005-11-08,65.8,47.4,55.3,0,0,8.1,9657.4
2005-11-09,65.1,39.8,53.1,0,0,4.1,18783.19
2005-11-10,67.5,40.7,55.2,0,0,3.5,30087.73
2005-11-11,52.9,42.2,47.6,0.299,13,5.9,13561.02
2005-11-12,57.5,39.9,47,0,0,13.9,33191.82
2005-11-13,51.8,37.1,45.2,0,0,4.3,29830.14
2005-11-14,60.5,37.9,47.9,0,0,21.1,32943.49
2005-11-15,40.7,26.3,34.5,0,0,8.6,32821.6
2005-11-16,44.1,27.6,35.4,0,0,2.7,32701.45
2005-11-17,48.6,27.2,37.1,0,0,7.7,32583.2
2005-11-18,47.6,27.2,37.5,0,0,5,32467.04
2005-11-19,52.1,30.2,39.5,0,0,9.9,32353.12
2005-11-20,50.3,28.4,39.6,0,0,2.9,32241.64
2005-11-21,52.4,32.3,41.9,0,0,3.7,32132.76
2005-11-22,53.1,32.6,42.4,0,0,3.2,32026.7
2005-11-23,51.6,33.1,42,0,0,2.5,31923.61
2005-11-24,51.1,35.3,42.1,0,0,3,31600.6
2005-11-25,50.7,28.7,39.8,0,0,4,31372.61
2005-11-26,47.6,29.9,37.5,0.016,3,15,31028.26
2005-11-27,38.5,21.8,28.7,0,0,14.3,30903.61
2005-11-28,33.5,17.9,24.9,0,0,8.8,31284.23
2005-11-29,41.3,23.6,32,0,0,3.7,29772.26
2005-11-30,41.6,29.5,34.6,0.031,2,11.5,30660.48
2005-12-01,50.6,26.8,36.8,0,0,4.8,25384.08
2005-12-02,55.2,33.5,42.8,0.228,11,14.9,20481.56
2005-12-03,38.8,24.5,33.4,0.217,4,13.1,30601.64
2005-12-04,31.7,19.9,25.2,0,0,14.6,28995.79
2005-12-05,31.5,15.9,23.6,0,0,4.4,30669.77
2005-12-06,36.4,21.8,27.8,0,0,8.7,30072.28
2005-12-07,25.3,13.7,20.5,0,0,10.3,30539.12
2005-12-08,25.9,9.2,18,0,0,3.4,30273.72
2005-12-09,31.9,11.9,22.5,0,0,2.7,29899.61
2005-12-10,38.3,18.1,27.6,0,0,3.1,30453.2
2005-12-11,39.9,21.3,30.2,0,0,2.5,30454.54
2005-12-12,41.3,23.6,32,0,0,2.5,30441.54
2005-12-13,44.7,26.2,33.8,0.004,1,8.5,30445.26
2005-12-14,34.4,23.7,27.9,0,0,7.7,30461.34
2005-12-15,33.5,18.8,25.3,0,0,3.5,30472.73
2005-12-16,33.2,15.4,24.5,0,0,2.7,30003.63
2005-12-17,37.1,16.1,26.3,0,0,3.6,29026.58
2005-12-18,41.8,25.4,32.4,0,0,3.6,19326.29
2005-12-19,42.6,27.1,34.3,0,0,3.9,29735.25
2005-12-20,46.9,26.9,35.7,0,0,4.4,30412.92
2005-12-21,49.9,25.7,36.5,0,0,3.4,30412.16
2005-12-22,52,27.5,39,0,0,4.3,26924.76
2005-12-23,53.4,36.2,43.6,0,0,9.2,30423.12
2005-12-24,48.6,32.3,39.9,0,0,2.7,30434.75
2005-12-25,49,27.5,37.4,0,0,2.9,28150.2
2005-12-26,55.4,26.1,39.4,0.051,4,12.7,30470.14
2005-12-27,45.9,30.3,37.8,0.004,1,9.6,30493.81
2005-12-28,49.4,26.4,37.6,0.004,1,3.4,29281.56
2005-12-29,45.8,32.7,38.9,0.012,2,13.8,30552.83
2005-12-30,43,25.1,34.3,0,0,4.6,24999.91
2005-12-31,53.4,29.3,41,0.016,2,14.2,30148.99
2006-01-01,46.9,31.7,40.8,0.075,6,16.6,30669.82
2006-01-02,55,31.1,42.5,0,0,16.1,27913.9
2006-01-03,50.5,34.4,44.5,0.016,2,17.7,30766.16
2006-01-04,47.8,29,37.6,0,0,9.8,30819.65
2006-01-05,46.1,28.5,36.8,0,0,3.3,30876.6
2006-01-06,47.9,27.2,36.7,0,0,3,30936.97
2006-01-07,53.9,24.3,37.9,0,0,8.6,31001.31
2006-01-08,43.6,26.6,36.7,0,0,13.9,31069.98
2006-01-09,37.6,25.4,30.6,0,0,5.8,31142.78
2006-01-10,40.5,21.2,30.6,0,0,3.6,31219.53
2006-01-11,43.4,16.6,31.8,0,0,3.7,31300.07
2006-01-12,41.6,27.3,34.8,0,0,10.8,31384.21
2006-01-13,43.4,23.8,33.3,0,0,2.8,31471.81
2006-01-14,50.7,24.5,37.1,0,0,4.1,31562.66
2006-01-15,46.3,29.9,37.9,0,0,13.6,29237.38
2006-01-16,37.9,23.6,29.5,0.004,1,9.4,31753.51
2006-01-17,38.3,19.5,28.4,0,0,3.8,31853.16
2006-01-18,49.6,22.1,34.6,0.008,2,15.3,31955.43
2006-01-19,38.6,28.1,33.3,0,0,9.4,26986.54
2006-01-20,37.1,24.2,30,0,0,4.4,32167.14
2006-01-21,38.2,16.1,27.9,0,0,4.3,32281.27
2006-01-22,38.6,21.4,29.5,0,0,4.3,32377.75
2006-01-23,38.2,18.5,29,0,0,2.8,32415.6
2006-01-24,45.2,21,33.2,0,0,2.4,32427.78
2006-01-25,49.7,23.6,35.8,0.118,7,5.8,32405.52
2006-01-26,45.5,28.3,35.7,0.114,8,8.4,32400
2006-01-27,40.8,22.7,31.3,0.004,1,6.3,23019.83
2006-01-28,39.3,20.5,30.3,0,0,6.8,30522.49
2006-01-29,42.1,25.7,32.5,0,0,7.8,32544.21
2006-01-30,47.6,23.5,34,0,0,4.3,32799.58
2006-01-31,48.5,28.9,37.3,0.02,3,10.2,30471.32
2006-02-01,50.4,27.9,38.5,0,0,6.4,27118.34
2006-02-02,48.8,32.5,40.2,0,0,12,32442.65
2006-02-03,45.9,27.8,36.6,0,0,9.3,33196.75
2006-02-04,51.8,23.7,37,0,0,6.3,32438.91
2006-02-05,43.1,26.9,34.8,0,0,13,33769.16
2006-02-06,42,24.5,32.5,0,0,5.4,34104.29
2006-02-07,47.1,22.6,35.3,0,0,2.9,34284.02
2006-02-08,52.4,26,39,0,0,3.8,34470.51
2006-02-09,52,26.5,40.2,0,0,5.3,34721.29
2006-02-10,36,22.2,29.5,0,0,15.3,34865.25
2006-02-11,36.7,15.5,26.5,0,0,6.2,35009.73
2006-02-12,44.7,19.6,33.1,0,0,3.5,35112.16
2006-02-13,46.7,28.4,37.1,0,0,4.5,35299.63
2006-02-14,51.3,22.9,36.8,0,0,6.4,27345.71
2006-02-15,56.6,29.9,40.7,0,0,30.4,32584.16
2006-02-16,33.1,20.3,27,0,0,9.9,35735.36
2006-02-17,44.8,23.5,32.8,0,0,7.9,34549.96
2006-02-18,48.7,24.8,35.9,0,0,9.5,35965.56
2006-02-19,43.1,27.1,34.7,0.02,3,12,34724.95
2006-02-20,39.7,26.4,32.4,0.02,3,5.7,36331.29
2006-02-21,39.8,22.7,31,0,0,8.1,36483.12
2006-02-22,42.6,23.3,33,0,0,7.4,36635.82
2006-02-23,48.8,24.5,37.6,0,0,3.9,36789.23
2006-02-24,53.2,22.8,39.8,0,0,5.1,36943.23
2006-02-25,56.1,27.1,42.9,0,0,4.8,37097.69
2006-02-26,60.9,23.9,44,0,0,4.9,32369.14
2006-02-27,65.7,29,49.3,0,0,8.8,37407.45
2006-02-28,63.8,41,52,0.02,2,19.7,19549.2
2006-03-01,55.1,39.9,47.2,0.024,2,11.9,37717.53
2006-03-02,60.5,30,46.1,0,0,9.2,37872.39
2006-03-03,65,32.6,50.5,0,0,19,38026.97
2006-03-04,57.4,39.9,49.3,0,0,14,36096.32
2006-03-05,62.5,27.9,48,0,0,6.7,38334.84
2006-03-06,65.2,36.2,51.8,0,0,15.2,17645.95
2006-03-07,60.1,40.5,50.6,0.047,5,17.8,36772.62
2006-03-08,46.1,32.5,39.1,0.315,12,11.4,24765.2
2006-03-09,45.9,28.1,35.6,0,0,10.3,27633.78
2006-03-10,31.2,21.8,27.2,0.37,19,5.7,28273.71
2006-03-11,33.5,13.5,24.4,0.189,16,5.7,24450.51
2006-03-12,32.8,17.1,25.6,0.039,5,12.8,39405.57
2006-03-13,33.6,11.7,23.2,0,0,6.8,39472.04
2006-03-14,37.2,-1.6,19.4,0,0,6,39532.38
2006-03-15,39.6,22.3,31.2,0,0,12.5,39625.82
2006-03-16,47.9,9.6,30.7,0,0,4,39600
2006-03-17,54.9,30.9,42.1,0.012,2,9.1,26379.53
2006-03-18,52.8,30.7,39.8,0.287,9,10.6,36853.16
2006-03-19,45,24.5,36.1,0.035,5,10.3,39931.18
2006-03-20,45.6,28.6,36.4,0.024,4,7.5,40024.35
2006-03-21,46,30.8,37.8,0.016,3,9,32914.65
2006-03-22,51.3,31.5,40.1,0.02,2,8.3,40314.08
2006-03-23,52.1,31.9,42.3,0,0,3.8,40695.09
2006-03-24,57.5,29,44.7,0,0,4.3,40252.54
2006-03-25,65.7,31.2,49.4,0,0,16.5,40319.18
2006-03-26,52.4,38.1,45.9,0,0,19,41163.69
2006-03-27,56.1,29.1,43.7,0,0,4.5,40565.29
2006-03-28,60.7,35.4,48,0.11,11,15.1,30017.81
2006-03-29,54.2,40.7,47.7,0.197,11,19.1,31928.69
2006-03-30,52.8,33.3,43.5,0.016,2,8.8,41958.17
2006-03-31,61.8,30.6,47.1,0.035,4,14.7,32718.38
2006-04-01,56.7,41.1,49.1,0.094,7,16.3,39923.59
2006-04-02,56.4,34.4,45.5,0,0,6.3,41965.52
2006-04-03,69.6,35.8,53,0,0,6.8,38764.5
2006-04-04,72.3,44.9,59.1,0.004,1,15.9,40006.36
2006-04-05,61,42.6,51.9,0.197,4,24.2,40029.67
2006-04-06,51.5,34.4,42.9,0.024,3,20.6,26268.16
2006-04-07,60.5,35.8,48.3,0,0,5.4,43320.06
2006-04-08,71.6,33.9,54.8,0,0,14.4,43465.39
2006-04-09,74.5,36.2,58.7,0,0,14.7,43609.95
2006-04-10,69,42.2,57,0,0,19.5,43753.66
2006-04-11,65.3,45.4,55.8,0.004,1,14.2,43896.42
2006-04-12,76.7,39.9,60.8,0,0,14.5,44038.12
2006-04-13,78.8,40.8,62.2,0,0,15.8,44178.68
2006-04-14,80.1,43.4,63.5,0.047,4,19.4,40036.41
2006-04-15,66.5,46.5,56.6,0.102,6,17.6,41350.98
2006-04-16,72.6,41.6,58.9,0,0,20.3,44592.39
2006-04-17,66.9,38.8,52.3,0,0,31.7,44427.72
2006-04-18,52.4,29.1,42.2,0,0,10.3,44862.53
2006-04-19,58.2,34.7,46.7,0,0,6.2,44997.09
2006-04-20,66.5,39.7,54.5,0,0,5.8,45131.23
2006-04-21,76.1,34.9,60,0,0,4.7,40510.86
2006-04-22,83.1,45.3,67,0,0,14.5,45334.01
2006-04-23,75.3,47,63.7,0,0,20.5,45388.78
2006-04-24,62.2,43.3,54.1,0,0,12.6,45443.52
2006-04-25,68.9,38.6,56,0,0,9.2,45502.99
2006-04-26,75.8,39.5,60.7,0,0,5.8,45590.96
2006-04-27,80.4,45.9,65.8,0,0,9.8,45646.8
2006-04-28,69.9,53,61.6,0,0,19.4,45750.03
2006-04-29,69.6,46.8,59.3,0,0,7.4,45862.88
2006-04-30,75.9,53.3,64.3,0,0,17.2,45924.21
2006-05-01,75.4,48.6,63.3,0,0,7.3,46114.18
2006-05-02,79.9,50.7,66.6,0.008,1,13.9,43504.7
2006-05-03,82,48.6,67.4,0,0,16.9,46171.14
2006-05-04,79.2,50.6,66,0,0,17.4,46465.79
2006-05-05,70.8,50,62.3,0.02,1,9.4,46451.52
2006-05-06,71.5,50.2,61.8,0,0,11,46687.02
2006-05-07,77.7,53.4,65.9,0,0,13.4,45980.29
2006-05-08,75.7,54.9,65.9,0.028,3,15.6,46634.62
2006-05-09,69.5,51.5,59.7,0,0,14.7,41451.5
2006-05-10,67.5,41.7,56.8,0,0,6.5,47448.6
2006-05-11,74.7,42.5,62.4,0,0,6.4,47525.59
2006-05-12,84.3,46.4,70,0,0,9.2,47706.04
2006-05-13,86.3,55.7,73.6,0,0,10.8,47349.58
2006-05-14,85.6,61.2,74.5,0,0,13.3,44797.73
2006-05-15,83.9,55.4,72.7,0,0,5.6,48091.62
2006-05-16,85.7,53.7,73,0,0,4.8,48190.06
2006-05-17,88.4,53.3,75.7,0,0,8.2,48286.56
2006-05-18,89.3,59.3,79,0,0,8.5,48381
2006-05-19,90.5,68,80.8,0,0,10.8,48473.27
2006-05-20,89.7,60.5,78.2,0,0,14.6,48563.29
2006-05-21,88.6,63.5,78.3,0,0,15.5,48607.27
2006-05-22,83.9,60.5,71.9,0,0,20.8,37286.23
2006-05-23,76.2,51.9,66.6,0,0,10.9,48683.18
2006-05-24,84.7,53.7,72.5,0,0,7,48718.54
2006-05-25,90.7,55.4,76.9,0,0,8.8,48752.11
2006-05-26,90.1,57.5,77.9,0,0,18.9,48790.15
2006-05-27,84.1,63.8,74.9,0,0,24.7,45213.71
2006-05-28,69.3,50.6,59.6,0,0,18.7,48841.71
2006-05-29,71.1,42.6,58.9,0,0,6.4,48908.67
2006-05-30,78.3,49.7,64.9,0,0,10,48934.03
2006-05-31,82.1,56.2,69.8,0,0,7.9,49003.41
2006-06-01,89.3,53.9,74.8,0,0,9.5,49027.48
2006-06-02,94.4,54.1,78.3,0,0,11.1,49101.96
2006-06-03,94.2,66.5,82.3,0,0,9.2,49124.44
2006-06-04,95.4,66.6,82.3,0,0,9.4,49086.09
2006-06-05,96.2,64.3,83.5,0,0,9.4,49040.04
2006-06-06,99,67.3,85.6,0,0,7.4,49114.45
2006-06-07,95.2,72.9,85.4,0,0,15.7,45424.19
2006-06-08,83.2,67.9,75,0.059,9,15.5,36417.39
2006-06-09,84.9,58.1,72.4,0.209,3,16.9,49040.55
2006-06-10,88.3,59,75.6,0,0,15.4,49366.2
2006-06-11,92.5,59.1,78.4,0,0,14.7,49375.72
2006-06-12,94.6,56.4,79.7,0,0,14.9,49459.63
2006-06-13,93.7,59.6,80.5,0,0,18.9,49310.52
2006-06-14,89.3,67.3,79.9,0,0,22.3,48595.13
2006-06-15,75,61.3,69.1,0,0,10.7,39095.88
2006-06-16,82.1,56.1,68.9,0,0,14.5,49475.39
2006-06-17,84.7,57.2,73.3,0,0,6.3,49557.22
2006-06-18,95.8,59.7,81.2,0,0,10.1,49216.99
2006-06-19,97.5,61.3,83.2,0,0,20.5,49464.02
2006-06-20,94.6,69.5,83.8,0,0,12.9,49196.99
2006-06-21,93.8,68.6,82.5,0,0,11.6,49532.36
2006-06-22,92.5,68.9,81.6,0,0,10.8,49608.41
2006-06-23,94.5,66.9,82.2,0,0,7.7,49683.64
2006-06-24,95.9,67.4,83.5,0,0,8.6,49668.96
2006-06-25,93.9,67.8,82.3,0,0,9.2,49652.2
2006-06-26,90.1,63.3,79.6,0,0,8.1,49275.01
2006-06-27,91.2,63.2,79.6,0,0,8.4,49612.76
2006-06-28,92.8,65.1,81.5,0,0,6.5,49590.2
2006-06-29,95,63.6,81.8,0,0,15.8,48462.72
2006-06-30,94.8,72.7,85.2,0,0,10.6,48822.11
2006-07-01,94.5,71.8,84.1,0,0,11,47192.41
2006-07-02,92.6,69.4,83.1,0,0,10.1,46628.11
2006-07-03,93.8,68.4,82.8,0.035,1,11,48503.23
2006-07-04,93.7,70.6,83.7,0,0,10.4,47545.93
2006-07-05,93.6,68.7,83.3,0,0,10.9,46910.82
2006-07-06,86,68.1,76.1,0.114,10,11.3,43074.15
2006-07-07,83.3,65,75.4,0.008,2,9.7,32704.48
2006-07-08,76.3,65.8,71.5,0.059,4,5.4,37652.5
2006-07-09,82.4,62.7,72.8,0.024,2,6.3,48001.15
2006-07-10,88.5,61.6,76.9,0.012,1,8.4,48265.59
2006-07-11,91.1,60.8,78.6,0.004,1,11.4,48494.74
2006-07-12,95.3,63.6,82.1,0,0,16.6,48775.25
2006-07-13,95.6,66.3,83.9,0,0,7.1,48886.51
2006-07-14,99.8,62.5,85.3,0,0,5.5,48837.96
2006-07-15,101.4,65.1,87.1,0,0,7.4,48714.18
2006-07-16,102,68,88.8,0,0,5.6,48592.9
2006-07-17,103.1,68.8,89,0,0,11.2,48247.9
2006-07-18,101,70.4,87.9,0,0,11,48120.45
2006-07-19,96.6,73.3,86.7,0.059,3,13.5,47271.64
2006-07-20,94,71.7,84.1,0,0,10.9,47267.64
2006-07-21,99.1,71.4,87.4,0,0,11.6,47561.41
2006-07-22,97.3,71.6,86.8,0,0,12.6,47354.91
2006-07-23,101,70.6,88.1,0,0,6.8,47629.75
2006-07-24,101.6,72.5,88.6,0.012,2,13.9,47521.16
2006-07-25,97.4,73.5,87.4,0,0,10,46800
2006-07-26,98.1,73.1,86.8,0,0,12.6,47317.67
2006-07-27,95.4,69.5,84.9,0,0,6.7,47345.46
2006-07-28,97.9,66.7,85.7,0,0,12.4,47294.21
2006-07-29,96.3,72.1,85.9,0,0,9.7,47203.57
2006-07-30,96.8,72.6,86,0,0,13,46713.54
2006-07-31,90.8,73.5,82.2,0,0,11,46825.55
2006-08-01,90.7,68.9,79.9,0,0,14.9,46964.55
2006-08-02,88.2,69,79,0,0,5.9,46960.88
2006-08-03,91.8,65,80.6,0,0,8.7,46810.77
2006-08-04,84.5,69.2,78.6,0,0,11.3,46713.98
2006-08-05,88,65.9,78,0,0,6.2,46690.8
2006-08-06,91.7,64.6,80.4,0.047,2,9.3,46627.91
2006-08-07,91.1,66.3,79.3,0.067,1,8.7,46522.78
2006-08-08,89.6,65,79,0,0,8.3,46456.71
2006-08-09,88.4,63.1,77,0.016,1,12.3,45184.19
2006-08-10,89,59.8,76.8,0,0,4,46326.07
2006-08-11,94,61.1,79.7,0.016,1,15.8,42614.96
2006-08-12,87.3,69.8,79,0,0,11.3,46182.41
2006-08-13,89.5,62.6,78.7,0,0,7.1,46111.61
2006-08-14,92,63.2,80.3,0.004,1,8.7,46040.02
2006-08-15,92.4,65.5,80,0.024,2,13.8,44606.35
2006-08-16,87,64.4,77.3,0,0,12.2,45891.64
2006-08-17,91,63.1,79.1,0,0,11.9,45765.29
2006-08-18,91.4,62.1,79.7,0,0,7.8,45637.36
2006-08-19,92.6,65.5,81.5,0.012,1,8.6,45507.97
2006-08-20,91.2,64.7,80.2,0,0,8.7,45377.23
2006-08-21,92.4,62.3,80.4,0,0,5.4,45245.25
2006-08-22,93.3,65.5,80.3,0.012,1,13,45089.71
2006-08-23,90.6,63.6,79.5,0,0,7.4,44977.93
2006-08-24,92.9,66.8,81,0.02,2,17.9,42953.7
2006-08-25,88.6,66.2,77.5,0.02,2,16.5,40601.02
2006-08-26,81.9,61.4,69.7,0.283,4,10.7,37006.48
2006-08-27,74.5,54,64.9,0,0,4.6,44432.65
2006-08-28,81.8,56.9,70,0,0,4.9,44294.68
2006-08-29,88.8,52.6,73.3,0,0,9.7,44156.23
2006-08-30,91.2,55.7,76.9,0,0,15.4,43818.54
2006-08-31,90.2,59,77.4,0,0,12.3,43202.04
2006-09-01,89.1,64.9,77.9,0,0,8.3,43644.55
2006-09-02,87.1,62.4,76,0,0,6.4,42869.99
2006-09-03,86,60.5,74.8,0,0,7.4,42621.09
2006-09-04,87.7,58,75.9,0,0,4,42916.15
2006-09-05,89.5,60.5,78.3,0,0,7.6,42341.03
2006-09-06,87.6,65.9,77.5,0,0,11.3,42128.57
2006-09-07,77.7,63.8,70.9,0.016,2,10.7,36276.77
2006-09-08,68.1,57.7,61.6,0.772,18,4.2,35115.73
2006-09-09,72.8,53.9,63.8,0.035,2,6.3,39880.77
2006-09-10,71.6,54.1,63.2,0.004,1,6.5,41959.91
2006-09-11,75.3,51.1,64.6,0,0,3.7,41952.33
2006-09-12,80,52.1,67.4,0,0,4.7,41855.7
2006-09-13,82.7,51.5,68.6,0,0,6.1,41766.96
2006-09-14,76,57.9,65.8,0.276,7,15.4,39330.51
2006-09-15,73.1,56.4,64.8,0.039,5,21.8,41662.45
2006-09-16,61.5,46.1,55.3,0,0,15.1,41571.61
2006-09-17,61.2,42.6,51.5,0,0,7.5,41422.5
2006-09-18,64.7,40.4,54.2,0,0,3.4,41273.32
2006-09-19,77.5,38.9,59.8,0,0,12.9,41124.16
2006-09-20,69.5,49,58.1,0.031,2,17.8,25966.71
2006-09-21,64,40.7,53,0,0,13,40826.27
2006-09-22,58.2,44.4,50.7,0.13,8,9.9,38491.52
2006-09-23,59.5,39,49.1,0,0,7.4,40529.52
2006-09-24,64.3,38.9,53.1,0,0,3.7,40380.99
2006-09-25,70.4,39,56.5,0,0,4.3,40231.55
2006-09-26,75.4,41.9,61.1,0,0,5,40081.27
2006-09-27,75.3,53.4,64.8,0,0,4.4,39930.27
2006-09-28,77.8,45.9,64.1,0,0,6.1,39778.63
2006-09-29,79.1,56.5,68.7,0,0,5.6,39626.45
2006-09-30,80.6,48.2,66.3,0,0,5,39473.82
2006-10-01,83,49,66.9,0,0,12.7,36418.27
2006-10-02,81.8,53.1,68.9,0,0,17.4,31881.88
2006-10-03,71.1,55.4,64.2,0.087,6,8,38009.21
2006-10-04,80.3,48.9,65.1,0,0,9.1,37064.82
2006-10-05,73.6,59.1,65.2,0.37,14,9,32711.19
2006-10-06,63.2,56.7,59.9,0.945,20,11.1,1688.79
2006-10-07,63.8,51.3,57.6,0.213,6,12.6,37792.66
2006-10-08,64.8,46.7,55.5,0.016,1,4.2,36756.63
2006-10-09,58,49.1,52.4,0.429,14,8.8,19585.48
2006-10-10,57.8,46.5,51.6,0.248,9,5.7,36645.72
2006-10-11,59.4,43.8,51.6,0,0,7.5,37248.06
2006-10-12,61.8,42.7,52.4,0,0,5,37196.36
2006-10-13,64.8,39.8,52.4,0,0,4.4,36924.43
2006-10-14,60.5,45,52.3,0.098,11,9.6,23514.49
2006-10-15,59.2,45.7,51.9,0.114,6,7.4,36457.58
2006-10-16,62.6,41,50.1,0.134,6,9.2,36000
2006-10-17,48.3,38.5,44.8,0.409,15,13.4,24902.52
2006-10-18,47,32.3,39.4,0,0,6.8,36146.75
2006-10-19,50.4,34.3,42.3,0,0,5.6,36134.81
2006-10-20,58.6,34.9,45.7,0,0,14.8,36039.68
2006-10-21,50,34.6,42.5,0,0,7,36011.27
2006-10-22,52.3,32.4,42.9,0,0,2.5,35939.88
2006-10-23,55.7,33.3,45,0,0,2.6,35849.19
2006-10-24,58.7,37.1,48.2,0.012,2,3.2,32176.16
2006-10-25,58.3,34.4,45.5,0.197,7,20.2,33753.73
2006-10-26,50.1,31.8,39.6,0.004,1,6,31968.65
2006-10-27,52.4,32.7,42.4,0,0,2.8,35401.8
2006-10-28,56.2,33.3,45,0,0,2.7,35256.12
2006-10-29,61.4,33.5,47.9,0,0,6.4,35111.71
2006-10-30,60.8,39.3,49.7,0,0,9.8,34968.71
2006-10-31,59,35.1,47.2,0,0,9.2,34827.29
2006-11-01,51.7,36.5,44.5,0,0,4.1,34687.61
2006-11-02,56.2,29.8,43.7,0,0,3.8,34433.04
2006-11-03,58.7,33.2,47.1,0,0,4.8,34413.41
2006-11-04,58.2,37.8,47.9,0,0,6.8,34277.3
2006-11-05,55,39.6,47.1,0,0,4.3,34141.64
2006-11-06,58.2,35.4,47.5,0,0,4.3,34006.55
2006-11-07,64.4,35.9,50.2,0,0,3.9,33722.51
2006-11-08,69.8,36.1,52.6,0,0,6.4,33738.7
2006-11-09,65.5,38.9,50.9,0,0,20.4,33606.24
2006-11-10,48.7,33.2,40.7,0,0,5.4,33474.98
2006-11-11,49.7,26.9,38,0.091,5,5,6943.08
2006-11-12,45.2,31.2,38,0.02,2,6.3,33216.66
2006-11-13,48.8,29,37.9,0.031,2,9.6,27504.21
2006-11-14,47.8,32,41,0.031,3,21.8,31051.05
2006-11-15,43.6,27.2,34.8,0,0,4,32842.28
2006-11-16,48.6,25.4,37,0,0,3.5,32721.69
2006-11-17,53.4,27.2,40.1,0,0,4.1,32603.5
2006-11-18,54.3,31.5,42.7,0,0,4.2,32487.91
2006-11-19,54.4,32.9,43.2,0,0,4.3,32375.1
2006-11-20,57.6,28,42.3,0,0,4,32265.25
2006-11-21,62.4,29.1,43.8,0,0,7,31829.28
2006-11-22,63.8,34.2,47.6,0,0,7.3,30201.53
2006-11-23,58.7,40,48,0,0,9.8,6053.57
2006-11-24,51.8,34.5,43.3,0,0,4,30272.41
2006-11-25,54.3,31.2,43,0,0,6.6,30905.66
2006-11-26,52.6,33.1,43.3,0,0,9.9,31383.49
2006-11-27,46.6,32.6,39.6,0.047,6,20.7,12507.85
2006-11-28,38.7,25.2,32.5,0.335,18,16.2,12489.35
2006-11-29,26.4,8.5,17.4,0,0,13.2,31169.17
2006-11-30,24.2,10.7,17.3,0,0,3.7,31119.88
2006-12-01,32.7,15.1,23.7,0,0,2.4,30859.41
2006-12-02,30.3,15.3,21.8,0,0,6,30824.79
2006-12-03,29.8,11.9,20.6,0,0,3.2,30790.89
2006-12-04,33,14.4,22.9,0,0,2.6,30701.5
2006-12-05,37.5,16.2,26.1,0,0,2.8,30622.73
2006-12-06,40.6,18.1,28.6,0,0,2.9,30554.79
2006-12-07,43.9,21.1,31.5,0,0,2.5,30539.51
2006-12-08,44.1,21.4,31.7,0,0,2.9,30488.82
2006-12-09,45.3,20.6,31.6,0,0,3.6,30449.36
2006-12-10,46.5,23.5,32.8,0.118,7,7.5,27667.54
2006-12-11,41.1,24.2,32.2,0.02,3,8.1,30418.4
2006-12-12,41.5,16.5,29.2,0,0,2.7,29720.11
2006-12-13,43.5,19.4,30.9,0,0,3,28855.1
2006-12-14,47.8,23.6,34.6,0,0,3.7,30447.7
2006-12-15,52.9,26.3,36.9,0,0,5.4,28970.71
2006-12-16,43.2,31.2,36.6,0.024,1,5.5,22244.01
2006-12-17,42.6,27.4,34.2,0.087,5,16.8,30451.19
2006-12-18,37.7,22.7,28.9,0.028,3,10.4,30436.75
2006-12-19,32.4,23.9,27.7,0.075,8,3.9,30135.41
2006-12-20,35.5,25.4,29.4,0,0,8.2,25042.49
2006-12-21,37,20.2,28.8,0,0,3.6,30417.3
2006-12-22,34.3,16.6,25.4,0,0,3.6,24278.69
2006-12-23,36.2,21.3,27.6,0,0,3.2,30424.28
2006-12-24,38.7,18.7,27.1,0,0,4.7,30433.74
2006-12-25,38.8,16.4,27.2,0,0,3.2,30447.18
2006-12-26,43.2,21.1,30.7,0,0,2.6,30464.58
2006-12-27,48.4,27,35.1,0,0,6.5,15721.59
2006-12-28,41.9,29,34.5,0.091,13,12.6,24077.69
2006-12-29,37,24.9,31.2,0,0,13.2,30540.44
2006-12-30,40.7,23.6,30.3,0,0,5.6,30573.56
2006-12-31,40.6,24.9,31.9,0,0,2.5,29247.27
2007-01-01,42.2,23.5,31.5,0,0,4.8,28621.56
2007-01-02,41,25.4,32.3,0,0,2.8,30696.66
2007-01-03,44.8,23.8,33.1,0,0,3.2,30746.43
2007-01-04,50.7,22.6,35.3,0,0,11.7,30800.53
2007-01-05,37.9,21.4,29.4,0.268,9,13.4,21038.96
2007-01-06,31.2,14.8,23.1,0,0,5.4,30921.15
2007-01-07,31.9,16.4,24.1,0,0,5.7,30987.39
2007-01-08,39.2,14.8,26.2,0,0,2.5,31057.36
2007-01-09,40.3,19.3,28.5,0,0,3.1,31130.95
2007-01-10,43.7,18.4,29.8,0,0,4.2,31207.98
2007-01-11,47.9,27.3,36.8,0,0,17.3,31143.21
2007-01-12,40.8,25.4,34.9,0.339,15,13.5,22362.24
2007-01-13,24.5,11.9,18.1,0.079,6,6.6,31458.34
2007-01-14,19.1,7.8,11.9,0,0,7.9,31547.72
2007-01-15,20.7,-2.6,9.5,0,0,2.9,31639.82
2007-01-16,23.7,-3.7,10.7,0,0,3.2,31734.52
2007-01-17,26.4,-2.1,12.5,0,0,3,31831.66
2007-01-18,29.6,0.1,15.1,0,0,3.4,31931.1
2007-01-19,31.2,7.4,18.5,0,0,3.2,32032.73
2007-01-20,32.2,14.3,22.5,0,0,8.6,32136.37
2007-01-21,30.2,13.7,21.3,0,0,12,32047.88
2007-01-22,32.2,-0.7,18.2,0,0,3,32350.01
2007-01-23,37.1,12.2,23.9,0,0,2.7,32403.8
2007-01-24,41.9,17.3,28.2,0,0,3,32423.93
2007-01-25,41.7,17.6,29.7,0,0,2.7,32456.46
2007-01-26,40.9,19,30.1,0,0,3.1,32500.6
2007-01-27,41.7,20.2,29.8,0,0,8.1,32440.07
2007-01-28,40,23.1,30.7,0,0,4.3,32602.72
2007-01-29,41.9,22.5,32,0,0,3.5,32754.56
2007-01-30,42.4,21.4,32.1,0,0,3.8,32627.08
2007-01-31,36.5,19.3,30.4,0.024,3,13.5,32865.64
2007-02-01,30.2,16.1,22.5,0.039,6,12.2,24458.48
2007-02-02,33.1,10.8,21.9,0,0,9.3,33319.11
2007-02-03,44.8,13.3,28.2,0,0,8.5,32970.77
2007-02-04,47.9,19.6,32.9,0,0,4.5,33652.11
2007-02-05,50.7,25.2,37.4,0,0,3.2,33847.46
2007-02-06,53.9,25.3,39.1,0,0,3,32916.22
2007-02-07,54,26.2,39.2,0,0,3.6,33232.1
2007-02-08,55.6,29.8,41.8,0,0,7.8,33644.14
2007-02-09,55.7,30,42.8,0,0,6.8,33191.88
2007-02-10,57.7,34.6,45.4,0.039,3,7.9,32059.47
2007-02-11,54.2,35.9,44.2,0.087,11,13.7,20527.67
2007-02-12,48.8,34.9,40.9,0.039,3,8.5,35050.05
2007-02-13,41.2,31.1,35.5,0.122,12,3.5,23795.6
2007-02-14,41.2,25.9,33.1,0.004,1,8.5,33758.54
2007-02-15,44.7,26.8,34.7,0,0,8.5,34723.27
2007-02-16,53.4,30.8,40.1,0,0,14.7,34579.47
2007-02-17,50.7,31.4,41.6,0,0,5,35845.51
2007-02-18,55.8,24.7,39.6,0,0,10.6,35996.38
2007-02-19,55,34.9,43.5,0.051,5,18,25517.6
2007-02-20,46.2,25.6,35.6,0,0,5.4,36300.36
2007-02-21,56.3,25.7,39.8,0,0,6.2,36453.22
2007-02-22,61.4,28.3,44.1,0,0,15.8,36606.46
2007-02-23,47.6,31,40.8,0.024,3,19.3,33193.37
2007-02-24,40.4,23.1,32.4,0,0,11.7,36913.59
2007-02-25,45.2,25,34.6,0.031,3,13,29666.09
2007-02-26,46.1,29.2,36.8,0.02,4,7.1,37220.73
2007-02-27,51.8,30.6,39.3,0,0,28,37373.99
2007-02-28,34.1,26.8,30.3,0.205,12,6.3,23254.98
2007-03-01,35.4,22.1,28.3,0,0,15,37679.28
2007-03-02,35.7,20.8,27,0,0,17.9,37831.08
2007-03-03,35.7,13.4,25.1,0,0,2.3,37982.58
2007-03-04,44.3,16.9,31.2,0,0,4.3,38134.9
2007-03-05,51.8,20.8,37.2,0,0,3.6,38288.03
2007-03-06,53.3,25.1,40.6,0,0,3.6,38441.85
2007-03-07,60.3,26.3,43.8,0,0,6.6,38596.23
2007-03-08,59.6,37.6,48.4,0.079,4,10.6,38751.09
2007-03-09,62.6,30,47.9,0,0,7,34737.68
2007-03-10,59.6,40.3,48.8,0.004,1,13.5,35673.66
2007-03-11,61.4,36.3,48.1,0,0,5.9,39217.32
2007-03-12,67.2,36.8,52.6,0,0,4.7,39372.94
2007-03-13,70.9,37.3,55.9,0,0,7.2,39457.36
2007-03-14,71.8,50.5,60.9,0,0,11.9,39517.92
2007-03-15,67.1,50,58.1,0,0,11.3,39583.71
2007-03-16,68.6,43.6,56.5,0,0,4.7,39672.64
2007-03-17,75.2,36.3,58.3,0,0,5,39731.14
2007-03-18,76.1,38.2,59.3,0,0,8.6,39688.52
2007-03-19,74.6,39.9,60.2,0,0,7.9,39872.98
2007-03-20,72.3,39.1,58.8,0.008,1,18.4,39952.12
2007-03-21,66.8,46.6,56,0.043,5,14.1,34104.14
2007-03-22,62.4,44.8,54,0,0,6.7,39600
2007-03-23,60.1,39.7,50.8,0.004,1,7.9,36010.95
2007-03-24,59.6,43.4,50.9,0.024,4,6.3,38469.46
2007-03-25,67.5,39.8,53.8,0,0,8.1,40640.75
2007-03-26,70.8,38.4,56.3,0,0,10.8,40915.53
2007-03-27,66.6,45,55.9,0.075,6,24,39698.53
2007-03-28,46.1,35.5,41.2,0.024,3,15.1,41225.87
2007-03-29,45.2,31.1,37.7,0.008,2,13.7,30603.46
2007-03-30,46.5,26.7,36.4,0,0,6.1,41490.43
2007-03-31,63.9,28.9,47,0,0,14.1,42049.64
2007-04-01,72.5,35.8,57.1,0,0,13.1,41706.59
2007-04-02,73.9,47.7,60.6,0,0,20.5,42449.68
2007-04-03,69.1,46.7,58.6,0,0,8.6,42482.5
2007-04-04,74.9,40.9,60.4,0,0,10.5,41785.73
2007-04-05,73.7,49.2,62,0,0,8.1,42998.18
2007-04-06,70.5,50.7,61.8,0,0,6.5,39400.28
2007-04-07,70.6,44.3,59.2,0,0,9,42630.86
2007-04-08,64.3,50.6,57.5,0.055,3,8.5,34590.75
2007-04-09,66.2,44.4,55.6,0.028,2,10.1,43576.81
2007-04-10,52.9,38.9,46.8,0,0,21.3,42488.99
2007-04-11,49.9,31.9,41.9,0,0,7.9,39008.73
2007-04-12,55.2,36.2,46.7,0.004,1,9,41540.77
2007-04-13,60,39.4,49.6,0,0,20.3,44137.67
2007-04-14,67.7,36.7,54,0,0,10.2,44276.66
2007-04-15,71.5,40.2,56.8,0.016,2,15.1,40216
2007-04-16,63.6,44.3,52.1,0.528,16,11.5,38458.87
2007-04-17,63.7,39.3,52.7,0,0,7.8,44691.62
2007-04-18,67.1,39.6,52.7,0,0,26.4,44246.5
2007-04-19,55.6,30.7,43.3,0,0,9.4,44965.65
2007-04-20,64.3,32.2,50.1,0,0,15.9,35938.05
2007-04-21,60.7,44,52.3,0,0,7.9,40199.11
2007-04-22,64.3,34.4,50.8,0.02,2,18.5,31384.17
2007-04-23,53,38.3,47.1,0.217,17,10.3,42067.66
2007-04-24,63.5,38.9,51.2,0,0,11.7,45131.19
2007-04-25,65.7,46.6,56.2,0,0,4.2,45485.73
2007-04-26,72.2,39.1,57.4,0,0,14.4,45539.9
2007-04-27,74.2,48.7,62.6,0,0,3.6,45633.41
2007-04-28,82,46.4,67.8,0,0,5.4,45735.36
2007-04-29,84.4,49.7,69.8,0,0,6.8,45793.01
2007-04-30,84.9,50.8,71.2,0,0,8.2,45907.87
2007-05-01,84.5,51.7,71,0,0,9.3,45838.56
2007-05-02,73.9,58.9,67,0,0,12.8,45860.55
2007-05-03,70.2,51.7,60.3,0.047,2,27.7,46226.62
2007-05-04,64,46,53.1,0.039,4,11.7,25927.8
2007-05-05,56,40.6,48.1,0.035,5,10.5,40263.52
2007-05-06,54.7,40.6,47.4,0.016,2,9.5,25410.96
2007-05-07,66.2,37.6,53.6,0,0,4.9,46471.25
2007-05-08,74.8,39.2,60.4,0,0,4.8,46991.19
2007-05-09,79.1,44.9,65.8,0,0,7.8,47160.05
2007-05-10,84.5,51.3,71.6,0,0,5.4,47333.27
2007-05-11,87.6,49.8,72.3,0,0,5.4,47510.45
2007-05-12,89.8,55.2,75.3,0,0,11.8,47586.51
2007-05-13,90.1,59.4,76.7,0,0,17.7,46907.81
2007-05-14,84.5,56,72.5,0,0,12.6,47842.23
2007-05-15,82,54.6,69.7,0,0,6.1,48072.92
2007-05-16,83,52.4,70.1,0.004,1,9.7,47984.4
2007-05-17,82.7,55.1,71.3,0,0,9.7,48267.9
2007-05-18,83.9,55,72.6,0,0,6.3,48361.87
2007-05-19,86.3,56.2,73.9,0,0,6.9,46869.61
2007-05-20,86.5,57.7,74.1,0,0,9.6,48542.16
2007-05-21,83,57.8,71.8,0.024,2,22.2,48516.88
2007-05-22,64,51.5,57.6,0.012,1,9.5,47400.73
2007-05-23,64.9,47,56.3,0,0,12.5,47657.88
2007-05-24,71.9,41.5,59.6,0,0,6.9,47531.68
2007-05-25,80.6,47,66.9,0,0,10.3,48742.23
2007-05-26,83.8,50.7,70.7,0,0,11,32925.48
2007-05-27,87,52.7,74.2,0,0,9,48809.09
2007-05-28,88,57.2,75.5,0,0,17.7,48831.79
2007-05-29,77.3,58.2,69.1,0,0,16.6,48898.86
2007-05-30,75.8,52.8,65.5,0,0,7.4,48924.85
2007-05-31,84.6,55.2,72.7,0,0,11.6,48948.65
2007-06-01,84.2,60.5,73.4,0,0,7.1,48970.31
2007-06-02,88.3,53.5,74.8,0,0,6.9,48947.85
2007-06-03,88.3,60.7,77.3,0.004,1,14,45400.52
2007-06-04,89.9,59.7,77.7,0,0,10.1,49023.01
2007-06-05,92.6,61.8,80.1,0,0,21.3,48392.71
2007-06-06,78.1,52.6,66,0,0,27.1,47543.18
2007-06-07,65.6,44.5,56.6,0,0,11.5,49190.16
2007-06-08,81.2,44.9,65.9,0,0,10.5,49033.12
2007-06-09,87,54.5,73.3,0,0,12.2,49283.72
2007-06-10,91,56.1,76.3,0,0,17.6,49366.5
2007-06-11,87,59.6,75.9,0,0,16.7,38607.03
2007-06-12,80.2,61.4,71.3,0,0,8.5,45504.29
2007-06-13,85.6,54.9,73.8,0,0,5.4,49390.43
2007-06-14,92.7,57.8,79,0,0,8.7,49057.67
2007-06-15,96.1,62.6,83.1,0,0,7.9,49474.87
2007-06-16,99.4,61.4,84.4,0,0,15.1,49393.29
2007-06-17,94.8,69.6,83.9,0,0,14.4,49058.09
2007-06-18,87.4,63.7,77.1,0,0,9,49552.8
2007-06-19,95.4,60.4,81.2,0,0,9.1,49462.39
2007-06-20,98.2,60.3,83.2,0,0,12.9,49626.51
2007-06-21,96.8,69.2,84.8,0,0,12.2,49618.13
2007-06-22,95.6,64.9,83.3,0,0,7.2,49607.69
2007-06-23,99.7,60.9,84.4,0,0,10.4,49152.97
2007-06-24,97.9,69.9,85.6,0,0,18.1,49492.04
2007-06-25,95,68.6,84.3,0,0,9.5,49564.96
2007-06-26,97.5,62.6,83.4,0,0,11.4,49726.67
2007-06-27,96.4,67.1,83.4,0,0,14.7,49617.57
2007-06-28,96.3,61.7,82.5,0,0,12.5,49596.47
2007-06-29,97.7,65.9,84.1,0,0,14.3,49573.7
2007-06-30,98.8,64.2,84.7,0,0,11.4,49639.09
2007-07-01,99.5,63.4,85.2,0,0,8.8,49523.23
2007-07-02,101.5,62.6,86.3,0,0,8.6,49584.12
2007-07-03,100.4,73.1,88.4,0,0,6.6,49553.11
2007-07-04,100.2,71.1,89,0,0,6.3,49431.73
2007-07-05,96.7,69.4,85.3,0,0,11.4,48872.46
2007-07-06,97.1,69.8,85.6,0,0,8.7,48840.41
2007-07-07,98.3,70,86.8,0,0,8.1,48892.72
2007-07-08,98.6,68.3,86.3,0,0,13.6,49195.79
2007-07-09,99.3,67.7,87.1,0,0,6.9,49070.7
2007-07-10,100.2,67.7,87.8,0,0,6.3,49028.7
2007-07-11,96.9,73.4,85.5,0.012,1,16.7,33149.26
2007-07-12,90.1,70.8,81.6,0,0,9.2,47167.46
2007-07-13,94.5,67,83.3,0.012,1,13.6,48426.6
2007-07-14,97.2,68.9,84.8,0,0,7.5,48465.18
2007-07-15,99.5,68.5,88,0,0,6.3,48647.7
2007-07-16,100.5,70,88.6,0,0,8.1,47897.39
2007-07-17,97.4,72,86.6,0,0,14.7,48151.57
2007-07-18,97.8,70.2,86.6,0,0,12.8,48024.51
2007-07-19,99.7,70.7,88.2,0,0,9.4,47790.8
2007-07-20,96.6,74.1,86.8,0,0,9.1,47532.2
2007-07-21,97.7,71.8,86.9,0,0,11.5,47803.41
2007-07-22,93.8,72.3,82.6,0.047,2,17.8,46963.69
2007-07-23,89.2,71.3,79.7,0.043,2,6.8,43654.25
2007-07-24,91.1,69.5,81.6,0.004,1,9.6,47433.43
2007-07-25,93.7,68.2,82,0.02,1,12.7,47331.26
2007-07-26,92.4,70.4,82.6,0,0,9.5,47320.88
2007-07-27,91.8,70.8,82.2,0.024,2,9.7,47079.48
2007-07-28,90.2,69.9,79.6,0.063,1,9,47053.61
2007-07-29,94,65.9,82.5,0,0,5.3,47206.02
2007-07-30,94,69.3,82.9,0,0,9.9,47120.01
2007-07-31,94.7,69,83.1,0,0,7.5,47039.64
2007-08-01,95.3,69,83.4,0.024,2,10,45798.4
2007-08-02,91.9,71,81.6,0.071,5,9.7,46800
2007-08-03,88.5,72.2,80.3,0.055,3,9.7,46787.62
2007-08-04,89.5,68.6,79.1,0.02,2,8.7,45986.57
2007-08-05,90.3,69.3,78.1,0.161,3,12.2,46666.32
2007-08-06,86.8,68,76.9,0,0,10.6,46603.95
2007-08-07,89.1,65.9,78.2,0,0,11.7,46540.5
2007-08-08,92,60.6,78.7,0,0,10.1,46515.88
2007-08-09,94.9,60.9,80.5,0,0,14.8,46412.29
2007-08-10,94.6,66.5,82.7,0,0,14.5,46347.74
2007-08-11,95.6,63.1,83,0,0,11.4,46280.73
2007-08-12,98.4,66.9,85.6,0,0,11.6,46204.7
2007-08-13,98.4,68.9,86,0.016,1,12.6,46132.89
2007-08-14,91.7,72.4,83.7,0.031,2,6.6,46059.61
2007-08-15,92.1,69.9,82.7,0,0,10,45984.98
2007-08-16,94.5,66.8,83.4,0.004,1,6.3,45909.06
2007-08-17,94.4,71,84.2,0,0,10.4,45793.88
2007-08-18,93.7,68.6,83.6,0,0,13.4,45664.9
2007-08-19,95,68,83.9,0,0,17.5,45534.81
2007-08-20,93.3,68.2,83.1,0,0,10.1,45403.72
2007-08-21,95.6,63,82.5,0,0,7.6,45271.72
2007-08-22,97.1,65,84.1,0,0,14.7,45138.91
2007-08-23,92.5,67.9,82.5,0,0,10.3,43945.73
2007-08-24,91.8,65.5,81.1,0,0,8.8,44871.25
2007-08-25,95.9,63.1,82.4,0,0,9.2,44736.57
2007-08-26,95.8,66.5,82.9,0,0,15.5,43642.77
2007-08-27,76.7,64.8,70.2,0.618,17,6.4,35566.16
2007-08-28,81.3,62.4,71.7,0,0,6.1,43998.91
2007-08-29,84.6,63,74.3,0,0,5.9,44194.45
2007-08-30,87.5,60.1,74.7,0,0,6.2,44057.75
2007-08-31,90.7,62.3,77.7,0,0,7.7,43542.36
2007-09-01,90.2,61.2,77.8,0,0,7.2,43566.77
2007-09-02,92.3,61.5,79.4,0,0,7.5,42985.43
2007-09-03,92,63.3,80,0,0,7.8,43012.04
2007-09-04,92,65,80.3,0.004,1,13.7,42312.65
2007-09-05,89.8,69.1,80.4,0.024,2,17.5,42605.47
2007-09-06,83.1,64.2,74.2,0,0,9.9,42773.15
2007-09-07,84.6,62.8,74,0,0,8.8,42612.73
2007-09-08,89,55.8,75.3,0,0,7.5,42394.18
2007-09-09,90.5,55.1,75.1,0,0,16.1,42020.16
2007-09-10,82.5,58.7,72.4,0,0,8.9,41972.85
2007-09-11,84.5,56.9,72.5,0,0,10.8,41884.22
2007-09-12,86.1,60.2,75.2,0,0,7.3,41905.77
2007-09-13,89.2,55.1,74.8,0,0,9.2,41780.14
2007-09-14,89,65.5,78.2,0,0,18.2,41076.68
2007-09-15,88.3,65.9,77.4,0.059,5,17,39881.2
2007-09-16,84.2,63.3,72.7,0.213,7,17.8,38803.39
2007-09-17,73.7,58,65.6,0.283,5,12.8,41460.8
2007-09-18,76.6,49.7,62.8,0,0,9.7,41314.18
2007-09-19,80.3,49.7,65,0,0,18.6,41167.14
2007-09-20,81.4,51.2,68.1,0,0,11.6,40866.4
2007-09-21,80.8,50.1,67.3,0,0,5,40870.17
2007-09-22,83.5,52.5,70.1,0.012,1,18.2,40720.42
2007-09-23,65,53.9,60.8,0.677,10,16.8,35321.05
2007-09-24,60.1,47.8,53.4,0.008,1,11.6,40289.6
2007-09-25,61.4,43.6,52.4,0,0,4,40267.28
2007-09-26,65.9,45.3,55.3,0,0,3.3,40115.24
2007-09-27,71.4,42,56.9,0,0,5.1,38962.91
2007-09-28,77.3,47.1,62.7,0,0,17.3,35105.14
2007-09-29,73.1,43.6,59.2,0.02,2,27.6,39584.79
2007-09-30,63,38,50.4,0,0,6.6,39504.54
2007-10-01,69.7,40,55.3,0.5,10,13.5,37207.36
2007-10-02,61.7,46.1,53.4,0.035,2,4.9,38937.88
2007-10-03,73.8,41.9,57.8,0,0,12,38820.29
2007-10-04,75.2,50.9,62.9,0.031,2,18.6,38448.74
2007-10-05,73.2,56.2,65.1,0.024,4,20.7,38092.11
2007-10-06,62.3,40.1,51.2,0.043,7,18,30557.3
2007-10-07,53.9,38.2,45,0,0,7.3,38041.38
2007-10-08,63.2,32.7,49,0,0,4.2,37933.52
2007-10-09,73.3,38.6,56.8,0,0,5.2,37757.85
2007-10-10,79.4,48.8,63.9,0,0,15.6,37464.13
2007-10-11,74.9,42.2,59.7,0,0,5.6,37425.97
2007-10-12,76,41.6,60.2,0,0,12.5,29398.5
2007-10-13,66.4,42.2,56.7,0,0,11.1,36510.01
2007-10-14,62.1,47,54.2,0,0,7.1,36247.4
2007-10-15,66,40.5,54.5,0,0,4.6,36651.14
2007-10-16,68.6,40.8,55.2,0,0,13.8,36000
2007-10-17,56.7,41,49.3,0.055,3,19.3,36281.35
2007-10-18,54.3,33.5,44.2,0,0,9.8,36204.07
2007-10-19,69.8,34.3,52,0,0,8.4,36137.07
2007-10-20,72.1,42.6,53.5,0.043,4,22.7,29937.08
2007-10-21,50.1,32.6,42.1,0,0,12.5,36061.05
2007-10-22,51.5,30.7,42.8,0,0,4,35956.88
2007-10-23,66.2,35.2,50.4,0,0,5.4,35865.83
2007-10-24,67.2,34.9,52.8,0,0,3.5,35793.25
2007-10-25,69.5,40.5,56,0,0,2.8,35727.04
2007-10-26,70.4,40.3,56.9,0,0,3.6,35584.23
2007-10-27,68.5,42.5,57.1,0,0,3.2,35440.13
2007-10-28,71.1,45.9,58.4,0,0,4.7,35297.61
2007-10-29,70.5,39.7,56,0,0,4.3,27630.4
2007-10-30,70.8,47,58.2,0,0,12.5,35014.55
2007-10-31,62.3,47.3,54.6,0,0,3.4,34873.15
2007-11-01,63.4,35.8,51.3,0,0,5.6,34732.02
2007-11-02,61.1,43.2,52.3,0,0,4.7,34591.29
2007-11-03,61.1,38.9,50.5,0,0,4.2,34451.1
2007-11-04,62.8,33.5,49.4,0,0,5.2,34311.61
2007-11-05,62.8,38.3,50.7,0,0,2.9,34172.97
2007-11-06,64.5,35.9,51.2,0,0,2.9,34035.34
2007-11-07,65.3,40.2,53.4,0,0,3.2,33898.88
2007-11-08,65.9,38.8,52.9,0,0,3.3,33763.73
2007-11-09,65.2,36.6,51.8,0,0,3.7,31203.09
2007-11-10,66.5,39.9,54,0,0,6,33498.12
2007-11-11,66.5,38.7,53.9,0,0,11.7,31103.37
2007-11-12,61.8,45.6,52.9,0,0,6.9,30960.85
2007-11-13,63.7,35.1,51.6,0,0,8.4,33113.98
2007-11-14,58.5,39.7,50.6,0,0,8.3,32990.48
2007-11-15,57.5,30.6,44.9,0,0,4.9,32869.55
2007-11-16,59.3,33.9,47.9,0,0,4.6,32751.4
2007-11-17,61.9,35,50,0,0,3.9,32099.76
2007-11-18,63,34.5,49.6,0,0,3.2,31262.38
2007-11-19,69.2,34.3,51.2,0,0,9.4,32412.64
2007-11-20,60.4,41.4,51,0.02,2,15.1,32303.22
2007-11-21,41.2,29,36,0,0,10.6,32195.56
2007-11-22,40.9,26.6,33.8,0,0,2.5,28969.34
2007-11-23,38.6,28.1,32.3,0.055,6,7.5,12188.4
2007-11-24,41.5,24.4,32.2,0,0,5,31884.52
2007-11-25,41.7,20.8,31.1,0,0,2.8,31785.34
2007-11-26,46.2,27.8,35.2,0,0,3.9,30583.96
2007-11-27,50.4,23.4,35.6,0,0,8.8,31547.06
2007-11-28,38.7,23.7,31.3,0,0,10.1,31398.52
2007-11-29,42.9,18.8,29.6,0,0,3.6,31012.62
2007-11-30,49,25.3,37.1,0.476,10,3.6,15955.09
2007-12-01,47.7,34.7,42.2,0.665,13,19.1,19670.85
2007-12-02,41,24.6,33.1,0,0,5.2,29957.83
2007-12-03,41.8,24.9,32.3,0,0,4.3,30367.79
2007-12-04,45.2,28.4,35.4,0,0,3.5,30646.47
2007-12-05,48,29.6,37.8,0,0,2.3,26713.25
2007-12-06,47.3,30.8,38.9,0.067,4,4.7,21384.21
2007-12-07,48.6,39.9,43.4,0.488,17,13.4,12573.88
2007-12-08,45.1,29.6,37.3,0.039,5,9.8,26844.89
2007-12-09,39.4,27.7,32.9,0,0,5.8,30322.6
2007-12-10,35.4,28.1,31.2,0.272,12,4.6,15377.84
2007-12-11,30.7,16.6,26.4,0.15,8,5,19051.42
2007-12-12,30.4,4.2,17.7,0,0,4,30431.66
2007-12-13,28.1,9.1,19.5,0,0,3.5,22582.95
2007-12-14,27.4,13.5,21.3,0,0,6.5,26386.83
2007-12-15,25.2,-4.3,10.5,0,0,3.4,30466.89
2007-12-16,27.7,-1,12.4,0,0,3.4,30478.79
2007-12-17,32.9,2.4,17.2,0,0,3.3,30458.12
2007-12-18,36.4,1.9,18.9,0,0,3.9,29009.86
2007-12-19,37.4,14.7,25.3,0,0,4.8,25463.96
2007-12-20,39.7,11.9,26.4,0.008,1,8.2,25958.77
2007-12-21,34.8,19.2,27.5,0.157,9,10.5,19424.71
2007-12-22,24.5,8.5,17.5,0,0,5.2,30414.54
2007-12-23,30.3,5.1,15.4,0,0,4.7,30418.03
2007-12-24,34,4.1,19.4,0.02,2,3.8,30425.67
2007-12-25,28.7,13.9,23.7,0.024,3,9,20922.92
2007-12-26,25,-0.3,13.3,0,0,4.3,30453.47
2007-12-27,23.6,8.3,16.8,0,0,7.1,30473.68
2007-12-28,21.9,-9.9,7.1,0,0,4.1,30498.55
2007-12-29,25.8,-6.9,8.2,0,0,4.5,30528.02
2007-12-30,34.4,4.7,20.2,0,0,7.9,30561.91
2007-12-31,27,5.8,21,0,0,11.6,30600.1
2008-01-01,24.7,-6.1,9.4,0,0,3.4,30642.52
2008-01-02,28.1,2,15.4,0,0,3.5,30689.01
2008-01-03,34.7,8,21.9,0,0,3.1,28706.29
2008-01-04,43.9,25.3,33,0,0,8.1,27597.39
2008-01-05,46.8,37.1,41.6,0.067,9,18.2,4149.96
2008-01-06,43.4,29.3,35.4,0.161,13,18.1,29878.44
2008-01-07,34.6,23.4,29.8,0,0,5.8,16213.12
2008-01-08,34.6,12.2,24.6,0,0,6.5,28413.27
2008-01-09,36.3,24.5,29.2,0.126,10,9,28306.21
2008-01-10,33.6,11,23.3,0,0,3.6,30093.97
2008-01-11,37.7,11.5,24.8,0,0,5.6,31272.22
2008-01-12,35.4,14.5,25.4,0,0,3.7,31353.15
2008-01-13,35.1,14.5,23.8,0,0,4.9,28345.13
2008-01-14,36.1,13.4,24.3,0,0,2.8,31523.27
2008-01-15,37.4,13.1,23.5,0,0,13.6,31251.69
2008-01-16,22.1,10.1,16,0,0,10.8,31703.63
2008-01-17,22,0.9,11.7,0,0,3.9,31798.09
2008-01-18,27.2,3.4,14.8,0,0,2.7,31896.3
2008-01-19,33.1,5.3,18.2,0,0,3.8,31998.03
2008-01-20,37.1,11.9,22.6,0,0,5.9,32103.11
2008-01-21,40.3,19.5,28.5,0,0,15.5,32211.32
2008-01-22,36.4,16.4,26.7,0,0,3.4,32322.49
2008-01-23,37.5,16.6,26.1,0,0,5.2,32395.82
2008-01-24,40.2,16.6,27.6,0.114,9,4,26728.48
2008-01-25,41.1,22.8,30.5,0.031,4,11.4,32407.3
2008-01-26,41.5,17.8,27.9,0,0,4.7,32462.52
2008-01-27,37.8,20.7,30.5,0.134,10,5.6,4025.05
2008-01-28,43.1,24.7,36.5,0.094,5,27.4,31024.57
2008-01-29,31.8,16.1,24.5,0.004,1,10.9,32464.85
2008-01-30,30.7,18.4,24.1,0.008,2,15.9,32400
2008-01-31,30.8,7.8,19.8,0,0,7.6,33018.54
2008-02-01,36.7,18.5,26,0,0,6.9,24709.36
2008-02-02,34.3,20.2,25.6,0.075,8,5.8,22761.88
2008-02-03,36.2,21.2,29.9,0.213,14,10.7,676.72
2008-02-04,32.6,22,27.5,0.039,4,8.2,32900.78
2008-02-05,29.5,14,21.7,0,0,4.5,33695.72
2008-02-06,31.7,2.5,18.4,0.012,1,6.7,32343.3
2008-02-07,35.5,7.2,22.8,0,0,4.3,33547.82
2008-02-08,38,22.4,29.7,0.012,2,9.1,34411.32
2008-02-09,45.2,10.3,28.7,0,0,4,34196.41
2008-02-10,45.2,19.8,31.6,0,0,3.3,34542.47
2008-02-11,48.2,23.9,34.6,0,0,8.7,29237.44
2008-02-12,46.1,26.1,36.7,0,0,3,35073.81
2008-02-13,50.1,21.6,35.1,0.142,5,13.6,33768.55
2008-02-14,37.1,28.1,32.3,0.248,10,9.9,30878.28
2008-02-15,41.4,23.3,31.4,0,0,6.4,35517.84
2008-02-16,41.5,22.2,32.5,0,0,6.7,35667.56
2008-02-17,40.7,21.8,31.7,0,0,7.4,35817.9
2008-02-18,42.7,16.4,29.8,0,0,3.3,35968.72
2008-02-19,45,18.9,32.7,0,0,3.4,36119.86
2008-02-20,42.7,24.8,33.3,0.079,11,5.1,20512.83
2008-02-21,43.4,28.4,35.1,0.126,12,4.1,25314.22
2008-02-22,45.2,26.8,35.1,0.22,14,12.6,30897.05
2008-02-23,45.6,31.7,37.1,0.075,10,7.6,35537.53
2008-02-24,50,29.5,39,0.268,12,14.1,27545.26
2008-02-25,47.9,33.7,40.4,0.012,1,8.8,37026.34
2008-02-26,48.1,26.6,38.5,0,0,4,37176.63
2008-02-27,50.3,23.4,36.8,0,0,3.6,37327.96
2008-02-28,53.3,27.5,39.7,0,0,3.4,36736.03
2008-02-29,55.3,26.8,40.1,0,0,4.5,37633.47
2008-03-01,60.8,29.2,44.3,0,0,19.5,37704
2008-03-02,38.5,27.9,33.8,0.004,1,22,37942
2008-03-03,41,23.6,31.5,0,0,7.5,38097.07
2008-03-04,47.7,23.6,33.9,0,0,16.7,38252.54
2008-03-05,38.9,22.1,30.5,0,0,10.4,38408.28
2008-03-06,42.3,24.7,32.4,0,0,6.8,38564.18
2008-03-07,47.1,25.7,35.4,0,0,4,38720.12
2008-03-08,48.6,28.6,37.4,0,0,11.1,29699.16
2008-03-09,48.7,29.1,37.5,0,0,9.4,39031.72
2008-03-10,50.5,26.9,38.4,0,0,5.5,39187.15
2008-03-11,52.9,25.7,40.2,0,0,4.1,37663.57
2008-03-12,55.9,27.9,42.9,0,0,11.7,34298.87
2008-03-13,61,30.9,46.9,0.02,2,19,33291.48
2008-03-14,50.1,34.9,42.7,0.012,3,12.3,39565.37
2008-03-15,51.5,27.5,40.6,0.004,1,7.3,39585.33
2008-03-16,49.8,31,39.8,0.028,4,10.4,26337.87
2008-03-17,48,29.1,37.5,0,0,9.1,36895.14
2008-03-18,52.1,30.4,41.2,0,0,7.1,39887.24
2008-03-19,60.2,27.8,45.1,0,0,9.2,40066.48
2008-03-20,60.9,33.3,46.9,0.008,1,16,36420.39
2008-03-21,59.8,38.5,48.3,0,0,13,40403.88
2008-03-22,52.3,33,42.5,0,0,11.2,40660.36
2008-03-23,54.1,29.6,41.8,0,0,5.5,40901.22
2008-03-24,65.2,26,46.4,0,0,9.5,41064.9
2008-03-25,68.9,33.2,53.4,0,0,11.9,40861.59
2008-03-26,69.6,42,57.3,0,0,17.4,41230.51
2008-03-27,57.8,39.8,50.1,0,0,16.3,41050.86
2008-03-28,56.7,30.6,44.7,0,0,6.2,35469.57
2008-03-29,67.6,39.9,54.4,0.004,1,18,41254.93
2008-03-30,63.9,41.6,52,0.059,5,21.4,36187.77
2008-03-31,48.9,30.3,41.1,0.028,4,17.7,42064.71
2008-04-01,53.8,27.4,40.1,0,0,5.8,41844.16
2008-04-02,63.1,30.8,48.5,0,0,12,38662.66
2008-04-03,57.1,38,47.5,0,0,13.5,42817.85
2008-04-04,61.2,33.5,47.8,0,0,9.7,41788.85
2008-04-05,62.8,40,50.3,0,0,17.5,33091.34
2008-04-06,63,33.9,49.6,0.012,1,14.3,35593.28
2008-04-07,56.5,38.5,47.1,0.079,6,14.1,41646.17
2008-04-08,61,34.6,48.1,0,0,9.6,40691.82
2008-04-09,51.5,39.8,45.7,0.134,10,11.7,28746.82
2008-04-10,48.9,34.2,41,0.02,5,15.8,41627.67
2008-04-11,46.2,31.1,38.9,0,0,10.2,43961.88
2008-04-12,54.7,27.1,42.3,0,0,5.2,44103.47
2008-04-13,64.3,30.8,49.1,0,0,5.1,44244.54
2008-04-14,75.5,34.3,56.8,0,0,13.6,44385.02
2008-04-15,76.5,42.7,58.9,0,0,27.8,44524.78
2008-04-16,50.5,30.4,41,0,0,14.7,43629.42
2008-04-17,54.6,29.2,42.9,0,0,7.2,44801.82
2008-04-18,69,30.9,52.9,0,0,9.4,44938.88
2008-04-19,76.1,38.2,60.2,0,0,22,45074.86
2008-04-20,68.6,44.1,57.2,0,0,23.6,45209.62
2008-04-21,61.5,33.8,48.9,0,0,13.3,45309.32
2008-04-22,70.7,35.2,55.4,0,0,6.4,45363.51
2008-04-23,72.9,39.1,58.7,0,0,18.4,44713.36
2008-04-24,60.2,40.7,52.2,0,0,21.5,45471.43
2008-04-25,60.9,34.9,47.6,0,0,10.9,45562.16
2008-04-26,59.5,40.1,50.3,0,0,8.5,45618.08
2008-04-27,64.1,36.3,51.7,0,0,7.8,45718.73
2008-04-28,75,33.8,58.5,0,0,8.2,45829.32
2008-04-29,80.5,45.2,65.4,0,0,19.4,45740.63
2008-04-30,71.8,44.4,61.4,0.024,4,22,45285.95
2008-05-01,50.9,35.6,43.3,0.02,2,15.2,46010.99
2008-05-02,60.7,32.6,46.3,0,0,12,46284.21
2008-05-03,64.3,33,51.1,0,0,7.4,46429.5
2008-05-04,72.5,39.3,58.6,0,0,6.8,44794.6
2008-05-05,79.9,42.3,64.2,0,0,11,46654
2008-05-06,77.7,55.1,67.3,0,0,6.4,46460.21
2008-05-07,78.3,53.1,65.8,0,0,15.5,41899.36
2008-05-08,69.3,50.2,60,0.039,3,13,46221.81
2008-05-09,75.8,43,61.9,0,0,20.3,44957.08
2008-05-10,65,46.1,57.1,0,0,9.8,47494.88
2008-05-11,80.2,38.9,62.9,0,0,14.1,47674.91
2008-05-12,66.6,45.2,58,0.154,8,19.1,27220.27
2008-05-13,60.5,42.5,50.9,0,0,17.2,43375.91
2008-05-14,68.1,44.1,56.6,0,0,7.4,40513.16
2008-05-15,69,47.2,58.2,0,0,19.4,47621.23
2008-05-16,76.5,45.3,62.2,0,0,9.7,48240.21
2008-05-17,81.3,50.7,68.8,0,0,5.8,48333.3
2008-05-18,87.2,51.5,73.3,0,0,11.2,48424.73
2008-05-19,91.7,64.6,78.8,0,0,14.6,48514.39
2008-05-20,92.6,62.5,79.9,0,0,14.6,44855.12
2008-05-21,79.5,49.7,67.3,0.047,4,21.6,36532.91
2008-05-22,60.9,43.2,51.2,0.079,8,12.3,38548.99
2008-05-23,58.1,44.7,51.7,0.051,9,10,46463.79
2008-05-24,63.5,41.6,53.5,0.039,5,12.2,48731.66
2008-05-25,72.7,43.7,59.7,0,0,12.2,48764.02
2008-05-26,67.8,49.9,59.6,0.008,1,20.3,48800.44
2008-05-27,76.3,45.7,63.1,0,0,5.4,48823.91
2008-05-28,81.4,53.3,68.6,0,0,18,48853.54
2008-05-29,75.9,52.5,65.9,0,0,16.5,48877.3
2008-05-30,79.1,52.7,68,0,0,9.5,48943.73
2008-05-31,85.6,50.6,71,0,0,9.3,49015.09
2008-06-01,89.7,51.5,74.4,0,0,14.8,48944.98
2008-06-02,88.4,62.3,76.4,0,0,15.5,49005.71
2008-06-03,86.6,62,74.9,0,0,17.1,48981.69
2008-06-04,73.9,54.2,65.1,0.063,6,12.2,17287.31
2008-06-05,64.6,49.9,56,0.193,13,12.1,35080.39
2008-06-06,79.1,46.2,65,0,0,17.6,49189.52
2008-06-07,73.7,56.1,65.9,0,0,14.2,49135.13
2008-06-08,72,47.4,61.5,0,0,10.5,49351.21
2008-06-09,79.4,50.6,66.4,0,0,8.9,49363.54
2008-06-10,90.5,50.7,73.5,0,0,23.2,49300.16
2008-06-11,70.8,51.9,62.1,0,0,15.4,46288.86
2008-06-12,73.2,51.5,63.7,0,0,13.2,49463.52
2008-06-13,78.4,52.1,66.6,0,0,6.2,49468.45
2008-06-14,89.5,49.7,73.9,0,0,7.2,49471.2
2008-06-15,92.6,53.4,77.7,0,0,8,49308.68
2008-06-16,94.8,63.9,82.6,0,0,9.5,49221.74
2008-06-17,95.5,68.7,84.5,0,0,8.9,49467.08
2008-06-18,94.5,65.4,82.7,0,0,11.9,49547.02
2008-06-19,91.2,65.4,80.3,0,0,10.8,49627.09
2008-06-20,91.1,66,79.5,0,0,9.1,49619.92
2008-06-21,94.2,60.4,80.5,0,0,7.6,49523.07
2008-06-22,95.5,60.3,81.4,0.004,1,12.4,48978.2
2008-06-23,93.5,64.4,82,0,0,8.1,49498.26
2008-06-24,95.4,61.7,81.7,0,0,10.4,49572.61
2008-06-25,95.6,60.5,81.5,0,0,13,49556.36
2008-06-26,94.1,66.5,82.4,0,0,13.2,49627.5
2008-06-27,94.6,61.2,82.1,0,0,9.2,49696.55
2008-06-28,95,67.7,84.1,0,0,8.1,49583.86
2008-06-29,94.4,64.4,82.4,0,0,6.5,49021.15
2008-06-30,92.9,66.5,82.1,0,0,7.4,48945.59
2008-07-01,95.1,64.9,82.9,0,0,10.9,48789.01
2008-07-02,96.6,66.5,85,0,0,9.6,49382.14
2008-07-03,97,64.1,83.8,0,0,6.3,49437.58
2008-07-04,99.2,66.1,85.5,0,0,7.3,49314.99
2008-07-05,93.7,70.8,83.2,0,0,22.2,42133.33
2008-07-06,93.5,65.1,81.5,0,0,16.6,47754.27
2008-07-07,90.2,68.6,80.8,0.012,1,8.4,49031.71
2008-07-08,93.4,63.2,81.3,0,0,6.4,49160.85
2008-07-09,95.2,63.9,83,0,0,5,49118.5
2008-07-10,96.9,67.9,86.2,0,0,8.5,49074.72
2008-07-11,96.5,69.8,85.6,0,0,9.4,47798.42
2008-07-12,95.3,72,85.3,0,0,6.6,47892.7
2008-07-13,94.4,65.6,82.9,0,0,8.5,48705.05
2008-07-14,93,69.5,83.2,0,0,6.9,48136.67
2008-07-15,94.4,67.5,83.2,0,0,6.9,48533.76
2008-07-16,94,70.7,83,0.059,3,14.1,46785.79
2008-07-17,91.2,66.1,80,0,0,7.2,47923.7
2008-07-18,95.1,67.5,83.5,0,0,7.6,48112.44
2008-07-19,98.8,64.3,84.9,0,0,7.1,48321.23
2008-07-20,96.8,73.3,86.2,0,0,10.1,42248.86
2008-07-21,87.1,71.1,79.6,0.114,7,10.8,43239.37
2008-07-22,94.6,68.9,82.8,0,0,9.9,46996.35
2008-07-23,95.9,69.3,83.9,0,0,11.5,47340.92
2008-07-24,96.9,68.6,84.9,0,0,8,47424
2008-07-25,97.2,70.4,83.5,0.02,1,17.5,44483.7
2008-07-26,89,71.8,79.5,0.02,1,6.2,30069.98
2008-07-27,92.1,68.1,81.1,0.008,1,13.3,43454.26
2008-07-28,91.7,72.2,82.1,0,0,7.3,47056.22
2008-07-29,94.7,63.8,82.8,0,0,6.2,47203.76
2008-07-30,97.9,66.7,85.6,0,0,11.3,47112.96
2008-07-31,99.1,66.8,85.6,0,0,8.8,47103.57
2008-08-01,101.5,65.7,87.1,0,0,11.6,47027.85
2008-08-02,100.1,70.9,87.5,0,0,10.6,46958.3
2008-08-03,97.8,71.6,87.6,0,0,10.6,46899.73
2008-08-04,97.4,73.5,86.9,0,0,10.4,46779.29
2008-08-05,94.5,71.3,83.7,0,0,11.9,46624
2008-08-06,77.8,67.9,73.1,0.276,16,7.1,31431.66
2008-08-07,76.4,65.2,70,0.661,20,4.6,23920.41
2008-08-08,79,63.3,70.7,0.449,13,8.3,45897.78
2008-08-09,78.6,62.7,71.3,0.016,3,4.5,46359.4
2008-08-10,82.9,63.3,73.8,0,0,8.5,46289.56
2008-08-11,85,60.9,74.8,0,0,7.3,46218.41
2008-08-12,87.5,65,76.9,0,0,7.8,46146.04
2008-08-13,89.4,60.5,77.1,0,0,10.5,46072.51
2008-08-14,92,59.8,78.5,0,0,10.3,45997.9
2008-08-15,85.9,63.2,74.8,0.024,2,17,45922.3
2008-08-16,80,56.7,69.7,0,0,9.6,45819.36
2008-08-17,82.8,57.3,71.8,0,0,5.5,45691.08
2008-08-18,87.5,60.5,76.3,0,0,3.8,45562.02
2008-08-19,92.1,57.2,77.8,0,0,8.6,45432.27
2008-08-20,92.7,65.6,80.4,0,0,12,45301.93
2008-08-21,94,59.4,80.3,0,0,13.1,45171.09
2008-08-22,94.2,63.9,81.3,0,0,7.6,45039.85
2008-08-23,96.1,64,82.6,0,0,9.1,44908.29
2008-08-24,94.7,63.7,81.7,0,0,6.5,44775.78
2008-08-25,93,65.9,81.2,0.004,1,14.2,41079.91
2008-08-26,90.7,67,80.7,0,0,8.3,44506.44
2008-08-27,92.2,63.2,80.2,0,0,9.4,44369.8
2008-08-28,90.7,68.2,80.3,0,0,6,44231.96
2008-08-29,91.7,67.8,80.4,0,0,8.5,44093.05
2008-08-30,92.4,58.9,78.5,0,0,11.7,42462.41
2008-08-31,81.3,66.7,74.1,0.15,8,16,39482.28
2008-09-01,78.8,56.6,68.7,0.016,3,24.1,43400.73
2008-09-02,74.8,50.5,62.9,0,0,6,43528.38
2008-09-03,81.2,53.7,68.5,0,0,8.3,43385.44
2008-09-04,83.4,58.7,71.2,0,0,7.9,43129.47
2008-09-05,83.8,60.4,72.8,0,0,12,42871.47
2008-09-06,82.9,60.5,72.4,0,0,6.9,42631.73
2008-09-07,86.6,54.6,72.9,0,0,6.4,42411.8
2008-09-08,87.5,58.1,74.7,0,0,7.5,42273.94
2008-09-09,80,62.5,71.2,0.043,4,16.6,37080.98
2008-09-10,78.8,56.7,68.6,0,0,14.2,41896.95
2008-09-11,76.2,56.5,66.2,0.035,3,9,41844.93
2008-09-12,71.9,53.8,63.3,0,0,7.8,41827.27
2008-09-13,77.7,46.8,64.4,0,0,4,41746.91
2008-09-14,81.5,55.4,69.8,0,0,5.4,41688.09
2008-09-15,83.2,52.2,70.2,0,0,6.3,41635.55
2008-09-16,83.7,51.8,71.2,0,0,6.4,41503.19
2008-09-17,82.5,56.3,71.4,0,0,7.6,41354.38
2008-09-18,82.4,52.3,69.9,0,0,7.8,41204.87
2008-09-19,81.7,52.8,69.5,0,0,4.1,41054.74
2008-09-20,82.4,55.5,70.8,0.004,1,17.5,40904.09
2008-09-21,83.4,60.6,72.8,0,0,17.4,40753
2008-09-22,80.5,60.5,70,0,0,19.2,36837.65
2008-09-23,76.3,54.7,65.3,0,0,5.9,40449.88
2008-09-24,82.7,48.8,67.4,0,0,5.2,40298.04
2008-09-25,86,51.8,70.5,0,0,10.9,40146.12
2008-09-26,84.8,54.2,71.7,0,0,6.5,39994.22
2008-09-27,85.3,56.6,72.5,0,0,7.2,39842.45
2008-09-28,82.8,53,69.9,0,0,5.1,39690.88
2008-09-29,82.3,54.7,70.4,0,0,5.4,39489.75
2008-09-30,82.7,52.7,70.4,0,0,6.7,39367.98
2008-10-01,82.1,57.3,71,0,0,5.6,38968.34
2008-10-02,82.2,50.6,68.4,0,0,9.3,38942.99
2008-10-03,78.8,54.3,68.5,0,0,10.6,38136.84
2008-10-04,63.2,53.2,58.3,0.425,15,12.5,0
2008-10-05,61.2,48.2,54.4,0.012,1,8.2,38104.36
2008-10-06,62.3,46.9,54.3,0,0,3.8,38075.09
2008-10-07,65.8,43.5,55.8,0,0,4.1,37893.77
2008-10-08,71.1,41.8,57.5,0,0,3.8,37786.08
2008-10-09,76.6,43.7,61.4,0,0,21,37613.65
2008-10-10,72.4,51.6,63,0,0,21.1,37389.61
2008-10-11,64.9,41.8,56.9,0,0,24.3,37345.02
2008-10-12,48.6,33.2,41.7,0,0,9.9,36859.3
2008-10-13,52.6,33.7,42.9,0,0,8,36899.48
2008-10-14,56.9,34.1,46,0,0,4.7,36696.7
2008-10-15,65.1,36.6,52.5,0,0,3.8,36547.53
2008-10-16,69.5,35.9,55.3,0,0,7.5,36353.48
2008-10-17,71.4,45.8,59.1,0,0,3.4,36270.22
2008-10-18,74.8,39.2,58.9,0,0,7.3,36039.82
2008-10-19,73.1,45.3,60.6,0,0,5.7,36000
2008-10-20,69.9,43.4,57.5,0.008,2,6.8,36038.13
2008-10-21,69.9,42.5,54.2,0,0,21.2,35976.47
2008-10-22,53.3,33.7,43.8,0,0,8.7,35884.61
2008-10-23,55.6,28.8,44,0,0,5,35817.91
2008-10-24,62.1,34,48.9,0,0,4.6,35746.37
2008-10-25,67.4,42.9,55.9,0,0,5.4,35630.37
2008-10-26,72.1,49.3,58.4,0,0,7.3,35484.8
2008-10-27,69.2,37.2,55.1,0,0,4.8,35339.38
2008-10-28,70.4,39.8,56.7,0,0,3.1,35194.23
2008-10-29,72,39.7,57.9,0,0,5.2,35049.51
2008-10-30,73,39.5,57.3,0,0,4.5,34905.34
2008-10-31,71.3,39.4,56.1,0,0,4.3,34761.88
2008-11-01,73.9,41.9,58.3,0,0,5.9,34619.29
2008-11-02,71,48.1,57.2,0.071,6,15.4,26436.38
2008-11-03,63,44.8,53.4,0,0,5.4,33320.29
2008-11-04,60.2,39.7,51.9,0.102,6,20.2,29191.4
2008-11-05,45.7,30.2,38.8,0,0,16.3,34060.59
2008-11-06,44,25.2,33.9,0,0,5.9,33924.66
2008-11-07,48.5,25.8,37.6,0,0,3.1,33790.57
2008-11-08,53.9,31.4,42.9,0,0,2.7,33658.5
2008-11-09,56,33.1,44.2,0,0,4.4,5330.79
2008-11-10,54.4,38.9,45.8,0,0,11.3,32496.21
2008-11-11,51.6,38.4,44.5,0,0,8.2,33276.2
2008-11-12,53.7,36.6,45.5,0,0,7,33153.38
2008-11-13,62.5,32.5,48.3,0,0,11,33031.64
2008-11-14,54,35.5,45.2,0,0,8.1,32911.02
2008-11-15,53.3,33.1,42.3,0,0,4.3,32791.7
2008-11-16,58,31,45.1,0,0,3.3,32673.8
2008-11-17,62.6,35.3,49,0,0,2.7,32557.49
2008-11-18,63.6,33.7,49.6,0,0,3.2,32442.92
2008-11-19,60.5,35.8,48.8,0,0,3.1,32330.28
2008-11-20,56.2,38.3,46.8,0,0,2.7,25492.02
2008-11-21,54.1,30.1,42.8,0,0,4.9,32111.36
2008-11-22,55.4,29,42.8,0,0,3.2,32005.43
2008-11-23,53.3,27.6,41.2,0,0,4.8,31902.07
2008-11-24,51.6,29.9,40.6,0,0,3.1,31801.48
2008-11-25,53.3,29.8,41.5,0,0,2.8,30587.72
2008-11-26,53.3,31.6,42.4,0.02,2,4.1,22548.12
2008-11-27,46.6,38.9,42.2,0.528,19,6.6,5589.2
2008-11-28,48.3,37.5,41.2,0.071,6,6.4,29677.56
2008-11-29,49.3,30.8,39.7,0,0,6.9,30905.46
2008-11-30,55.5,34,42.9,0,0,12.4,30869.59
2008-12-01,53.6,29.9,42.1,0,0,4.2,30835.01
2008-12-02,55.9,29.9,41.1,0,0,9.6,30610.9
2008-12-03,46.7,32.9,38.7,0,0,8.5,30710.76
2008-12-04,44.8,27.1,35.1,0,0,6.3,21785.59
2008-12-05,42.4,26.8,34.3,0,0,4.9,30609.6
2008-12-06,45.2,24.9,34.7,0,0,2.8,30545.53
2008-12-07,48.4,26.5,37.4,0,0,3.5,29138.16
2008-12-08,43.1,33.1,37.9,0.008,2,7.8,12154.39
2008-12-09,39.4,25.4,32,0,0,11,30480.66
2008-12-10,42.2,24.5,32.5,0,0,2.6,30426.56
2008-12-11,44.6,24,33.9,0,0,2.6,30434.29
2008-12-12,44.1,26.2,33.9,0,0,3.9,21831.8
2008-12-13,49.3,29.4,39.1,0.067,6,22.1,30448.97
2008-12-14,31.1,21.8,26.8,0.008,1,11.5,30463.32
2008-12-15,33.5,14.8,24.5,0.177,7,7.7,16858.96
2008-12-16,34.8,24.9,28.6,0.067,4,11.1,29054.22
2008-12-17,35.3,23.3,28.6,0.059,5,4,28720.8
2008-12-18,36.8,20,29.5,0.181,12,15.4,24400.87
2008-12-19,33.7,14.9,23.4,0,0,12.5,30415.47
2008-12-20,29.3,10.6,20.6,0,0,5.3,30410
2008-12-21,29.9,4.6,17,0,0,3.4,27583.93
2008-12-22,34.4,19.9,27.3,0.283,20,4.5,6752.82
2008-12-23,29,14.7,23.4,0,0,3.5,30420.99
2008-12-24,25.4,-6,12.4,0.008,1,3.8,24214.79
2008-12-25,39.7,19.9,31.4,0.122,11,23.1,15497.36
2008-12-26,39.5,14.2,24.6,0.055,3,22.2,29307.01
2008-12-27,20,2.1,11.4,0,0,4.6,30497.11
2008-12-28,24.9,-2.8,11.3,0,0,2.9,30526.55
2008-12-29,26.8,11,17.9,0,0,2.7,30560.01
2008-12-30,31.7,7,20.2,0,0,2.8,30597.4
2008-12-31,31.9,5.9,19.5,0,0,3.4,30638.64
2009-01-01,34.4,6.3,20.8,0,0,2.7,30683.66
2009-01-02,38.5,7.7,23.6,0.004,1,4.3,30732.37
2009-01-03,37.1,14.2,28.9,0,0,9.9,30784.68
2009-01-04,22,7.4,13.7,0,0,3.8,30840.5
2009-01-05,21.2,-0.5,11.4,0,0,3.7,14639.17
2009-01-06,30.6,-1.4,15.2,0,0,5,30962.37
2009-01-07,41.6,15.1,27.6,0,0,6.5,31028.22
2009-01-08,43.9,19.2,29.8,0,0,3.3,31097.26
2009-01-09,38.6,23.8,30.2,0,0,10.3,31169.37
2009-01-10,34.6,15.4,25.4,0,0,3.5,31244.46
2009-01-11,38.9,16.4,26.2,0,0,4,31323.17
2009-01-12,40.6,20.3,29,0,0,5.9,31405.96
2009-01-13,42.1,19.4,31.2,0,0,4.8,31492.64
2009-01-14,42.7,18.4,30.6,0,0,3.1,31583.03
2009-01-15,43.9,21.5,32,0,0,3.2,31676.93
2009-01-16,44,23.6,33.4,0,0,2.5,31774.17
2009-01-17,45.3,26.2,33.3,0,0,5.2,31874.55
2009-01-18,44.1,18.3,31.4,0,0,2.9,31977.9
2009-01-19,48.8,23.3,34.1,0,0,3.8,32084.03
2009-01-20,46.9,20.8,34.3,0,0,3.1,32192.76
2009-01-21,47.7,23.8,35.9,0,0,3,32303.94
2009-01-22,51.8,26.2,37.9,0,0,2.4,32390.3
2009-01-23,52.1,32.5,40.5,0,0,6,31619.32
2009-01-24,53.6,35.5,43,0.22,13,14.2,31073.15
2009-01-25,49.3,37.5,42.6,0.059,7,18.1,32433.58
2009-01-26,41.3,28,35.5,0.067,9,15.1,32400
2009-01-27,30.3,19.6,25.1,0,0,8.5,32633.01
2009-01-28,39.9,20.7,29.1,0,0,9.9,32570.96
2009-01-29,40.3,26.2,32.3,0,0,5.2,32776.77
2009-01-30,44.2,26.6,34,0,0,3.4,32906.93
2009-01-31,45.7,23.6,34.9,0,0,4.2,33117.94
2009-02-01,46.4,28.3,36.4,0,0,5.5,33055.22
2009-02-02,46.1,26.4,36.6,0,0,5.1,33419.95
2009-02-03,50.5,26.2,37.3,0,0,4.7,33615.31
2009-02-04,51.5,26.5,38.6,0,0,3.5,33792.15
2009-02-05,55.5,24.7,38.5,0,0,5.8,32899.82
2009-02-06,52.8,32.8,41.8,0,0,15.5,32889.6
2009-02-07,56.4,29.7,40.3,0,0,6.5,33714.23
2009-02-08,48,33.1,39.5,0.098,11,13.2,29709.76
2009-02-09,43.7,31.5,36.3,0.031,2,18.8,32796.53
2009-02-10,42.9,27.2,34,0.004,1,11.1,34088.06
2009-02-11,42.5,24.7,32.4,0,0,9.7,35046.55
2009-02-12,44.1,22.1,32.3,0.008,2,9.4,33759.22
2009-02-13,41.4,27.9,33.7,0,0,10.8,29975.83
2009-02-14,41.9,27.9,34,0.024,4,14.3,34113.85
2009-02-15,44.3,20.8,32.2,0,0,5,33084.73
2009-02-16,52.4,26.6,37.6,0,0,9.8,27079.13
2009-02-17,46.6,33.1,38.9,0.008,2,16.5,35933.36
2009-02-18,44,29.6,35.6,0,0,12.2,36081.55
2009-02-19,44.6,26.5,35,0,0,5.4,36229.5
2009-02-20,50.8,21.4,36.4,0,0,7.5,36377.59
2009-02-21,52.3,29,40.6,0,0,3.8,36526.94
2009-02-22,56.9,26.3,41.6,0,0,5,35053.46
2009-02-23,51.7,39.8,45.4,0.134,12,3.8,0
2009-02-24,61.9,34.2,46.9,0,0,10,36981.81
2009-02-25,63.6,30,47.1,0,0,20.8,37135.24
2009-02-26,59.3,41.2,49.7,0,0,14.8,37289.36
2009-02-27,46,28.4,40.4,0,0,15.8,37444.03
2009-02-28,50.3,27.2,38.1,0,0,4.6,37599.15
2009-03-01,59.4,29,43.9,0,0,3.6,37754.57
2009-03-02,70.2,30.8,50.9,0,0,12.2,36688.68
2009-03-03,69.5,47.9,57.8,0,0,19.9,35620.69
2009-03-04,66.8,38.5,53.5,0,0,23.2,38221.53
2009-03-05,55.6,41,48,0,0,15.4,38377.02
2009-03-06,54.2,32.7,43.7,0,0,19.6,38248.73
2009-03-07,47,32.5,38.7,0.079,10,11.3,34847.02
2009-03-08,55,25.3,41.4,0,0,17.3,38841.45
2009-03-09,56.3,34.3,45.5,0.059,4,24.1,37924.08
2009-03-10,41.6,25.4,33.7,0,0,17.3,39148.28
2009-03-11,53.6,22.4,38.4,0,0,4.8,39300.53
2009-03-12,57,28.9,43.8,0,0,7.4,39428.44
2009-03-13,55.1,28.8,41.9,0,0,11.4,39494.64
2009-03-14,55.1,26.3,42.5,0,0,6.1,39577.52
2009-03-15,62.4,27.6,46.6,0,0,12.1,39634.8
2009-03-16,67.5,32.2,51.9,0,0,10,39681.25
2009-03-17,69.4,33,54,0,0,8.2,39738.1
2009-03-18,68.5,42,57.2,0,0,6.7,39690.15
2009-03-19,70.4,40.7,57,0,0,5.4,39937.3
2009-03-20,73.9,41,59.2,0,0,7.5,39666.77
2009-03-21,73.7,39,58.7,0,0,17,38224.61
2009-03-22,67.9,44.2,55.2,0.016,2,26.6,30644.38
2009-03-23,52,36.6,43.7,0,0,17.4,40446.16
2009-03-24,53.8,31.3,42.1,0,0,15.2,40787.94
2009-03-25,53.1,29.8,43,0.004,1,15.2,28381.66
2009-03-26,45.2,24.5,36.7,0.047,5,20.4,38598.55
2009-03-27,45.9,21.4,33.8,0,0,8,41508.04
2009-03-28,54.8,29.6,42.5,0,0,6.4,41623.74
2009-03-29,66.4,32.2,43.8,0.047,5,29.6,40500.57
2009-03-30,44.5,25.8,35,0,0,17.8,37235.15
2009-03-31,54.2,24.7,39.7,0,0,16.5,37473.45
2009-04-01,47.5,33.5,39.9,0.016,3,17.3,40523.89
2009-04-02,59.7,27.6,44.2,0.004,1,9.3,41579.59
2009-04-03,55,35.3,44.8,0.398,21,9.9,36595.19
2009-04-04,37.9,27.1,33.5,0.303,12,13.2,31694.48
2009-04-05,43.9,17.3,31.9,0,0,5,43065.63
2009-04-06,51.3,18.5,36.7,0,0,4.3,43211.1
2009-04-07,59.6,24.5,43.1,0,0,6.5,43356.28
2009-04-08,62.2,33.6,47.5,0,0,25.5,43286.68
2009-04-09,57.9,37.2,47.3,0.008,2,14.1,43396.41
2009-04-10,65.4,33.7,50.4,0,0,13.4,34376.07
2009-04-11,56.5,40.6,48.4,0.055,5,9.9,36639.71
2009-04-12,60.4,38.7,48.8,0.047,3,10.9,44074.56
2009-04-13,65.7,35.6,52.9,0,0,9.7,44216.02
2009-04-14,71.2,42.2,56.9,0.012,1,19.3,22526.43
2009-04-15,60.5,37.7,51,0.114,6,22.9,32011.01
2009-04-16,48.1,29.9,40,0,0,8.7,44634.25
2009-04-17,56.8,36.7,45.7,0.016,3,15.7,36444.3
2009-04-18,61.9,37.1,50.3,0.004,1,10.9,44906.93
2009-04-19,67.8,38.7,55,0,0,5.2,45041.11
2009-04-20,73.2,47.8,62,0,0,6,45173.7
2009-04-21,76.3,52.2,64.9,0,0,9.6,45293.89
2009-04-22,78.8,55.2,67.4,0,0,11.3,44836.23
2009-04-23,81.6,46.4,68.1,0,0,18.5,45402.62
2009-04-24,77.6,56.3,68.1,0,0,21.6,44720.01
2009-04-25,69.6,46.4,59.4,0.039,4,25.1,45511.55
2009-04-26,60.3,38.1,49.8,0.004,1,14.6,44918.7
2009-04-27,64.7,38,51.3,0,0,7.3,45704.89
2009-04-28,75.3,45.7,61.8,0,0,20.3,45674.82
2009-04-29,74.7,48.3,63.5,0,0,12.6,45878.28
2009-04-30,78.5,49.7,65.4,0,0,12.7,46000.86
2009-05-01,76.7,55,66.9,0,0,10.6,42578.86
2009-05-02,64.6,52.6,59.9,0.189,8,14.8,28513.05
2009-05-03,67.7,46.7,58,0,0,7.8,38727.54
2009-05-04,70,50,61.1,0,0,11.5,45095.82
2009-05-05,78.8,50,65.7,0,0,14.4,42597.79
2009-05-06,83.9,53.6,70.3,0,0,12.1,46708.49
2009-05-07,82.6,55.1,70.6,0,0,16.4,46958.93
2009-05-08,72.2,50.5,63.3,0,0,10.9,47031.75
2009-05-09,74,48,62.4,0,0,7.7,47297.54
2009-05-10,77,53,66.4,0,0,10.3,47371.69
2009-05-11,84,54.3,71,0,0,10.6,47547.3
2009-05-12,87.6,58.2,74.9,0,0,19.7,47620.5
2009-05-13,73.4,53.2,65.6,0,0,11.3,47474.3
2009-05-14,80.5,56.7,69.3,0,0,10.4,48017.5
2009-05-15,78.9,56.8,69.5,0,0,9.2,48116.23
2009-05-16,82.1,58.4,71.3,0,0,7,48213.3
2009-05-17,85.9,54.9,74.6,0,0,5.9,48308.62
2009-05-18,91.5,54.3,77.2,0,0,6.6,48402.09
2009-05-19,88.9,64.2,76.9,0.012,1,18.3,46659.16
2009-05-20,87.6,56.8,74.9,0,0,13.2,48575.61
2009-05-21,82.7,60.2,72.6,0.016,1,10,39339.04
2009-05-22,68.8,58.7,63.1,0.343,14,6.5,19987.77
2009-05-23,64.8,56.5,60.6,0.358,21,7,22012.32
2009-05-24,71.5,54.1,61.4,0.476,12,10.1,45592.3
2009-05-25,67.8,49.6,59.8,0.035,4,8.7,48061.45
2009-05-26,69.1,51.4,60.8,0.024,4,7.5,48789.55
2009-05-27,72.2,52.1,63.2,0,0,9.4,48819.43
2009-05-28,77.9,54.2,67.4,0,0,4.8,48847.59
2009-05-29,78.8,51,67.6,0.016,2,6.6,48873.98
2009-05-30,79.7,52.3,68.7,0.008,2,8.2,48898.59
2009-05-31,79.7,52,68.4,0,0,8,48921.37
2009-06-01,80.9,54.4,70.8,0,0,4.6,47680.21
2009-06-02,82.2,57.8,72.1,0,0,10.7,48942.86
2009-06-03,85.2,54.7,72.7,0,0,11.1,48978.13
2009-06-04,89.4,54.3,75,0,0,16.5,47932.78
2009-06-05,84.5,60.1,73.7,0,0,25.3,33785.21
2009-06-06,78.3,54.5,68,0,0,17.6,49018.2
2009-06-07,76.7,51.6,66.1,0,0,14.9,49028
2009-06-08,80.8,54.1,69.7,0,0,18.4,49036.1
2009-06-09,75.9,56.2,68.2,0.008,1,17.9,48793.26
2009-06-10,76.3,54.8,67.3,0,0,14.2,49047.26
2009-06-11,78.4,56,66.7,0,0,20,44826.2
2009-06-12,79,56.1,68.7,0,0,6.7,49051.98
2009-06-13,84.9,55.8,72.1,0.008,1,22,49230.06
2009-06-14,80.5,57.3,71,0,0,16.5,46032.39
2009-06-15,82.1,59.2,71.1,0,0,11.5,48878.59
2009-06-16,81.6,59.6,71.7,0,0,13.5,25558.34
2009-06-17,78.7,61.6,69.9,0.008,1,17.6,46812.01
2009-06-18,78.5,56.9,68.6,0,0,12.9,47922.39
2009-06-19,81.1,55.8,69.7,0,0,5.5,49631.2
2009-06-20,81.6,56.9,69.4,0.134,3,12.9,40172.89
2009-06-21,83.2,56.5,70.7,0.055,3,19.6,49617.07
2009-06-22,88.1,59.6,75,0,0,7.7,49606.4
2009-06-23,91.1,56.4,77.3,0.008,1,11.5,49239.54
2009-06-24,93.4,61.5,80.5,0,0,7.4,49311.49
2009-06-25,94.7,64.7,82,0,0,9,43838.99
2009-06-26,84.2,69.8,76,0,0,12.8,42107.46
2009-06-27,86,61.4,75.6,0,0,5.8,49609.62
2009-06-28,90.8,62.4,79.2,0,0,7.2,49586.33
2009-06-29,93.6,61.9,82.1,0,0,9,49561.07
2009-06-30,95.4,61.5,81.9,0,0,5.2,49533.91
2009-07-01,96.5,63,83.5,0,0,8.7,48969.27
2009-07-02,87.3,67.3,77.7,0.004,1,10.2,29905.36
2009-07-03,90.2,66.2,79.5,0,0,10.8,49264.91
2009-07-04,92.2,67.8,82.3,0,0,8.8,48702.05
2009-07-05,91.3,66.8,81.3,0,0,8.7,48670.67
2009-07-06,96.5,64.1,83.2,0,0,14.5,49334.93
2009-07-07,95,65.7,83.2,0,0,16.5,49210.8
2009-07-08,94.9,70.8,84.5,0,0,17.3,49171.7
2009-07-09,95.4,67.7,83.8,0,0,15.8,48620.33
2009-07-10,97.6,63.5,84.2,0,0,14.4,48844.14
2009-07-11,98,68.3,86.1,0,0,10.5,48467.46
2009-07-12,97.1,67.6,85.2,0,0,13.3,48763.58
2009-07-13,98.5,71.8,87.1,0,0,14.3,48720.75
2009-07-14,93.7,71.3,83.5,0,0,8.9,48826.41
2009-07-15,95.5,69.7,83.6,0,0,9.6,48557.15
2009-07-16,96.6,69,84.9,0,0,6.9,48653.31
2009-07-17,98.4,65.8,85.9,0,0,4.5,48601.68
2009-07-18,99.9,65.9,86.7,0,0,5,48482.32
2009-07-19,99.9,67,85.1,0,0,17.7,42787.21
2009-07-20,96.8,72.2,84.8,0,0,13,39600
2009-07-21,93.5,73.5,83.9,0,0,7.2,47556.25
2009-07-22,95.2,64,83.2,0,0,5.4,47887.01
2009-07-23,98.3,66,86.5,0,0,7.9,47861.8
2009-07-24,98.3,70.9,86.5,0,0,9.2,47516.78
2009-07-25,94.8,75.1,86.1,0,0,9.1,45432.7
2009-07-26,93.4,72.9,82.9,0.012,1,11.4,47143.14
2009-07-27,94.2,66.3,82.2,0,0,10.8,47219.59
2009-07-28,95.5,68.6,84.1,0,0,13.4,47209.96
2009-07-29,93.8,67.7,82.1,0.016,2,12.5,46894.51
2009-07-30,89.9,64,78.2,0,0,11.3,47115.21
2009-07-31,92,64.1,80.2,0,0,14.6,46966.59
2009-08-01,92.3,68.9,81.4,0,0,5.6,47096.34
2009-08-02,96.6,62.5,83,0,0,8.6,46959.58
2009-08-03,98,64.5,84.5,0,0,10.7,46916.95
2009-08-04,96.8,71.7,86,0,0,12,46700.55
2009-08-05,98.8,67.5,85.2,0,0,15.3,45237.05
2009-08-06,93.7,69.5,82.7,0.004,1,21.2,46573.15
2009-08-07,88.1,64.9,78.2,0,0,21.4,46591.01
2009-08-08,84.8,61,74.3,0,0,13.3,46479.7
2009-08-09,84.2,60.7,73.5,0,0,7.1,46375.16
2009-08-10,90,60.1,77.9,0,0,8.1,46307.82
2009-08-11,93.3,60.3,80.1,0,0,7.1,46238.62
2009-08-12,94.7,60.3,81.3,0,0,11.9,43200
2009-08-13,87.3,68.5,80.2,0.004,1,12.4,35957.5
2009-08-14,88.4,69.1,79,0.028,2,13,44022.25
2009-08-15,87.8,64.2,76.2,0,0,19.8,45941.2
2009-08-16,85.4,58.8,73,0,0,12.6,45849.21
2009-08-17,86.9,58.9,74.1,0,0,8.6,45723.2
2009-08-18,87,62.4,75.7,0,0,11,42937.33
2009-08-19,87.5,65.7,77.4,0,0,6,45469.12
2009-08-20,93,66.8,81.3,0,0,7,45339.94
2009-08-21,96,64.3,82.8,0,0,4.7,45209.23
2009-08-22,97.1,60.5,82.1,0.008,1,15.3,42880.05
2009-08-23,86.6,71.6,78.8,0,0,14.8,44943.63
2009-08-24,86.8,64,77.1,0,0,10.4,44808.95
2009-08-25,86.5,58.7,75.6,0,0,8.6,44673.14
2009-08-26,87.1,58.5,75.2,0,0,7,44536.31
2009-08-27,91.1,61.2,78.6,0,0,5.4,44398.54
2009-08-28,93,60.9,80.4,0,0,6.7,44076.54
2009-08-29,94.7,62,81.2,0,0,8.9,42746.16
2009-08-30,95.4,62.2,81.7,0,0,12.6,43980.62
2009-08-31,93.9,66.7,82.2,0,0,16.8,43499.36
2009-09-01,91.6,65.8,80.8,0,0,8.4,42914.66
2009-09-02,91.1,66.1,80.6,0,0,6.8,42756.77
2009-09-03,90.5,61.1,78.3,0,0,8.5,42423.74
2009-09-04,89.2,62.6,78.5,0,0,5.8,42634.68
2009-09-05,84.4,62.4,73.6,0.004,1,13.7,42650.03
2009-09-06,85.6,60.5,74.4,0,0,10.8,42426.12
2009-09-07,88.5,61.5,76.6,0,0,14.5,42153.37
2009-09-08,87.8,60.5,76.5,0,0,8.9,42291.25
2009-09-09,88.3,58,76.1,0,0,6.9,42162.19
2009-09-10,87,61.6,76.3,0,0,4.9,41994.45
2009-09-11,88.4,58,75.7,0,0,8.1,41935.32
2009-09-12,88.2,60.6,76.1,0,0,12.2,41803.95
2009-09-13,85,63,74.9,0,0,17.4,39008.36
2009-09-14,82.2,60,69.9,0.256,11,10.1,40776.93
2009-09-15,68.4,56.1,62.7,0.283,12,7.1,41647.07
2009-09-16,71.4,55.6,63.7,0.016,1,6.1,38517
2009-09-17,73.5,53,64.1,0,0,6.1,41384.84
2009-09-18,75,53.3,65.2,0,0,7.6,41234.76
2009-09-19,77.9,54.4,66.2,0.024,2,5.3,41084.41
2009-09-20,77.8,52.3,65.7,0.004,1,10.5,40933.9
2009-09-21,65.3,50.7,59.7,0,0,16.3,40783.31
2009-09-22,67.6,43.7,55.8,0,0,7,40632.75
2009-09-23,72.9,49,60.7,0,0,12.3,40482.28
2009-09-24,73.7,51.2,63.7,0,0,4.8,40332
2009-09-25,79,47.9,66.2,0,0,4.7,40182.02
2009-09-26,84.2,48.1,68.3,0,0,7.7,40032.42
2009-09-27,84.8,62.5,73.6,0,0,6.5,39883.3
2009-09-28,88.2,52.9,71.6,0,0,10.2,39733.92
2009-09-29,85.8,54.3,72.2,0,0,18.9,39583.68
2009-09-30,71.9,45.5,61.6,0.039,4,28.4,38638.97
2009-10-01,54.8,35.8,46.5,0,0,8.4,39281.04
2009-10-02,62.6,33.8,50.2,0,0,4.2,39066.62
2009-10-03,71.7,36.9,56.9,0.004,1,14.5,36738.52
2009-10-04,70.9,51.6,61.1,0.028,3,24.1,37983.2
2009-10-05,56.5,42.6,50,0,0,10.1,37611.09
2009-10-06,58.8,38,48.9,0,0,4.1,38249.95
2009-10-07,66.1,37.9,53.5,0.012,1,8.6,37698.51
2009-10-08,63.9,44.2,53.4,0,0,16.4,37738.55
2009-10-09,65.2,40.1,54.5,0,0,8.9,37633.26
2009-10-10,67.7,40.8,55.8,0,0,8.3,37467.27
2009-10-11,71,40.7,58.6,0,0,16,33346.81
2009-10-12,70.8,46.4,59.9,0,0,11.3,33666.68
2009-10-13,68.8,53,61.3,0,0,17.2,32305.22
2009-10-14,70.1,54.2,61.4,0.067,2,11,28800
2009-10-15,70.3,51.6,61,0,0,7.8,36450.88
2009-10-16,69.9,48.8,59.6,0,0,5.6,36359.95
2009-10-17,73,44.8,59.8,0,0,5.1,36276.87
2009-10-18,79.2,42.7,62.8,0,0,8.3,36000
2009-10-19,76.8,53.9,66.1,0.008,1,18.4,36085.58
2009-10-20,60.5,50.8,55.9,0.024,4,7.2,28800
2009-10-21,60.1,42.6,50.8,0,0,11.5,35992.95
2009-10-22,58.8,41.3,50.4,0,0,4.9,35898.53
2009-10-23,60.5,42.1,52,0,0,6.8,35825.64
2009-10-24,63.2,45,54.3,0.004,1,11.2,27729.11
2009-10-25,58.1,40.8,49.4,0,0,10.1,35662.18
2009-10-26,53.9,33.4,44,0,0,5.7,35514.5
2009-10-27,52.7,33.3,42.8,0.106,4,13.7,12614.15
2009-10-28,39.9,30.8,34.4,0.197,15,12.5,21498.38
2009-10-29,35.4,25.3,30.5,0.016,4,13.6,35075.63
2009-10-30,43.8,20.1,32.1,0,0,5.6,33987.18
2009-10-31,49.8,26.8,38,0,0,3.4,34787.98
2009-11-01,54.8,29,42.3,0,0,2.8,34646.09
2009-11-02,58.7,31.5,45.3,0,0,3.2,34505.7
2009-11-03,61.1,30.9,46.5,0,0,3.4,34366.99
2009-11-04,62.8,34.3,48.9,0,0,2.8,34230.11
2009-11-05,67,35.1,51.5,0,0,4.2,34095.25
2009-11-06,68.8,41.1,54.5,0,0,12.8,33962.57
2009-11-07,69.4,40.5,55.4,0,0,12.8,33831.54
2009-11-08,60.9,46.6,54.2,0,0,5.7,32349.47
2009-11-09,61.4,39.2,51.2,0,0,5.3,32436.06
2009-11-10,64.4,33.1,49.8,0,0,4.4,33442.69
2009-11-11,68.7,40.7,54.3,0,0,9.8,29010.54
2009-11-12,64.5,50.6,57.6,0,0,18.7,22336.95
2009-11-13,54.7,40.6,47.8,0.165,13,10.9,29869.92
2009-11-14,44,34.6,39,0.008,2,8.3,32939.24
2009-11-15,41.1,26.9,33.6,0.012,2,8.6,32817.11
2009-11-16,41.6,25.4,32.9,0,0,2.9,32696.82
2009-11-17,43.1,26.2,33.8,0,0,2.9,32578.53
2009-11-18,46.4,23.2,35,0,0,2.7,32462.42
2009-11-19,48.4,27.2,37.2,0,0,3.2,32348.66
2009-11-20,50,25.4,36.1,0,0,5.4,32237.45
2009-11-21,52.8,30.3,39.9,0,0,10.2,31670.46
2009-11-22,48.4,27.1,37.7,0,0,5.1,32023.37
2009-11-23,41.7,26.9,34.3,0,0,10.6,31920.9
2009-11-24,42.5,24.5,33.6,0,0,2.8,31821.73
2009-11-25,46.4,23.7,34.8,0,0,2.9,31726.05
2009-11-26,49,25.5,36.7,0,0,2.8,31572.49
2009-11-27,50.6,23.5,36.6,0,0,3.4,31424.32
2009-11-28,51.4,29.6,39.3,0.012,2,3.6,19544.6
2009-11-29,50.6,30.8,39.6,0,0,10.2,31074.94
2009-11-30,46.5,29.2,37.1,0,0,3.4,31031.24
2009-12-01,45.6,24.7,35.5,0,0,4,30918.53
2009-12-02,38.9,26,33,0,0,9.2,30815.55
2009-12-03,30.5,16.4,23.8,0,0,9.8,30782.9
2009-12-04,31,10.1,21.6,0,0,5.2,30695.59
2009-12-05,38.4,12.5,25.8,0,0,3.6,30568.22
2009-12-06,30.8,21.8,25.7,0.016,2,10.8,26816.05
2009-12-07,36.2,23.1,30.1,0.248,14,4.7,0
2009-12-08,29.3,8.4,21.9,0.52,9,14.2,26975.71
2009-12-09,12,-16.1,-1.3,0,0,3.6,30483.61
2009-12-10,12.8,-15.1,-1.7,0,0,3.6,30452.68
2009-12-11,17,-7.4,5.8,0,0,3.3,29382.41
2009-12-12,28.7,14.9,22.7,0.004,1,3.1,17686.74
2009-12-13,39.9,24.6,34,0.358,15,17.8,18033.18
2009-12-14,31.2,10.1,22,0,0,2.9,30456.7
2009-12-15,29.9,5.2,17,0,0,3.4,30471.25
2009-12-16,29.3,7.9,18.8,0,0,2.9,30459.4
2009-12-17,32.1,13.8,21.6,0,0,2.5,30441.97
2009-12-18,33.5,15.5,23.9,0,0,2.8,30428.83
2009-12-19,31.7,4.3,19.5,0,0,3.4,29477.67
2009-12-20,32,8.3,20.6,0,0,2.9,30415.08
2009-12-21,31.7,8,21.3,0,0,2.8,28604.18
2009-12-22,31.8,16.9,25.4,0.252,8,3.6,5930.03
2009-12-23,34.7,23.4,30.4,0,0,5.8,30425.4
2009-12-24,24.9,7.8,19,0,0,4.7,30436.98
2009-12-25,22,-3.4,10.5,0,0,4,30452.58
2009-12-26,22.2,8.4,14.2,0,0,2.8,30472.16
2009-12-27,21.7,0.8,11.2,0,0,4.2,30495.67
2009-12-28,20.8,1.6,12.4,0,0,3.5,28704.38
2009-12-29,24.3,13.8,19.8,0.071,12,2.8,6485.9
2009-12-30,26.4,15.1,21,0.047,6,2.9,8382.52
2009-12-31,24.3,2.9,15.4,0,0,4,30628.25
2010-01-01,26.3,4.9,15.9,0,0,3,30670.8
2010-01-02,28.1,14.7,20.7,0,0,3.7,30717.01
2010-01-03,29.5,7.6,18.2,0,0,3.2,30766.82
2010-01-04,27.7,5.1,16.4,0,0,3.9,30820.19
2010-01-05,29,11,19.7,0,0,3.4,30877.05
2010-01-06,33.3,8.6,22.1,0,0,2.9,30688.06
2010-01-07,30.3,14.7,21.7,0,0,5,30545.45
2010-01-08,26.1,-2.5,12.8,0,0,3.6,31072.82
2010-01-09,28.5,9.1,17.7,0,0,3.6,31146.32
2010-01-10,32.7,14.9,23,0,0,2.8,31223.66
2010-01-11,33.4,16.1,23.8,0,0,3.4,31304.68
2010-01-12,34.8,11.4,23.8,0,0,3.4,30488.81
2010-01-13,37.4,14.8,27.3,0,0,2.8,28500.4
2010-01-14,40,24.5,31,0,0,3.4,31568.07
2010-01-15,38.2,17.9,27.3,0,0,3.1,31662.1
2010-01-16,35.9,16.3,26.6,0,0,3.1,26731.68
2010-01-17,39.8,23.9,30.6,0.012,2,5.5,31858.52
2010-01-18,40,16.6,29,0.008,2,4.7,16991.5
2010-01-19,43.6,30.8,35.9,0.146,9,11,29865.21
2010-01-20,37.5,23.3,31,0.228,11,9.7,21468.26
2010-01-21,35.5,22.7,30.6,0.378,19,7.8,0
2010-01-22,38,25.6,33.5,0.126,7,15.8,31711.15
2010-01-23,32.1,20.9,26,0,0,9.5,32404.95
2010-01-24,33.7,15.1,25.8,0,0,9.1,32427.96
2010-01-25,34.4,6.1,20.9,0,0,3.6,32456.23
2010-01-26,33.6,10.1,22.7,0.004,1,3.1,28868.67
2010-01-27,31.6,13.9,25,0.331,16,3.9,0
2010-01-28,36.2,28.3,31.7,0.098,9,2.6,23444.36
2010-01-29,32.3,16.5,24.9,0,0,4.2,32663.29
2010-01-30,29.4,11,20.9,0,0,4.1,32724.32
2010-01-31,30.8,14.3,22.5,0,0,3.2,32853.97
2010-02-01,32.5,9.3,21.5,0,0,2.6,32950.83
2010-02-02,32,11,21.7,0,0,2.3,33011.69
2010-02-03,33,5.2,21.6,0,0,3.4,32241.84
2010-02-04,36.4,18.3,27,0,0,4.1,33666.84
2010-02-05,40.7,15.9,27.7,0,0,3.6,31704.4
2010-02-06,40.3,23.5,31.6,0.075,7,4.8,14829.88
2010-02-07,34.9,28.9,31.5,0.331,18,4.5,691.34
2010-02-08,33,16.4,26.2,0,0,5.9,34395.6
2010-02-09,33.1,-1.6,18.7,0,0,3.7,34364.02
2010-02-10,36.3,16.4,26.3,0,0,3.6,34336.93
2010-02-11,36.2,16.1,25.9,0,0,4.7,34423.55
2010-02-12,41.7,14.6,28.8,0,0,5.6,35158.88
2010-02-13,45.2,20,32.7,0,0,8.3,35303.17
2010-02-14,40.4,23.1,32.6,0,0,9.1,35447.46
2010-02-15,39.1,17.7,28.6,0.016,3,5.7,30000.1
2010-02-16,42.4,21.7,32.3,0,0,3,35738.46
2010-02-17,43.7,22,34.1,0,0,2.6,34665.72
2010-02-18,44.4,22.6,34.1,0.004,1,5.2,36035.3
2010-02-19,39.5,23.6,31.4,0.303,13,4.3,22211.09
2010-02-20,35.2,27.4,30.7,0.394,16,4.1,7903.89
2010-02-21,31.7,17.1,26,0.154,15,3.5,14126.38
2010-02-22,27.8,12.2,20.1,0,0,6.8,36642.03
2010-02-23,28.1,1.4,15.7,0,0,3.5,36795.62
2010-02-24,34.2,3.5,19.6,0.012,2,3.4,25652.25
2010-02-25,35.7,18.1,28.3,0.012,3,4.6,36120.75
2010-02-26,38.2,9.1,24.7,0,0,4,37258.82
2010-02-27,44.3,14.5,29.6,0,0,4.3,29112.88
2010-02-28,46.6,28.2,35.7,0.02,4,6.6,37568.39
2010-03-01,48.3,28.3,38,0,0,6.1,37723.05
2010-03-02,47.7,23,35.4,0,0,4.3,34378.76
2010-03-03,51.5,25.2,37.6,0.008,1,5.7,38031.51
2010-03-04,52.4,27.7,38.5,0.189,6,17,32967.77
2010-03-05,47.4,26.8,36.5,0,0,9.6,38338.07
2010-03-06,50.6,23.4,36.1,0,0,6.6,38490.36
2010-03-07,48.1,28.3,36.8,0.177,11,7.1,31323.38
2010-03-08,47.9,32.2,38.3,0.11,11,8.3,24765.42
2010-03-09,47.2,27,37.3,0.047,3,8.2,38947.98
2010-03-10,42.1,28.5,35.1,0.091,11,11.1,30929.12
2010-03-11,44.1,25,34.2,0,0,9.3,39256
2010-03-12,46.1,21.8,34.9,0,0,4.1,39410.6
2010-03-13,52.6,22.2,36.7,0.343,11,13.6,39067.84
2010-03-14,45.4,30.6,36.8,0.307,12,4.7,31984.69
2010-03-15,49,25.6,37.2,0,0,3.1,39598.19
2010-03-16,53.3,25.4,40.1,0,0,3.5,39675.2
2010-03-17,56.1,27.7,42.4,0,0,3.4,39684.08
2010-03-18,59.2,27.9,44.2,0.079,7,6.3,39303.34
2010-03-19,43.4,28.9,38.7,0.035,7,15,39630.54
2010-03-20,43,20.9,32.5,0,0,5.4,40157.3
2010-03-21,51.1,20.4,35.9,0,0,4.5,40308.47
2010-03-22,59.5,27.5,43.7,0,0,8.6,40435.25
2010-03-23,46.1,33.1,40.8,0.028,4,11.6,39158.44
2010-03-24,49.5,29.9,39.5,0,0,11.4,40803.51
2010-03-25,56.5,26.3,42.2,0,0,16.2,38818.89
2010-03-26,47,33.4,40.1,0.189,7,15.9,19702.15
2010-03-27,49.3,29.3,38.1,0,0,10.5,41411
2010-03-28,53.9,26.8,40.7,0,0,5.7,41588.3
2010-03-29,62.7,27.7,45,0,0,10.6,41560.15
2010-03-30,68.5,37.3,53.4,0,0,24.2,41738.73
2010-03-31,61.4,45,52.5,0,0,24.8,20402.21
2010-04-01,45.9,31.2,41.6,0.024,3,17.8,39439.2
2010-04-02,47.8,27.5,37.8,0,0,9.2,41556.48
2010-04-03,56.1,31.7,44.3,0,0,15.3,32620.72
2010-04-04,61.5,38,49.8,0.008,1,16.9,37371.57
2010-04-05,62.1,40.7,52.5,0.031,2,29.2,41982.87
2010-04-06,47.2,31.1,39.1,0.004,1,18.6,43180.5
2010-04-07,52.3,29.3,41,0,0,7.3,43326.43
2010-04-08,60.9,27.7,45.3,0,0,6.5,43471.62
2010-04-09,69.3,30.7,51.6,0,0,13.2,43615.97
2010-04-10,69.8,39.4,54.8,0,0,14.7,43759.4
2010-04-11,73.3,37.4,57,0,0,16.4,43368.9
2010-04-12,73.1,40.1,57.5,0,0,25.2,44043.05
2010-04-13,56.4,38.5,48.2,0.004,1,13,43910.66
2010-04-14,65.4,32.8,51.1,0,0,5.5,44321.77
2010-04-15,71,40.1,56.9,0,0,5.7,44459.03
2010-04-16,76.5,40.2,58.3,0.012,2,9.5,32068.05
2010-04-17,72.4,44.1,60.3,0,0,9.1,44730.75
2010-04-18,75,41.3,60.6,0,0,8.5,44866.15
2010-04-19,76.1,42.2,61.4,0,0,9.3,45001.15
2010-04-20,75.1,45.2,62.8,0,0,14.7,45135.64
2010-04-21,69.6,48.8,58.9,0.15,7,18.8,40410.27
2010-04-22,53.3,39.6,47.1,0.114,6,11.4,45336.19
2010-04-23,55.8,39.1,47.8,0,0,15.3,30931.95
2010-04-24,65,44.3,54.1,0,0,11.2,45445.48
2010-04-25,68.5,47.6,57.2,0,0,16.8,45295.17
2010-04-26,65.7,41,54.6,0,0,6.8,45555.56
2010-04-27,78.5,37.2,62.1,0,0,19.9,43337.52
2010-04-28,74.9,48.5,65.8,0,0,28.2,45662.71
2010-04-29,50.9,36.4,43.1,0.102,8,16.3,43557.21
2010-04-30,55.1,32.6,44.1,0.016,2,10.8,44162.78
2010-05-01,56.1,35.4,46.5,0.008,1,11.1,46049.98
2010-05-02,54.8,39.2,47.3,0,0,11.2,45095.59
2010-05-03,67,35.3,52.6,0,0,12.5,46321.11
2010-05-04,71.6,46.5,60.3,0,0,18.2,46466.4
2010-05-05,78.6,42.5,63.2,0,0,22.5,46203.16
2010-05-06,65,43.6,55.7,0,0,19.3,46687.34
2010-05-07,60,34.5,48.7,0,0,6.7,46935.84
2010-05-08,75,37.7,59.1,0,0,13,46635.46
2010-05-09,80.2,50.6,67.1,0,0,20.1,47274.49
2010-05-10,68.2,49,60.2,0,0,17.7,46295.25
2010-05-11,60,45.9,54.6,0.016,2,22.9,47116.87
2010-05-12,59.6,40.7,50.4,0.016,3,7.6,46758.96
2010-05-13,60.8,40.7,51.5,0.051,8,4.8,46486.48
2010-05-14,64.9,44.1,55.1,0,0,10,38012.72
2010-05-15,67.7,44.4,56.6,0,0,6.1,48095.09
2010-05-16,73.9,42.2,60.9,0,0,6.5,48193.54
2010-05-17,84.9,45.6,68.5,0,0,17.3,44861.66
2010-05-18,69.5,54.2,62.9,0.094,4,15.7,41635.19
2010-05-19,73.1,47.9,60.2,0,0,13.5,48476.42
2010-05-20,77.7,52.3,65.6,0,0,7.1,48566.19
2010-05-21,85.5,48.3,70.7,0,0,23.7,48608.57
2010-05-22,75.5,59.5,69.4,0,0,23.9,48647.2
2010-05-23,76.2,47.9,63.6,0,0,27.1,48684.09
2010-05-24,65.5,44,55.2,0,0,20.3,48719.2
2010-05-25,73.9,45.2,60.3,0,0,4.9,48752.46
2010-05-26,83.6,46.6,68.2,0,0,16.9,48465.42
2010-05-27,88.6,54.4,73.8,0,0,20.7,48341.16
2010-05-28,90.7,57.4,76.3,0,0,25.1,48841.17
2010-05-29,71.3,51.9,63,0,0,14.3,48907.96
2010-05-30,74.7,49.3,63.1,0,0,7.6,48933.14
2010-05-31,86,49.7,70.9,0,0,14.2,48913.7
2010-06-01,82.5,58.7,73.2,0,0,13.4,45520.95
2010-06-02,82.1,59.7,72.5,0,0,8.8,47681.13
2010-06-03,90.6,58.6,77.8,0,0,11.1,44191.21
2010-06-04,93.8,63.8,81.4,0,0,11.6,48986.16
2010-06-05,93.5,70.5,82.7,0,0,12.7,45002.82
2010-06-06,100.1,66.8,85.5,0.004,1,17.3,46735.55
2010-06-07,99.2,70.4,86.8,0,0,19.2,49023.02
2010-06-08,90.4,66.8,80.4,0,0,9.5,49032.07
2010-06-09,95.5,67,83.9,0,0,20.5,49039.55
2010-06-10,91.4,72.1,82,0,0,21.7,48868.89
2010-06-11,81.9,61.6,72.4,0,0,12.7,44605.07
2010-06-12,71.3,56.7,62.6,0.335,13,9.1,30281.59
2010-06-13,65.9,50.4,58.2,0.043,6,9,42882.46
2010-06-14,70.9,51.9,61.3,0,0,6,49232.53
2010-06-15,82.5,48.9,67.7,0,0,7.2,49393.18
2010-06-16,87.5,54.6,72.9,0,0,26.6,49048.69
2010-06-17,81.9,55.1,68,0,0,8.6,49556.06
2010-06-18,91,52.6,74.4,0,0,15.1,49637.39
2010-06-19,90.6,60.8,77.7,0,0,19.9,49633.01
2010-06-20,89.2,59.3,76.7,0,0,19.4,49626.32
2010-06-21,89.7,56.7,76.3,0,0,16.8,49704.48
2010-06-22,88.5,55.2,76,0,0,13.6,49694.12
2010-06-23,93,59.5,78.4,0,0,7,49681.57
2010-06-24,97.5,57.2,81,0,0,17.1,49666.9
2010-06-25,95.6,65.7,82.9,0,0,16,45575.65
2010-06-26,92.3,66.9,82.3,0,0,11.4,49004.06
2010-06-27,91.2,69.2,81.7,0,0,8.9,49521.11
2010-06-28,95,63.8,82.9,0,0,7.6,49318.74
2010-06-29,93.1,65.7,80.5,0,0,9.9,49114.76
2010-06-30,93.4,65.7,81.6,0,0,12.6,48821.01
2010-07-01,93.7,66.8,81.6,0.012,1,13.9,49063.2
2010-07-02,93.8,67.2,82.8,0,0,18.6,49035.86
2010-07-03,92.1,70.7,83,0,0,17.4,49539.7
2010-07-04,86.1,67.7,76.7,0,0,17.3,49330.71
2010-07-05,86.7,57.3,74.2,0,0,6.6,49385
2010-07-06,93.5,56.9,79.2,0,0,11.4,49003.13
2010-07-07,91.8,64.7,79.9,0,0,17.2,49054.36
2010-07-08,89.5,62.3,78.5,0,0,11.8,49270.55
2010-07-09,91.8,62.1,79.6,0,0,12.3,48728.72
2010-07-10,93.7,65.2,81.2,0,0,11.2,48855.96
2010-07-11,93.4,63.7,81.2,0,0,16.3,48131.77
2010-07-12,95.5,63.1,82.6,0,0,9.2,48930.81
2010-07-13,98.7,65.6,85,0,0,15.5,48574.84
2010-07-14,97.5,70.6,86.2,0,0,9.4,48718.42
2010-07-15,98.7,71.7,86.6,0,0,6.7,48711.18
2010-07-16,101,70.8,88.1,0,0,6.9,48661.28
2010-07-17,101.7,69.5,88.6,0,0,12.1,48264.57
2010-07-18,100.8,74.7,89.8,0,0,10.1,48252.56
2010-07-19,101.8,73.3,90.4,0,0,11.2,48035.16
2010-07-20,100.3,75.8,89.3,0,0,15.4,47674.36
2010-07-21,92,74.9,84.3,0,0,14.6,46964.93
2010-07-22,94.9,72.9,85,0,0,11.5,46974.43
2010-07-23,95.8,70.4,85.4,0,0,7.2,47208.3
2010-07-24,97.2,68.5,86.2,0,0,12.5,47245.71
2010-07-25,95.1,71.7,84.8,0,0,10.1,46885.92
2010-07-26,93.8,70.7,81.3,0.087,5,12.5,47317.31
2010-07-27,90,69.3,80.5,0.016,2,6.5,47055.93
2010-07-28,91.3,70.9,80.8,0.055,4,12,47132.91
2010-07-29,85,70.8,78.4,0,0,6.5,46816.66
2010-07-30,91.1,67.2,80.3,0,0,5.7,46969.61
2010-07-31,89.2,69.9,80.3,0,0,10.8,44954.49
2010-08-01,82.7,70.5,77.3,0.035,3,8.2,37891.23
2010-08-02,84.9,68.3,76.4,0.012,1,13.7,39600
2010-08-03,89,65.8,78.2,0,0,8.6,43526.9
2010-08-04,89.3,66.8,78.7,0,0,7.7,44129.93
2010-08-05,84.7,63.7,76.2,0,0,5.9,46649
2010-08-06,92.3,64.6,79.6,0.004,1,16,45149.63
2010-08-07,83.6,65.9,73.3,0.059,2,15.1,23193.96
2010-08-08,82.3,58.6,72,0,0,9.2,46454.81
2010-08-09,87.4,61.4,76.1,0,0,14,46387.92
2010-08-10,89.8,58.7,76.8,0,0,15.9,46324.79
2010-08-11,91.2,63.2,76.9,0.106,4,19.6,46251.24
2010-08-12,91.3,63.1,78.5,0,0,17.1,46181.55
2010-08-13,90.7,62.7,77.7,0,0,8.4,46111.04
2010-08-14,93.9,56.9,78.6,0,0,9.6,46039.2
2010-08-15,96.3,59.6,81.2,0,0,6.7,45965.71
2010-08-16,93.6,70.4,80.1,0.059,3,13.3,44913.61
2010-08-17,91.8,62.9,78.9,0,0,7.9,45759.78
2010-08-18,94.4,63.6,77.1,0.039,4,16.8,28695.22
2010-08-19,81.2,64,71.3,0.173,7,9.2,45501.76
2010-08-20,82.6,57.6,70.9,0,0,4.2,45370.79
2010-08-21,90.8,55.8,75.7,0,0,10.4,45238.64
2010-08-22,92.3,62.2,79.3,0,0,16,44740.59
2010-08-23,89.3,68.2,78.6,0,0,10.8,44971.23
2010-08-24,88.8,64.1,76.8,0,0,7.1,44836.15
2010-08-25,91.8,62.1,78.5,0,0,7,44700.29
2010-08-26,93.5,60.3,79.8,0,0,8,44563.74
2010-08-27,93.3,61.4,80.1,0,0,18.8,44426.6
2010-08-28,86.6,67.1,78.7,0,0,19.5,44288.95
2010-08-29,84.6,67.6,76.1,0.047,1,23,43554.9
2010-08-30,80.3,61.8,72.1,0.028,1,21,44012.51
2010-08-31,82.6,62.1,72.1,0,0,8.8,43873.89
2010-09-01,85.1,56,72.6,0,0,7.7,43735.13
2010-09-02,85.5,62.2,74.7,0,0,6.6,43596.31
2010-09-03,89.4,57.5,75.7,0,0,5.9,43453.44
2010-09-04,93.8,57.4,78.8,0,0,9.2,43264.58
2010-09-05,92.1,65,80.6,0,0,18.8,42998.52
2010-09-06,76.7,57.6,69.4,0,0,14,42826.22
2010-09-07,81.3,51.4,66.8,0.024,3,14.9,30016
2010-09-08,78.6,56.1,67.7,0.024,4,14.2,42180.22
2010-09-09,77.3,61.1,69.2,0,0,22.4,41972.58
2010-09-10,72.2,55.1,64.4,0,0,10.3,42109.26
2010-09-11,78.5,47.6,65.1,0,0,4.6,41992.73
2010-09-12,84.3,49.8,69.2,0,0,4.9,41773.26
2010-09-13,86.9,52.9,72.1,0,0,7.9,41796.3
2010-09-14,89,53.8,73.6,0,0,15.8,41712.87
2010-09-15,85.4,63.2,74.8,0,0,6.7,41660.45
2010-09-16,87.2,54.7,72.9,0,0,6.9,41565.59
2010-09-17,91,53.6,74.2,0,0,12.4,41416.75
2010-09-18,90.8,55.1,74.9,0,0,11.1,41267.92
2010-09-19,93.3,53.1,75.3,0,0,15.2,41119.17
2010-09-20,88.7,63.3,76.6,0,0,18.7,40463.67
2010-09-21,87.4,54.8,73.1,0,0,15,40822.31
2010-09-22,76.5,59,67.2,0.48,9,14.4,39350.2
2010-09-23,71.7,52.7,62,0.098,5,8.5,40526.07
2010-09-24,74,47.1,62.3,0,0,4,40376.83
2010-09-25,77.5,52.7,65.6,0,0,3.8,40226.75
2010-09-26,80.3,53.7,68.1,0,0,4.3,40075.93
2010-09-27,84.8,58.7,71.8,0,0,4.1,39924.45
2010-09-28,85.3,59.4,73.9,0,0,4.3,39772.41
2010-09-29,85.8,61.4,73.9,0,0,3.2,39619.91
2010-09-30,86.6,58.2,73.6,0,0,5.4,39467.04
2010-10-01,86.9,56.8,72.6,0,0,5.1,39027.75
2010-10-02,86.2,57.8,73.1,0,0,5.1,39091.43
2010-10-03,83,55,70.8,0.016,2,11,37887.44
2010-10-04,78.5,56.5,68.2,0,0,15.6,38419.3
2010-10-05,76.9,53.8,65.2,0.008,2,12.1,38307.94
2010-10-06,76.6,54.9,62.4,0.327,15,12.5,35010.94
2010-10-07,74.7,53.9,62.4,0.012,1,16.6,37774.46
2010-10-08,63.7,48.3,56.5,0.02,2,10.5,37829.01
2010-10-09,64.7,48.4,56.7,0,0,8.5,37186.89
2010-10-10,67.7,49.3,58.4,0,0,6.9,37491.64
2010-10-11,69.9,48.4,60.9,0,0,5.6,37153.43
2010-10-12,72.2,51.5,62.3,0,0,7.8,37003.62
2010-10-13,71.3,51.3,61.5,0,0,5.9,37008.12
2010-10-14,72.6,47.1,61.4,0,0,4.6,36798.08
2010-10-15,74.3,46.1,62,0,0,6.3,36568.21
2010-10-16,74.1,49.3,62.3,0,0,5.4,36434.3
2010-10-17,73.7,43.9,60.5,0,0,6.7,36000
2010-10-18,62.4,52,57.1,0.02,2,6.6,23221.09
2010-10-19,67,47.6,57.3,0,0,4,36134.34
2010-10-20,72,46.5,59.7,0,0,8.2,36079.41
2010-10-21,62.7,50.9,57.6,0.004,1,5.8,26345.72
2010-10-22,56,48.4,52.1,0.26,20,10.3,14802.6
2010-10-23,61.2,44.4,52.8,0,0,11.8,35839.74
2010-10-24,61.8,43.1,53.2,0.055,3,14.4,29017.9
2010-10-25,56.1,36.5,47.7,0.248,10,19.1,29763.39
2010-10-26,49.5,32.7,40.5,0,0,13,35542.92
2010-10-27,46.2,30.8,38.4,0,0,10.3,35396.62
2010-10-28,53.7,29,42.1,0,0,4.3,35251.54
2010-10-29,61.4,33.9,48,0,0,3.8,34556.99
2010-10-30,70.2,39.1,52.7,0.016,2,19.3,31769.27
2010-10-31,58.4,39.1,49.8,0,0,5.2,34825.07
2010-11-01,59.7,42.5,50.8,0,0,5.1,34686.38
2010-11-02,64.8,38.4,51.8,0,0,3.4,34548.93
2010-11-03,68.6,44.1,55.6,0,0,5.8,34411.77
2010-11-04,65.1,40.4,53.7,0,0,3.7,34274.98
2010-11-05,67.2,38,53.8,0,0,3,34138.69
2010-11-06,69.6,37.2,54.4,0,0,5,34003.06
2010-11-07,65.7,38.8,52.6,0,0,13.1,33267.16
2010-11-08,62.2,45.5,52,0.094,6,18.2,19868.01
2010-11-09,46.7,33.7,40.4,0.028,5,11.6,33601.66
2010-11-10,42.7,27.5,35.2,0.031,6,6.7,21420.28
2010-11-11,46.8,31,37.1,0,0,7.2,32410.39
2010-11-12,44.3,28.4,37,0,0,3,33211.82
2010-11-13,44.8,29.1,37.1,0,0,6.1,33085.23
2010-11-14,44.5,29.2,37.1,0,0,6.5,32960.6
2010-11-15,50.2,32.3,40.4,0,0,9.9,32838.12
2010-11-16,57.4,31.3,41.6,0,0,22.7,32717.97
2010-11-17,48.3,30.8,39.1,0,0,4.7,32600.34
2010-11-18,58.5,25.4,40.1,0,0,8.8,32485.42
2010-11-19,60,29,43.8,0,0,12.7,28978.65
2010-11-20,60.3,43.9,50.8,0.031,2,19.7,23673.8
2010-11-21,52,34,43.7,0.118,10,28.2,31146.56
2010-11-22,42.7,28.2,34.3,0.004,1,18,26661.91
2010-11-23,45.6,25.4,35.8,0,0,19.5,31955.66
2010-11-24,37.8,15.8,26.2,0.075,4,18.6,31519.79
2010-11-25,25.9,11.1,18.3,0,0,5.2,31760.59
2010-11-26,33.4,15.2,24,0,0,3.3,31594.98
2010-11-27,40,16.7,28.9,0,0,5.1,30698.83
2010-11-28,37.2,26.1,31.3,0.039,6,12.7,15478.06
2010-11-29,36.3,22,28.9,0,0,11.9,29258.11
2010-11-30,33.7,16.4,24.6,0,0,4.6,31119.07
2010-12-01,42.2,19.6,30.3,0,0,3.8,30859
2010-12-02,45.2,22.1,32.9,0,0,2.9,30824.24
2010-12-03,51.5,27.2,37.9,0,0,3.2,28996.95
2010-12-04,52.6,28.8,40.3,0.004,1,3.2,28800
2010-12-05,52.4,32.6,42.2,0,0,3.3,29337.44
2010-12-06,48.1,28.1,37.8,0.055,5,5.1,24735.92
2010-12-07,46.7,32.4,38.5,0,0,3,30497.69
2010-12-08,46.3,26.3,35.5,0,0,3.5,27976.49
2010-12-09,45,26.4,36.3,0,0,2.3,26728.08
2010-12-10,52.6,29.8,41.2,0,0,8.4,29708.73
2010-12-11,48.4,34.2,41.9,0,0,9.6,30418.36
2010-12-12,51,29.3,39.2,0,0,3.6,30425.83
2010-12-13,54,26.1,39.2,0,0,3.6,30442.25
2010-12-14,54.7,27.9,41.4,0,0,5,29718.98
2010-12-15,50.6,33.7,43.3,0,0,14.3,28845.15
2010-12-16,41.6,27.5,34,0,0,7.3,30220.67
2010-12-17,37.1,24.6,30.6,0,0,5.4,27158.3
2010-12-18,45.1,31.6,37.3,0.106,7,7,7308.26
2010-12-19,50.5,38.1,44.9,0.154,14,18.8,4665.99
2010-12-20,51,45.8,48.7,0.161,11,18.9,725.4
2010-12-21,51.2,43.5,48.3,0.15,20,15.5,1821.58
2010-12-22,54.8,38.9,44.9,0.122,11,8.9,25409.69
2010-12-23,47.1,37.6,42.7,0.346,19,4.2,19422.56
2010-12-24,45.2,32.7,38.4,0,0,3.4,30434.85
2010-12-25,42.4,30.5,35.7,0,0,4.2,30448.17
2010-12-26,41.7,27,34.1,0.016,2,4.9,24926.61
2010-12-27,39.1,29.7,34.2,0,0,4.3,28459.19
2010-12-28,37.8,25.7,31.3,0,0,4.1,30512.02
2010-12-29,36.8,27.2,33.4,0.382,20,12.2,0
2010-12-30,33.8,16.8,23.5,0.508,22,9.5,0
2010-12-31,12.9,-5.3,6.5,0.02,3,8.9,29313.44
2011-01-01,10.7,-17.6,-4.1,0,0,4.3,30653.05
2011-01-02,9.5,-17.1,-2.3,0,0,3.1,29699.52
2011-01-03,17.3,3.5,9.7,0,0,2,30749.58
2011-01-04,20.9,6.2,12.5,0,0,2.2,30804.24
2011-01-05,21.9,-3.5,8.8,0,0,2.9,30862.98
2011-01-06,24.2,4.7,13.1,0,0,3.2,30925.67
2011-01-07,25.3,10.6,16.9,0,0,2.7,30992.14
2011-01-08,28.9,6.4,18.8,0,0,3.4,31062.28
2011-01-09,29.5,19.1,23.9,0.043,7,6.8,25315.79
2011-01-10,18.1,-5.4,11.2,0,0,4.3,31212.94
2011-01-11,17.2,-17.2,1.3,0,0,3.8,22159.73
2011-01-12,20,4.3,10.9,0,0,3.2,31376.5
2011-01-13,27.2,4.3,15.8,0,0,2.6,31462.78
2011-01-14,32.1,17.6,23.8,0,0,3.1,31551.87
2011-01-15,34,18.7,24.2,0,0,3.4,31643.62
2011-01-16,36.7,12,24.5,0,0,3.8,31737.91
2011-01-17,40.4,21.6,31.7,0,0,6.5,31834.6
2011-01-18,41.9,18.1,32.7,0,0,4.3,31933.56
2011-01-19,42.1,18.8,28.7,0,0,10.2,32034.65
2011-01-20,33.3,16.7,24.7,0,0,4,32137.75
2011-01-21,37.8,10.7,23.9,0,0,3.4,32243.49
2011-01-22,43.7,19.6,30.3,0,0,12.4,32353.35
2011-01-23,37.4,18.1,27.8,0,0,6.7,32400.33
2011-01-24,38.7,16.8,26.5,0,0,6.3,32421.16
2011-01-25,36.7,16.1,26,0.031,4,3.6,31280.08
2011-01-26,41.6,22.3,30.1,0,0,4.9,32494.47
2011-01-27,42.7,18.2,30,0,0,3.6,32540.28
2011-01-28,45.1,20.8,32.5,0,0,2.7,32646.56
2011-01-29,46.4,22.3,34,0,0,2.9,32707.15
2011-01-30,49.7,24.2,35.7,0,0,10.6,32400
2011-01-31,40.4,25.8,34,0.134,15,10.2,32561.79
2011-02-01,25.5,0.1,13.6,0,0,18.6,32091.79
2011-02-02,14,-0.3,5.8,0,0,11.9,33448.02
2011-02-03,30.8,3.9,16.6,0,0,3.7,33511.28
2011-02-04,38.1,14.9,25.8,0,0,4.5,33654.98
2011-02-05,45.6,22.3,32.4,0.004,1,15.1,33426.64
2011-02-06,38.7,21.5,29.9,0,0,8.9,34017.62
2011-02-07,48.2,20.9,32.8,0.031,4,12.1,33640.59
2011-02-08,31.9,16.1,25.7,0.008,2,12.3,33821.72
2011-02-09,25.4,9.6,17.6,0,0,6.1,33944.43
2011-02-10,32.1,9.6,21.1,0,0,3.4,34827.34
2011-02-11,39,13.8,26.4,0,0,3,34969.23
2011-02-12,45.8,17,30.8,0,0,3.2,35112.91
2011-02-13,50,19.4,34.5,0,0,4.1,34017.85
2011-02-14,56.4,21.5,38.7,0,0,7.5,34088.84
2011-02-15,56.4,23.6,39.9,0,0,6.6,33806.06
2011-02-16,56.9,32.3,44.5,0.004,1,20.5,35702.21
2011-02-17,49.5,32.2,41.4,0.067,6,17.8,35852.4
2011-02-18,51.4,27.6,37.8,0,0,10.6,6044.37
2011-02-19,55.5,29.2,40.6,0.299,12,23.3,26459.49
2011-02-20,43.4,29.5,35.9,0,0,15.4,36307.5
2011-02-21,42.8,27.4,34.9,0,0,6.3,35285.47
2011-02-22,48.2,24,35.7,0,0,15.8,36613.28
2011-02-23,48.4,26.2,36.9,0,0,9.6,36766.48
2011-02-24,48.5,27.5,37.1,0,0,15.3,36919.71
2011-02-25,46.4,32.2,39.7,0.004,1,18.6,27265.37
2011-02-26,49.9,34.4,42.2,0.016,2,18.8,22164.34
2011-02-27,48.6,28.5,37,0.024,5,13.8,34973.14
2011-02-28,52.7,25.5,38.8,0,0,11.9,37530.54
2011-03-01,55.1,23.8,40.6,0,0,4.7,37682.11
2011-03-02,59.6,27,43.9,0,0,11.8,36487.82
2011-03-03,57,34.7,45.3,0.012,2,14.1,37985.59
2011-03-04,50.1,32.1,40.6,0,0,10.9,38138.59
2011-03-05,55.3,25.7,40.2,0,0,9.2,38292.32
2011-03-06,52.9,30,42,0,0,10.1,19506.22
2011-03-07,50.1,31.2,41.2,0.15,9,13.9,19329.31
2011-03-08,47.1,30.8,38.9,0.008,1,14.4,38756.68
2011-03-09,52.5,27.5,41.1,0,0,5.9,38912.14
2011-03-10,62.8,27.2,44.8,0,0,9.3,39067.78
2011-03-11,65.2,34.3,50.4,0,0,7,39223.46
2011-03-12,65.8,37.7,53.2,0,0,12.3,39379.1
2011-03-13,57.8,40.6,49,0,0,7.1,39458.25
2011-03-14,63.8,30.8,48.8,0,0,7.7,39525.3
2011-03-15,63.5,40.2,51.6,0,0,5.4,39579.1
2011-03-16,72.5,38.4,57.1,0,0,20.4,35474.35
2011-03-17,55.5,39.6,46.9,0.079,7,11,27154.81
2011-03-18,62.9,33,47.2,0.008,1,11.3,39763.95
2011-03-19,62.5,39.8,51.5,0,0,22.5,34882.07
2011-03-20,60.5,36.5,50.7,0,0,17.3,22438.95
2011-03-21,62.3,41.4,48.9,0,0,29.9,37191.09
2011-03-22,51.7,33.7,42.6,0,0,15.1,38752.2
2011-03-23,56,32.2,44.4,0,0,5.9,40678.48
2011-03-24,55.2,32.6,43.9,0.031,2,23.2,40648.22
2011-03-25,53.8,35.3,42.9,0.035,2,19.3,24564.41
2011-03-26,51.7,29.8,41.4,0.024,4,8.4,28061.1
2011-03-27,59.5,35,47.2,0.008,1,15.1,38647.41
2011-03-28,56.7,37.3,46.5,0.016,2,16.4,40979.09
2011-03-29,52,30.4,41.9,0,0,6.5,41604.94
2011-03-30,61.5,39.7,49.4,0,0,15.5,41424.65
2011-03-31,69.3,44.7,55.8,0,0,16,42054.64
2011-04-01,72.8,46.7,60.4,0,0,9.2,40930.39
2011-04-02,80.1,38.2,62.8,0,0,21.5,41539.56
2011-04-03,67.3,34.4,51,0.039,3,21,39061.54
2011-04-04,52,28.2,40.9,0,0,7.8,41723.69
2011-04-05,72.5,29.7,53.2,0,0,14.8,43004
2011-04-06,56.1,43.6,51.8,0,0,9.7,31202.25
2011-04-07,65.7,39.8,54.1,0,0,22.6,41994.44
2011-04-08,60.5,46.2,53.8,0,0,24.3,32533.93
2011-04-09,52.4,37.2,44.8,0.02,2,20.4,31590.09
2011-04-10,55.3,29.5,42.6,0,0,14.3,43562.38
2011-04-11,59.9,35.1,47.8,0,0,4.8,42789.53
2011-04-12,69.1,34,53.1,0,0,11.5,39874.01
2011-04-13,68.4,45.7,57,0,0,19,42510.48
2011-04-14,56.7,40.6,47.7,0.035,4,16.4,44281.14
2011-04-15,58.7,36.1,47.7,0,0,6.1,44420.25
2011-04-16,70.7,36.7,55.9,0,0,13.3,44558.93
2011-04-17,76,43.3,62.6,0,0,18.6,44697.08
2011-04-18,70.2,51.9,61,0.091,5,20,7895.18
2011-04-19,63.9,42.9,54.5,0.016,2,14.9,44971.39
2011-04-20,73.6,41.6,58.5,0,0,17.4,43911.95
2011-04-21,73.3,45.1,57.7,0.031,4,25.3,45242.42
2011-04-22,61.1,42.2,52,0,0,9.3,44696.25
2011-04-23,58.1,43.7,49.9,0.028,4,9.9,22228.03
2011-04-24,55.1,42.8,49.5,0.209,12,9.4,36434.44
2011-04-25,61.4,38.9,50.2,0,0,14.7,44022.66
2011-04-26,52,37,44.7,0,0,21.4,45542.12
2011-04-27,53,30.5,42.7,0,0,7.3,45635.5
2011-04-28,69.9,28.6,52.1,0,0,15.9,45689.06
2011-04-29,57.7,36.4,51.4,0,0,21,45848.71
2011-04-30,48.9,30,40.2,0,0,10.4,45570.88
2011-05-01,54.7,29.7,43.7,0.004,1,15.5,46096.69
2011-05-02,59,37.9,48.8,0,0,8.9,46163.63
2011-05-03,72.6,32.8,55.7,0,0,14.7,45935.76
2011-05-04,68,45.6,57.4,0,0,14.5,46369.8
2011-05-05,72.6,44,59.2,0,0,7.4,46598.84
2011-05-06,81.7,43.2,65.6,0,0,12.8,46158.62
2011-05-07,84.4,48.4,70.5,0,0,18.3,46740.9
2011-05-08,81.3,55.1,70.2,0,0,23.4,46346.46
2011-05-09,63.8,47.9,56.7,0.091,9,21.9,40869.65
2011-05-10,57.7,41.7,50.3,0,0,8.4,47237.3
2011-05-11,59.2,43.5,50.8,0.012,2,10.5,36954.71
2011-05-12,69.9,39,56.5,0,0,6.5,47589.36
2011-05-13,77.9,42.3,63.4,0,0,9.1,47872.95
2011-05-14,78.6,47.2,66.2,0,0,9.1,47734.52
2011-05-15,82.1,50.1,68.7,0,0,20.6,48076.02
2011-05-16,74.9,52.3,65.5,0,0,21.1,42220.66
2011-05-17,67.2,47.8,58,0.059,6,18,39441.19
2011-05-18,57.3,45,51.4,0.24,14,13.7,30491.36
2011-05-19,56.2,41,48.6,0.028,5,10.1,47697.36
2011-05-20,60.4,42.5,51.7,0.039,5,11.8,39402.17
2011-05-21,71.5,44.3,58.2,0,0,12.3,48599.22
2011-05-22,77.6,46.1,63,0.008,1,18.7,44684.23
2011-05-23,73.5,46.1,61.2,0.035,2,18.7,48298.82
2011-05-24,66.7,49.7,58.5,0,0,14.1,48439.45
2011-05-25,71.9,47,60,0,0,6.5,48741.48
2011-05-26,81.4,50.7,66.8,0,0,20.7,48461.81
2011-05-27,80.8,48.7,65.5,0,0,13.4,48802.64
2011-05-28,84.8,53.3,70.2,0,0,22.3,48834.5
2011-05-29,81.2,56.7,71.3,0,0,29.4,48858.82
2011-05-30,66.3,46.8,57.1,0,0,17,48923.73
2011-05-31,82.8,41.2,65.3,0,0,12,48905.15
2011-06-01,88.6,54.4,74,0,0,17.9,47186.89
2011-06-02,78.5,57.6,69.9,0,0,22.7,49041.14
2011-06-03,75.2,50.4,63.1,0,0,6.7,47498.32
2011-06-04,89.2,47,72,0,0,12.7,49138.43
2011-06-05,92.3,52.4,76.5,0,0,15.3,49157.42
2011-06-06,91.2,58,76.1,0,0,27.7,49237.84
2011-06-07,82.6,57.1,70.7,0,0,11.7,49254.89
2011-06-08,84.9,50.6,71.2,0,0,18.2,49269.75
2011-06-09,81.6,57.5,70.4,0,0,12.4,49282.43
2011-06-10,82.8,53.7,69.9,0,0,7.9,49148.7
2011-06-11,87.4,54.8,74.2,0,0,18.1,49375.18
2011-06-12,87.3,58.5,75.1,0,0,16.8,46125.27
2011-06-13,86.6,62.4,76.9,0,0,15.4,48775.87
2011-06-14,85.5,63.2,75.2,0,0,9.6,49469.9
2011-06-15,92.5,59.2,78.6,0.008,1,13.8,49150.3
2011-06-16,90.8,61.3,76.8,0.035,2,22.3,46875.41
2011-06-17,78.3,58.2,68.6,0,0,11.3,37495.08
2011-06-18,87.3,58.9,74.5,0,0,15.3,49032.88
2011-06-19,76.1,58.2,69.5,0.087,6,15.1,38223.11
2011-06-20,76.1,51.5,64.6,0.035,3,6,49537.4
2011-06-21,83.2,57.4,71.7,0,0,5.4,49615.36
2011-06-22,91.8,57.5,78.5,0,0,7.3,49692.96
2011-06-23,98.3,57.9,82.2,0,0,14.9,49592.78
2011-06-24,95.4,67.3,84.2,0,0,17.9,49667.75
2011-06-25,94.7,66,83,0,0,17.9,49652.25
2011-06-26,92.9,66.3,82.2,0,0,14.1,49634.93
2011-06-27,93.6,65.2,80.6,0,0,11.2,49615.78
2011-06-28,98.4,64.1,84.5,0,0,21.7,48875.77
2011-06-29,98.5,68.4,85.1,0.008,1,23.4,44926.34
2011-06-30,79,65.8,72.5,0.114,6,17.9,49458.34
2011-07-01,87.7,60.1,75.3,0,0,4.6,49253.22
2011-07-02,96.6,62.5,82.1,0,0,8.8,49403.86
2011-07-03,98.6,62.3,84.4,0,0,8.6,49462.08
2011-07-04,96.9,67.4,85.6,0,0,12.2,48724.77
2011-07-05,92.8,72.2,83.4,0,0,10.9,44246.36
2011-07-06,94.6,70.2,84.2,0,0,15.6,48377.63
2011-07-07,95.3,73.9,85.6,0,0,12.2,48889.75
2011-07-08,94.6,70.8,81.9,0.047,1,17.4,44892.59
2011-07-09,89.3,66.6,79,0,0,11.7,48528.07
2011-07-10,91.3,67.7,80.2,0.012,1,10.5,47823.22
2011-07-11,90.5,66.9,80,0.004,1,10.4,48658.39
2011-07-12,85.6,68.1,78.2,0,0,11.7,48096.78
2011-07-13,89.4,64.4,78.4,0.008,1,14,48436.77
2011-07-14,91.9,62.3,79.6,0,0,12.2,48842.62
2011-07-15,93.2,58.5,79.9,0,0,14.8,48793.4
2011-07-16,96.3,60.5,82.5,0,0,12.6,48524.52
2011-07-17,98.3,68.7,85.7,0.008,2,9.3,48032.35
2011-07-18,94.3,70.4,83.2,0.004,1,10.4,47589.08
2011-07-19,94.9,70.4,84.1,0.012,1,14.8,47999.94
2011-07-20,94.3,67.2,82.6,0,0,10.3,48044.24
2011-07-21,97.2,65,84,0,0,11.1,48081.16
2011-07-22,97.4,65.5,84.2,0,0,16.1,48053.77
2011-07-23,96.5,66.9,84,0,0,7.8,47876.2
2011-07-24,99.1,72.2,87,0,0,9.2,47757.8
2011-07-25,99.2,65.3,85.4,0,0,14.1,46617.71
2011-07-26,86.4,72.7,79.9,0,0,12.5,46394.84
2011-07-27,90.2,65.7,79,0.008,1,9.9,47140.77
2011-07-28,92.6,66.2,82.2,0,0,7.2,46579.54
2011-07-29,95.9,70,85.4,0,0,5.8,47283.28
2011-07-30,95.4,69.9,83.1,0.063,2,13.2,47119.43
2011-07-31,91.8,71.9,81.4,0.047,3,11,46800
2011-08-01,89,70,79.9,0,0,11.9,46896.97
2011-08-02,92.2,71.2,82.6,0,0,7.3,46961.33
2011-08-03,95.6,67.5,84.1,0,0,12.6,46881.93
2011-08-04,92.5,67.6,82.4,0,0,10.4,46763.57
2011-08-05,95.4,65.7,83.3,0,0,13.7,46757.36
2011-08-06,95.4,63,82.5,0,0,15.8,46692.19
2011-08-07,94.3,66.3,82.1,0,0,11.9,46625.1
2011-08-08,94.2,64.3,81.9,0,0,7.4,46515.21
2011-08-09,96.3,61.3,82.1,0,0,11.1,46448.15
2011-08-10,94.7,62.3,81.7,0,0,9.9,46346.43
2011-08-11,94.6,64.7,82.5,0,0,12.2,46278.9
2011-08-12,96.1,62.7,82.9,0,0,8.4,46202.38
2011-08-13,98.3,66.4,84.8,0,0,9,46130.22
2011-08-14,87.6,72,80.1,0.028,1,15.2,46056.66
2011-08-15,90.9,64.2,78.9,0,0,7.1,45981.8
2011-08-16,94.8,64.7,81.8,0,0,10.1,45905.71
2011-08-17,97.2,64.4,83.4,0,0,7.9,45787.02
2011-08-18,97.6,67.2,84.7,0,0,8.8,45657.98
2011-08-19,93.8,70.6,83.5,0,0,10.9,45034.05
2011-08-20,94.8,65.6,83,0,0,7.6,45396.9
2011-08-21,93.3,68.7,82.9,0,0,7.4,45265.05
2011-08-22,94.7,66.2,82.6,0,0,10.1,45132.46
2011-08-23,97.2,65.8,84.5,0,0,8.1,44999.23
2011-08-24,99.5,66.9,85.7,0,0,6.3,44865.45
2011-08-25,95.6,69.2,84.4,0.008,1,9.7,43696.97
2011-08-26,92.6,70.7,82.8,0.008,2,9,44596.57
2011-08-27,96,69.2,84.3,0,0,9.2,43458.14
2011-08-28,91.7,69.3,82.3,0.012,1,10.1,44233.9
2011-08-29,91.2,69.5,81.8,0,0,13.2,43226.36
2011-08-30,92.7,65.8,82,0,0,9.5,44053.39
2011-08-31,94.4,64.4,81.8,0.024,2,20.9,42571.96
2011-09-01,92.5,67.9,81.9,0,0,18.5,43563.31
2011-09-02,91,63.5,79.7,0,0,11.2,43634.29
2011-09-03,88.8,66.6,77.9,0,0,6.9,43492.49
2011-09-04,89.7,60.7,76.7,0,0,6.3,43288.52
2011-09-05,90.2,59.5,74.8,0.028,4,15.6,36258.02
2011-09-06,77.2,62.6,69.7,0.051,5,9.3,42535.98
2011-09-07,79.4,57.9,69.3,0,0,6.8,42537.43
2011-09-08,81.5,57.8,70.9,0,0,8.1,42325.72
2011-09-09,78.2,57.8,68,0.098,2,14.1,39738.75
2011-09-10,74,56.9,66,0.051,3,5.5,41934.47
2011-09-11,79.4,56.9,68.3,0,0,9.7,41375.6
2011-09-12,78.5,57.9,69,0,0,11.2,41830.79
2011-09-13,79.1,54.7,68.5,0,0,6,41784.06
2011-09-14,69.4,56.9,63.8,0.031,4,7.7,12580.19
2011-09-15,70.9,53.7,62.2,0.055,6,7.9,41674.05
2011-09-16,74.9,52.4,63.6,0.169,5,11.7,41604.32
2011-09-17,71.8,54,62.5,0.303,7,11,40682.02
2011-09-18,74,49,62.9,0,0,5,41311.41
2011-09-19,77.1,50.3,64.5,0,0,6.3,41163.7
2011-09-20,80.4,55,68.4,0,0,7.2,41015.07
2011-09-21,77.8,59.6,68.2,0,0,5.1,40865.62
2011-09-22,79.6,49.6,66.6,0,0,4.5,40715.43
2011-09-23,82.1,53.1,69,0,0,5.4,40564.6
2011-09-24,83.5,48.9,68.3,0,0,5.4,40413.21
2011-09-25,83.9,50.8,69.2,0,0,5.8,40261.37
2011-09-26,83.9,54.5,71.8,0,0,4.5,40109.16
2011-09-27,84.1,58.6,72.7,0,0,6.5,39956.68
2011-09-28,84.6,57.8,72.4,0,0,4.7,39803.9
2011-09-29,86.6,58.1,73.7,0,0,4.6,39651.28
2011-09-30,84.8,55.1,71.3,0,0,7,39457.17
2011-10-01,82.7,54.2,70.3,0,0,10.3,39238.8
2011-10-02,81,52.7,67.8,0.008,1,10,38933.78
2011-10-03,79.3,52.8,66.7,0.031,3,8.1,38279.26
2011-10-04,71.8,55.6,63.6,0.114,5,14.1,38358.71
2011-10-05,67,52.5,58.9,0.165,10,19.5,25654.79
2011-10-06,55.4,43.9,50.1,0.252,13,20.9,35274.76
2011-10-07,52.4,36.2,44.8,0,0,6.6,37443.71
2011-10-08,51.7,39.2,44.6,0.067,8,6.5,33810.23
2011-10-09,55.1,38.6,46.4,0,0,5,37690.06
2011-10-10,62.9,35.2,50,0,0,6.8,36567.5
2011-10-11,67.9,44.8,56.9,0,0,12.7,37366.02
2011-10-12,67.3,50.6,59.2,0,0,4.7,37211.82
2011-10-13,70.8,42.8,58.8,0,0,3.5,36984.14
2011-10-14,76.4,42.4,61.4,0,0,6.5,36808.91
2011-10-15,82.4,44.8,64,0,0,8.9,36537
2011-10-16,79.7,49.6,65.7,0,0,10,36167.27
2011-10-17,67,49.7,59.7,0,0,11.5,36348.48
2011-10-18,66.3,43.5,55.8,0,0,8.7,36258.56
2011-10-19,66.6,38.5,54,0,0,4.3,36184.81
2011-10-20,68.8,48.8,58.6,0,0,5.1,36121.87
2011-10-21,70,38.3,56.7,0,0,5.9,36024.58
2011-10-22,70.4,51.1,60.5,0,0,6.7,35928.63
2011-10-23,69.4,48.9,59.4,0,0,2.5,35863.44
2011-10-24,74.8,38,57.8,0,0,11.9,35791.04
2011-10-25,70.2,51.2,59.3,0.012,3,14.3,35724.98
2011-10-26,49.7,36.2,44.6,0.315,12,12.9,19953.82
2011-10-27,49.4,32.5,40.7,0,0,5.6,35438.44
2011-10-28,52.4,33.6,42.9,0,0,4.5,35296.15
2011-10-29,54.4,30.3,43.7,0,0,3.9,28257.7
2011-10-30,58.1,38.4,48.2,0,0,2.5,35011.63
2011-10-31,61.9,32.4,49,0,0,4.4,34869.63
2011-11-01,62.3,34.5,46.4,0.059,5,15.5,34727.98
2011-11-02,46.1,32.6,38.7,0.024,2,11.4,34586.82
2011-11-03,50.7,25.1,37.8,0,0,3.6,34446.31
2011-11-04,64.1,32.3,48.3,0,0,17.3,34306.61
2011-11-05,48.8,31.6,39.4,0.539,12,16.3,23498.07
2011-11-06,44.4,23.7,34.5,0,0,8,32190.99
2011-11-07,39.9,29.4,34.2,0.106,12,5.6,10334.85
2011-11-08,41.5,25.5,33.9,0,0,4.3,33758.86
2011-11-09,42.8,23.7,33.4,0,0,2.3,33625.5
2011-11-10,43.8,23.5,33.1,0,0,2.6,33493.93
2011-11-11,43.7,25.5,34.8,0,0,2.9,31477.4
2011-11-12,52.2,29.3,39.7,0,0,18.3,32461.58
2011-11-13,48.6,34.7,40.1,0.043,4,12.8,16964.71
2011-11-14,52.8,29.7,40,0,0,10.6,32903.16
2011-11-15,50.8,30,40.1,0,0,8.1,32697.24
2011-11-16,44.6,29.4,37.8,0,0,4.2,32751.93
2011-11-17,50.7,24.6,36.2,0,0,5.3,32637.36
2011-11-18,55.6,30.9,42.9,0,0,18.9,32524.23
2011-11-19,45.7,37.1,41.8,0.063,5,15.7,19953.74
2011-11-20,53.7,33.4,42.6,0,0,12.9,30632.11
2011-11-21,53.1,34.2,43.2,0.004,1,8.1,28462.47
2011-11-22,51.5,34.4,43,0,0,3.9,32088.31
2011-11-23,54.1,27.1,40.7,0,0,3.9,31984.22
2011-11-24,56.9,28.6,43,0,0,3.8,26206.55
2011-11-25,53.3,34.4,44.1,0,0,15.9,31770.27
2011-11-26,43.9,29.9,36.4,0,0,6.4,31686.12
2011-11-27,46.5,26.3,35.6,0,0,3.3,31456.5
2011-11-28,48.1,27.3,38,0,0,2.7,26317.5
2011-11-29,50.6,35.4,42.7,0,0,2.9,31176.93
2011-11-30,53.6,26.2,39,0,0,8,30975.29
2011-12-01,43.6,31,36.7,0.012,2,23.9,29853.16
2011-12-02,40.5,30.8,34.3,0.016,2,4.3,21584.48
2011-12-03,36.5,25.3,30.9,0.059,7,11.2,25081.64
2011-12-04,29.8,20.2,25.6,0,0,7.2,27446.29
2011-12-05,30.1,19.2,24,0,0,7.5,30419
2011-12-06,28.6,11.3,20.6,0,0,5.1,30602.12
2011-12-07,31.9,14.3,23.1,0,0,4.1,30539.43
2011-12-08,36.8,18.2,26.8,0,0,3.2,28366.33
2011-12-09,38.5,16.7,27.9,0,0,3.7,30481.3
2011-12-10,39.4,20,29.4,0,0,3.2,30447.46
2011-12-11,40.4,18.4,29.1,0,0,2.7,28973.44
2011-12-12,43.9,22.7,32.4,0.122,8,3.4,21055.61
2011-12-13,39.2,30.2,33.9,0.15,19,2.8,20436.78
2011-12-14,34.7,16,28.6,0.031,4,5.5,23250.54
2011-12-15,32.5,13.5,22,0,0,2.9,30466.29
2011-12-16,36.2,11.3,23.2,0,0,3,30479.8
2011-12-17,36,11.9,23.5,0,0,3.2,30459.01
2011-12-18,40.1,17.5,28,0,0,3.6,30165.21
2011-12-19,42.7,25.4,31.3,0,0,9.3,30429.33
2011-12-20,36.2,18.7,27.2,0,0,4.6,30420.54
2011-12-21,35.3,12.9,23.9,0,0,11.1,30415.84
2011-12-22,29.1,15.5,22.2,0.004,1,7.4,28333.74
2011-12-23,33.4,5.9,20.7,0,0,3.2,30418.86
2011-12-24,37.5,12.8,23.8,0,0,2.7,30426.65
2011-12-25,38.1,14.6,25.2,0,0,3.5,30438.67
2011-12-26,39.2,17.3,27.6,0,0,2.9,30454.95
2011-12-27,39.6,17,28.2,0,0,3.6,30475.92
2011-12-28,44,18.3,30.5,0,0,2.7,28424.08
2011-12-29,49.6,23,35.5,0,0,4.4,30531.43
2011-12-30,54.6,25.9,38.2,0,0,7.1,30565.71
2011-12-31,41.4,28.4,37.1,0,0,16.2,30604.21
2012-01-01,42.5,24.5,33.1,0,0,3.1,30646.82
2012-01-02,44.2,27.2,34.7,0,0,2.9,30693.43
2012-01-03,44.3,22.4,33.2,0,0,3.6,28613.7
2012-01-04,46.7,22.3,34.3,0,0,2.7,30798.21
2012-01-05,46.3,25.8,36.3,0,0,2.7,30856.17
2012-01-06,46.8,29,36.8,0,0,3.1,30917.69
2012-01-07,44.7,26.2,34.1,0.071,5,9.7,30982.66
2012-01-08,41.7,25.1,31.9,0,0,5.6,31050.96
2012-01-09,44.2,26.4,34.5,0,0,2.7,31122.48
2012-01-10,43.7,22.5,33.7,0,0,3,31197.11
2012-01-11,40.6,24.4,33.4,0,0,8.9,31274.74
2012-01-12,36.6,21.6,28.7,0,0,3.8,31355.25
2012-01-13,40.4,17.2,29.2,0,0,3.2,31438.54
2012-01-14,44.3,16.9,31.3,0,0,3.4,31524.5
2012-01-15,50.9,19.9,34.9,0,0,12,31613.01
2012-01-16,45.7,21.8,35.9,0.059,3,20.2,31704.7
2012-01-17,34.1,17.5,25.2,0,0,3.6,31800.17
2012-01-18,48.8,19.8,33.3,0,0,11.6,31899.27
2012-01-19,57.2,26.8,40,0,0,10.4,32001.78
2012-01-20,54.5,32.7,43.1,0,0,8.8,32107.5
2012-01-21,42.6,31.7,37.3,0.193,13,15.8,4315.02
2012-01-22,40.7,25.9,34.7,0.004,1,14.3,32327.83
2012-01-23,42.9,22.7,31.8,0.098,7,8.7,24969.94
2012-01-24,41.7,25.4,34.1,0.016,3,11,32406.03
2012-01-25,43.1,18.8,29.9,0,0,3,32432.9
2012-01-26,48.7,22.4,35.1,0,0,3.3,28933.31
2012-01-27,43.4,26.5,35,0,0,8.5,32536.33
2012-01-28,40,22.2,30.5,0,0,4.3,32599.16
2012-01-29,44.4,18.5,31.2,0,0,3.2,32465.55
2012-01-30,46.1,20,32.9,0,0,2.9,32442.62
2012-01-31,47,24,35.5,0,0,3.6,32440.29
2012-02-01,48.6,21.4,34.6,0,0,4.3,29620.93
2012-02-02,44.2,30,35.4,0.004,1,10.5,23696.96
2012-02-03,44.6,26.2,33.8,0,0,8.4,32975.56
2012-02-04,43.8,23.6,32.7,0,0,6.3,33014
2012-02-05,42.9,26.7,34.2,0.028,5,5.4,28888.87
2012-02-06,40.6,27.8,33.5,0.004,1,4.4,33418.95
2012-02-07,41.8,20.9,30.2,0,0,5.1,34157.48
2012-02-08,46.1,22.9,34.5,0,0,5.1,32402.36
2012-02-09,46.8,27.2,36.7,0,0,6.3,33026.52
2012-02-10,50,25,36.2,0,0,5.7,34287.81
2012-02-11,52.7,25.8,37.6,0,0,7.6,27560.06
2012-02-12,47.6,32.9,39,0.173,7,13.8,28497.15
2012-02-13,47,31.6,38.2,0.028,7,8.1,33640.46
2012-02-14,46.5,27.1,35.5,0.012,2,9.1,34833.01
2012-02-15,42.9,23.7,32.6,0.016,3,8.7,32012.62
2012-02-16,46.9,25.4,35.7,0,0,5.3,35446.3
2012-02-17,46.4,28.5,36.6,0,0,5.6,35824.18
2012-02-18,47.3,27.9,36,0,0,5.4,35974.73
2012-02-19,39.4,25.7,33.4,0.213,8,14.2,1079.94
2012-02-20,37.7,20,28.5,0,0,7.1,36276.38
2012-02-21,48.3,20.3,33.8,0,0,9.8,35524.98
2012-02-22,57.6,31.8,44.4,0,0,14.5,36577.91
2012-02-23,42.6,27.9,38.1,0,0,16.5,36728.3
2012-02-24,43,23,33.4,0,0,4.3,36878.28
2012-02-25,57.1,23.2,38,0,0,23.3,37028.2
2012-02-26,40.4,23.5,31.3,0,0,7.4,37179.17
2012-02-27,56.4,22.4,38.6,0.004,1,15.4,37331.19
2012-02-28,48.7,34.5,40.5,0.079,11,18.8,35021.53
2012-02-29,48.2,24.3,36.9,0,0,15.6,37637.8
2012-03-01,41.5,30.4,35.8,0.004,1,15.1,33848.11
2012-03-02,38.7,23.6,31.3,0.012,3,14.6,37947.03
2012-03-03,42,19.2,30.5,0,0,6.5,38102.33
2012-03-04,51.3,22.3,37.3,0,0,3.7,38257.93
2012-03-05,59.9,23.7,41.5,0,0,9.4,38413.72
2012-03-06,63.8,31.4,48.6,0,0,22.5,36651.25
2012-03-07,49.7,33,42.1,0.035,3,12.1,36928.14
2012-03-08,53.4,30.4,40.9,0,0,10.8,38881.08
2012-03-09,56.8,27.4,43.2,0,0,4.5,39036.5
2012-03-10,58.2,25.7,43.6,0,0,5.4,39191.57
2012-03-11,63.7,28.4,48.4,0,0,9.7,39346.16
2012-03-12,65.8,36.1,51.4,0,0,15.1,39443.12
2012-03-13,67.5,34.4,52.3,0,0,18.8,39503.75
2012-03-14,68.2,35.8,53.5,0,0,13.8,39595.02
2012-03-15,70.1,33.5,54.5,0,0,11.6,39636.37
2012-03-16,72.1,36.8,56.5,0,0,16.6,39726.43
2012-03-17,67.4,43.3,57.2,0.012,1,21.1,33062.14
2012-03-18,57.5,34.9,46.9,0.091,7,20.6,20459.79
2012-03-19,44.1,27.2,36,0,0,9.9,39691.95
2012-03-20,48.6,28.6,38.5,0,0,7.5,40246.2
2012-03-21,59.8,30.9,46.1,0,0,5,40178.61
2012-03-22,66.7,38,53.5,0,0,4.8,40581.17
2012-03-23,74.3,33.1,56.1,0,0,15,40810.52
2012-03-24,73.9,37.7,58.9,0,0,10.1,40769.19
2012-03-25,77.4,42.8,61.9,0,0,16.7,37440.93
2012-03-26,60.8,48,55.3,0.016,2,28.5,41357.46
2012-03-27,67.2,37.3,54.4,0,0,9.1,41212.64
2012-03-28,73.1,36.3,58.2,0,0,17.2,41172.1
2012-03-29,69.1,52,60.5,0,0,9.2,38846.75
2012-03-30,73.6,48.2,61.2,0,0,8.5,40906.32
2012-03-31,79.8,44.7,64.7,0,0,19.1,42228.02
2012-04-01,69.9,43.8,58.3,0,0,24.4,41847.88
2012-04-02,54.8,36.2,43.8,0.142,9,20.4,34854.55
2012-04-03,60.7,34.8,48.3,0,0,8.9,42663.17
2012-04-04,70.6,34.9,55.5,0,0,11.9,42964.7
2012-04-05,72.2,41,58.8,0,0,23.6,35176.87
2012-04-06,58.6,41.9,51.2,0,0,20,43251.45
2012-04-07,61.8,33.2,48.4,0,0,4.4,43394.77
2012-04-08,71.4,33.7,56,0,0,5,43537.99
2012-04-09,77.5,40.7,62,0,0,6.3,43681
2012-04-10,81.1,39.8,63.7,0,0,12.8,43748.31
2012-04-11,79.3,46.8,62.9,0,0,24.9,41091.38
2012-04-12,58.1,46.5,51.8,0.024,2,17.4,39431.73
2012-04-13,59.7,34.1,49.7,0,0,15.3,37283.73
2012-04-14,51.1,40.5,46.3,0.031,5,14.1,37416.16
2012-04-15,59.5,32.2,45.9,0.035,4,14.4,44529.51
2012-04-16,61.2,39.4,51.7,0,0,9.4,44013.41
2012-04-17,69,36.2,54.3,0,0,14.2,44806.39
2012-04-18,76.3,38.1,59.9,0.004,1,17.7,39396.36
2012-04-19,68.1,49.9,59.1,0,0,14.5,45078.97
2012-04-20,72.4,47,61,0,0,5.7,45213.39
2012-04-21,79.8,52.7,67.8,0,0,3.8,45310.17
2012-04-22,83.8,48.2,69.2,0,0,5.9,45364.32
2012-04-23,86.9,47.5,71.1,0,0,7.3,45418.3
2012-04-24,86.1,51.6,72.8,0,0,17.1,45477.82
2012-04-25,79.9,60.6,70.5,0,0,18.7,42086.21
2012-04-26,77.6,55.9,65.7,0.012,1,21.6,34308.89
2012-04-27,65,50.3,56.5,0,0,16.6,45633.88
2012-04-28,62.6,43.1,53.5,0,0,11.1,45726.51
2012-04-29,66.4,43.3,55.7,0,0,8.1,45950.67
2012-04-30,77.7,42.3,63.9,0,0,13.7,46016.31
2012-05-01,79.7,56.1,69,0,0,13.7,32634.95
2012-05-02,78.3,56.1,67.2,0.008,1,13.8,43482.21
2012-05-03,81.9,49.3,68.6,0,0,19.9,45881.04
2012-05-04,82.4,57.3,71.2,0,0,18.5,46502.32
2012-05-05,73.7,56.4,65.9,0,0,14.1,46655.71
2012-05-06,71.3,45,59.7,0,0,9,46814.56
2012-05-07,71.5,48.7,59.5,0.008,1,11.6,40557.21
2012-05-08,73.9,43.9,62,0,0,6,47051.59
2012-05-09,79,45.3,66.8,0,0,6.8,47319.47
2012-05-10,84.3,48.8,70.6,0,0,10.5,47495.83
2012-05-11,80.2,56.8,69.4,0,0,10.8,47362.33
2012-05-12,78.4,55.7,68.5,0,0,10.5,47848.76
2012-05-13,75.3,55.5,66.5,0.008,1,5.7,47933.99
2012-05-14,81.5,50.5,68.2,0,0,6,48048.69
2012-05-15,87.9,49,73,0,0,9,48145.3
2012-05-16,84.1,57.8,71.6,0.012,1,14.8,42488.39
2012-05-17,88.4,52,73.4,0,0,17.1,48333.75
2012-05-18,80.8,59.4,71.4,0.004,1,19.1,46269.98
2012-05-19,73.8,51.4,63.5,0,0,8.4,48515.39
2012-05-20,82.3,50.1,70.2,0,0,8.4,48587.24
2012-05-21,90.3,51.8,74.8,0,0,7.7,48625.9
2012-05-22,92.9,61.4,79.5,0,0,17.5,48663
2012-05-23,77.3,61.1,71.3,0,0,18,48698.54
2012-05-24,73.9,48,61.5,0,0,8.6,48732.5
2012-05-25,86.2,58.7,73.3,0,0,23.4,48764.86
2012-05-26,76.9,56,68,0,0,30.1,48801.26
2012-05-27,68.9,44.4,58.7,0,0,14.4,48828.86
2012-05-28,73.9,49.3,62.8,0,0,8.5,48892.64
2012-05-29,84.4,47.3,69.2,0,0,10.7,48919.68
2012-05-30,86.4,55.9,73.6,0,0,12.6,48944.52
2012-05-31,86.8,58.7,75.1,0,0,6.8,48967.19
2012-06-01,90.2,65.7,79.3,0,0,6.6,49039.43
2012-06-02,93.7,60.6,81,0,0,11.6,48964.71
2012-06-03,94.7,58.7,80.7,0,0,8.6,49137.34
2012-06-04,95.7,59.8,82.2,0,0,14,49097.01
2012-06-05,91.5,65.4,78.5,0,0,25.2,49174.07
2012-06-06,80.3,51.5,67.6,0,0,7.4,49022.84
2012-06-07,84.5,57.1,72.5,0,0,9.4,49201.17
2012-06-08,92.4,54.3,77.8,0,0,19.6,49280.59
2012-06-09,90.5,63.7,79.9,0,0,22.4,49290.6
2012-06-10,73.9,49.8,63.1,0,0,11.4,49445.16
2012-06-11,82.1,54.8,69.7,0,0,6.8,49454.53
2012-06-12,89.5,54.2,76.3,0,0,9.4,49461.6
2012-06-13,93.8,55.8,79.1,0,0,11.1,49545.14
2012-06-14,92.8,56.9,79.2,0,0,9.9,49388.89
2012-06-15,93.1,58.4,80.4,0,0,12,49388.07
2012-06-16,91.7,66.2,80.4,0,0,7.9,49551.33
2012-06-17,97.8,64.4,83.7,0,0,12.3,49549.19
2012-06-18,95.5,65.9,83.7,0,0,14.3,49630.34
2012-06-19,93.8,67.2,83.2,0,0,12.2,49625.25
2012-06-20,85.1,61.6,75.9,0,0,8.1,49618.18
2012-06-21,97.1,61.9,81.4,0,0,5.9,49609.18
2012-06-22,97,67.2,84.1,0,0,20,49686.72
2012-06-23,98.7,66.8,85.3,0,0,19.1,49674.51
2012-06-24,100,67.1,87.1,0,0,10.8,49482.1
2012-06-25,98.3,69.4,87,0,0,17.2,49286.26
2012-06-26,95.9,71.5,85.8,0,0,19.1,49087.57
2012-06-27,95.6,70.7,85.7,0,0,18,49245.46
2012-06-28,98,69.5,86.4,0,0,17.1,48863.95
2012-06-29,98.4,70.4,87,0,0,14.6,49286.91
2012-06-30,98.6,71,87.1,0,0,9.6,49528.18
2012-07-01,100.1,65.9,86.7,0,0,15.6,48964.44
2012-07-02,95.1,74,85.9,0,0,13.5,47676.65
2012-07-03,98.2,66.1,85.6,0,0,12.7,49081.65
2012-07-04,97,70.8,86.1,0,0,7.1,48069.32
2012-07-05,85.7,66.6,77.5,0.142,5,15.1,36091.59
2012-07-06,87.8,65.4,78.6,0,0,5.6,49151.99
2012-07-07,92,62.6,80.4,0,0,12.7,48943.87
2012-07-08,91.8,65.9,80.4,0,0,7.9,48822.57
2012-07-09,93.8,67,82.1,0.055,3,6.3,48950.65
2012-07-10,96.1,66.8,83.6,0,0,5.6,48503.07
2012-07-11,97.2,68.3,86,0,0,11.3,48548.34
2012-07-12,97.8,69.5,86,0,0,10.9,48590.02
2012-07-13,96.9,71.3,83.4,0.075,2,7.1,38222.21
2012-07-14,86.8,69.7,78.2,0,0,16.6,35136.48
2012-07-15,88.9,65.9,79.1,0.008,1,15.7,47269.03
2012-07-16,90,68.2,80.2,0.004,1,9.1,47169.55
2012-07-17,91.2,67.7,80.7,0,0,10.8,48442.21
2012-07-18,95.5,64.6,83.2,0,0,10.6,48242.49
2012-07-19,98.1,66.8,85.7,0.004,1,8.4,47512.52
2012-07-20,97.6,70.5,86.6,0,0,11.6,47769.95
2012-07-21,96.3,75.5,86.8,0,0,7.6,47752.73
2012-07-22,95.8,71.9,85.8,0,0,8.9,47638.65
2012-07-23,94.5,71.1,82.5,0.02,1,18.4,45940.24
2012-07-24,90.3,68.3,80.2,0,0,12,47152.08
2012-07-25,92.5,65.4,81.3,0,0,9.2,47450.91
2012-07-26,96.4,65.3,84.3,0,0,5.7,47181.51
2012-07-27,91.6,68.8,83,0.008,2,13.6,47299.02
2012-07-28,93.8,69.2,83.5,0,0,8.7,47050.23
2012-07-29,89.7,70.3,79.9,0.039,3,9.7,46800
2012-07-30,90.9,68.7,80.2,0.024,1,13.3,43681.47
2012-07-31,92.7,66.8,80.9,0.031,2,11.5,46896.91
2012-08-01,88.4,70.4,80.4,0.031,2,9.8,46155.77
2012-08-02,90.9,69.2,81.1,0,0,6.8,46896.39
2012-08-03,95.9,64.5,83.2,0,0,10.3,46898.14
2012-08-04,94.8,64.4,83.5,0,0,7.9,46831.67
2012-08-05,93.5,65.2,82,0.02,1,10.8,37928.8
2012-08-06,90.2,67.7,79.9,0.039,4,13.8,46557.59
2012-08-07,94.4,67.2,82.8,0,0,5.1,46491.91
2012-08-08,97.2,66.8,86.1,0,0,3.3,46463.72
2012-08-09,99.4,69.4,86.8,0,0,12.3,43989.38
2012-08-10,98.3,67.8,85.8,0,0,12.8,46286.27
2012-08-11,95.4,73.1,84.5,0.004,1,13.8,43311.81
2012-08-12,96.3,65.9,84.1,0,0,6.8,46142.79
2012-08-13,88.4,69.4,79.7,0.016,3,14.1,43818.22
2012-08-14,84.2,66.4,75,0.075,8,6.2,42394.9
2012-08-15,90.4,60.8,78,0,0,5.1,45919.49
2012-08-16,95.1,61.2,82,0,0,7,45813.05
2012-08-17,94.6,66,83.5,0,0,7.7,45684.99
2012-08-18,93.8,69.2,83.1,0,0,4.1,45556.22
2012-08-19,96.5,62.3,83,0,0,9.4,45426.83
2012-08-20,91.5,72.5,82.7,0,0,9.7,45296.91
2012-08-21,92.2,63,80.5,0,0,8.4,45166.58
2012-08-22,88.9,71.8,79.7,0.051,2,11.2,37247.76
2012-08-23,78.5,64.6,70.1,0.213,11,4.9,27426.03
2012-08-24,81.3,62.9,71.3,0,0,5.2,44771.14
2012-08-25,86.9,57.8,73.7,0,0,4.3,44636.61
2012-08-26,92.1,56,76,0,0,8.1,44500.79
2012-08-27,93.9,65.8,81.3,0,0,11.7,43535.93
2012-08-28,94.9,64.1,82,0,0,4.1,44225.62
2012-08-29,95.6,64.2,82.6,0,0,10.8,44086.47
2012-08-30,93.7,68.6,83,0,0,9.1,43666.09
2012-08-31,92.4,66.4,82,0,0,14.1,43686.93
2012-09-01,90.6,68.2,80.7,0,0,15.8,43495.95
2012-09-02,85.8,63.7,77.2,0.016,2,12.2,42741.43
2012-09-03,88.9,59.3,76.1,0,0,10,43309.57
2012-09-04,89.7,59.6,77.6,0,0,7.7,43124.96
2012-09-05,89,62.6,78.1,0,0,5.9,42946.34
2012-09-06,88.4,55.5,75.4,0.008,1,12,42116.57
2012-09-07,85.6,64.6,76.6,0,0,5.7,42475.54
2012-09-08,85.2,58.6,74.2,0,0,6.5,42331.39
2012-09-09,87,55.5,74.2,0,0,7.7,42036.16
2012-09-10,89,60.4,76.9,0,0,9.9,41894.79
2012-09-11,78.3,66.8,71.9,0,0,12.9,31043.39
2012-09-12,76,58.3,66.8,0.091,9,5,40954.45
2012-09-13,80.3,53,68.3,0,0,5.2,41744.95
2012-09-14,80.9,50.6,69.4,0,0,4.3,41686.19
2012-09-15,84.5,50.8,70.3,0,0,5,41633.7
2012-09-16,85.6,51.5,71.1,0,0,7.6,41497.98
2012-09-17,81.7,58.2,72.1,0,0,7.6,41348.86
2012-09-18,82,53.3,70.1,0,0,7.5,41199.09
2012-09-19,83.6,51.2,69.9,0,0,6.7,41048.79
2012-09-20,81.9,54.4,69.8,0,0,4.7,40898.03
2012-09-21,84.1,53.1,71.3,0,0,5.2,40746.91
2012-09-22,86.5,51.4,71.3,0,0,5.3,40595.52
2012-09-23,84.9,54.6,71.9,0,0,12.4,37548.14
2012-09-24,81.2,58.8,71.9,0,0,13.8,39243.91
2012-09-25,64.9,56.9,60.9,0.043,5,6.4,39635.47
2012-09-26,65.2,48,57.4,0.087,7,6.1,39989.06
2012-09-27,69.7,48.3,59.8,0,0,7.5,39837.68
2012-09-28,73.1,49.1,62.3,0,0,4,39686.59
2012-09-29,76.4,49.8,64.7,0,0,6.7,39535.87
2012-09-30,77.1,56.2,66.6,0,0,3.9,39365.82
2012-10-01,78.5,57.8,68.4,0,0,4,39151.48
2012-10-02,80.4,48.8,67.1,0,0,6.4,38941.61
2012-10-03,83.3,51.4,68.9,0,0,9.6,38564.4
2012-10-04,79.1,52.6,67.2,0,0,9.2,38452.25
2012-10-05,73.8,58,66.1,0,0,13.4,37208.04
2012-10-06,63.5,46.7,56.8,0,0,9.4,37996.87
2012-10-07,62.1,40.9,52,0,0,6.5,38032.81
2012-10-08,69.8,35.4,55,0,0,5.8,37420.34
2012-10-09,74.6,41.7,60.5,0,0,7.1,37609.89
2012-10-10,77.5,45,62.9,0,0,7.5,36558.76
2012-10-11,76,45,60.9,0.012,1,13.4,33622.23
2012-10-12,59.3,47.5,53.3,0.362,16,11.2,30199.66
2012-10-13,59.6,45.1,51.7,0,0,8.8,36248.12
2012-10-14,63.4,45,54.5,0,0,3.6,36656.48
2012-10-15,66.5,39.6,54.8,0,0,5.9,36269.77
2012-10-16,73.1,43.7,58.7,0,0,11.7,36352.96
2012-10-17,61.7,44.5,53.4,0,0,11.3,36269.8
2012-10-18,62.8,43,53.8,0,0,4,36189.02
2012-10-19,68.3,38,55.5,0,0,5.4,36040.16
2012-10-20,75.5,37.1,57.9,0,0,9.9,36073.58
2012-10-21,73.5,46.7,61,0,0,15.8,35945.34
2012-10-22,70.5,48.9,60.8,0,0,20.9,35874.5
2012-10-23,68.5,52.4,61.3,0,0,18.5,35808.86
2012-10-24,61.6,40.3,52.7,0.039,2,18.7,35742.57
2012-10-25,51.5,31.9,42.1,0,0,15.3,35626.06
2012-10-26,47.9,32.3,40,0,0,4,35479.97
2012-10-27,53.4,28.1,42.1,0,0,3.5,35334.12
2012-10-28,61.7,32.6,49.2,0,0,3.9,35188.65
2012-10-29,65.7,34.6,52.5,0,0,4.4,35043.69
2012-10-30,66.6,40.7,54.7,0,0,3.3,34899.4
2012-10-31,67.8,38.4,54.8,0,0,3,34755.92
2012-11-01,70.5,34.5,54.3,0,0,8.5,34467.08
2012-11-02,64.4,42.1,54.6,0,0,4.2,32785.57
2012-11-03,63.2,38.9,51.8,0,0,4.9,34331.86
2012-11-04,62.6,40.7,52,0,0,4.1,34193.16
2012-11-05,64.1,42.2,54,0,0,3.3,34056.07
2012-11-06,64.9,43.4,54.1,0,0,3.2,33920.74
2012-11-07,66.5,34.1,51.8,0,0,4.9,33787.37
2012-11-08,69.1,36.1,54,0,0,16.9,33264.24
2012-11-09,60.6,45.9,54.3,0.134,12,23.2,33480.73
2012-11-10,45,28.8,37.8,0.071,7,18.2,31273.39
2012-11-11,36.8,24,29.7,0,0,14,33276.3
2012-11-12,39.1,23.6,30.9,0,0,3.1,33152.86
2012-11-13,44,24.7,34.2,0,0,2.8,33030.46
2012-11-14,47.7,23.9,36.2,0,0,3,32909.26
2012-11-15,50.8,27.7,38.8,0,0,2.8,32789.42
2012-11-16,52.4,29.1,40.3,0.122,7,5.3,31821.68
2012-11-17,56.3,33.4,44.4,0.02,3,5,31889.97
2012-11-18,58,33.9,45.3,0.012,2,10.3,32439.57
2012-11-19,57.4,30.4,44,0,0,5,32326.72
2012-11-20,56.8,28.7,42.4,0,0,3.6,32216.03
2012-11-21,60.5,29.1,44.3,0,0,6,32107.68
2012-11-22,55.1,30,43.3,0,0,5.2,32001.83
2012-11-23,53,35.4,43.8,0,0,3,31898.66
2012-11-24,53.3,28.1,41,0,0,3,31798.36
2012-11-25,53,28.2,42.3,0,0,3.4,31701.1
2012-11-26,51.1,36.7,43.2,0,0,3.5,31554.93
2012-11-27,52.7,24.8,39.1,0,0,3.4,31406.02
2012-11-28,53.8,27.9,41.3,0,0,2.9,30510
2012-11-29,55.9,30.9,42.9,0,0,4.5,30905.33
2012-11-30,60.4,30.8,46.2,0,0,12.8,29199.39
2012-12-01,60.1,36.2,49.1,0,0,7.3,30836.04
2012-12-02,60.4,31.7,47,0,0,16,30803.19
2012-12-03,52.1,40.7,46.4,0,0,11.2,30000.51
2012-12-04,51.6,29.9,40.8,0,0,4.1,28052.42
2012-12-05,55.1,29.2,42.4,0,0,5.7,30511.96
2012-12-06,53.3,38.7,45.8,0,0,3.6,30412.49
2012-12-07,49.6,36.6,42.1,0,0,8.8,30454.76
2012-12-08,50.7,30.1,39.9,0,0,10.5,30488.11
2012-12-09,34.6,24.9,30.9,0.004,1,10.8,30328.82
2012-12-10,34.9,17.7,26.3,0,0,7.1,30429.25
2012-12-11,41.4,17.3,30.2,0,0,6.9,30456.79
2012-12-12,49.2,23.4,35.4,0,0,11.3,18216.55
2012-12-13,54.3,30.8,40.6,0,0,5.8,26661.43
2012-12-14,39.9,31.4,35.6,0.232,11,7.4,0
2012-12-15,41,32.1,36.5,0.067,9,8.8,24356.32
2012-12-16,39.5,27.2,32.4,0,0,11,30458.06
2012-12-17,42.4,24.8,32.4,0,0,12.5,30439.94
2012-12-18,39.8,26.3,33.2,0.134,6,8.7,5701.55
2012-12-19,30.5,7,22.5,0.217,9,9,24080.52
2012-12-20,20.8,-3.2,9.7,0,0,3.4,30411.73
2012-12-21,24.7,1.5,12.4,0,0,2.2,30411.56
2012-12-22,28,4.9,15.8,0,0,3,30415.86
2012-12-23,35.8,10.4,22.2,0,0,3.6,28539.4
2012-12-24,31.1,19.1,26.2,0.283,13,9.7,0
2012-12-25,23.2,5.1,16.8,0,0,5.5,30454.62
2012-12-26,26.7,3,16.3,0.016,3,3.4,21548.64
2012-12-27,25.5,2.2,15.2,0,0,3.2,28458.23
2012-12-28,24.1,2.9,13.8,0,0,2.9,30530.84
2012-12-29,21,-6.4,7.4,0,0,4.3,26535.47
2012-12-30,22.7,-0.9,11.5,0.016,2,2.7,28418.04
2012-12-31,25.1,11,19.6,0.039,5,4,30642.66
2013-01-01,20.1,-4.2,7.7,0,0,3.8,30687.5
2013-01-02,22.2,-6.9,7.4,0,0,2.9,30736
2013-01-03,21.8,-5,8.9,0,0,2.8,30788.07
2013-01-04,21.5,3.5,11.3,0,0,3.8,30843.65
2013-01-05,23.4,-0.2,11,0,0,3.2,30902.64
2013-01-06,24.6,-2.8,13.2,0,0,3.6,28401.35
2013-01-07,27.7,11.4,18,0,0,4.5,31030.54
2013-01-08,32.7,12,21.3,0,0,3.2,31099.28
2013-01-09,34.4,12.1,21.7,0,0,3,31171.11
2013-01-10,37.6,4.4,23.4,0,0,17.7,13601.62
2013-01-11,34.9,12.6,22.4,0.051,6,16.8,28560.73
2013-01-12,17.5,-3.5,8.3,0,0,3.1,31409.9
2013-01-13,15.2,-6.5,4.9,0,0,4.1,29500.72
2013-01-14,13,-3,4.5,0,0,3.5,31588.21
2013-01-15,15.6,-13.3,0.8,0,0,5.6,31682.55
2013-01-16,23.7,-1.9,10.7,0,0,3.8,31780.11
2013-01-17,29.4,10.4,18.4,0,0,3.2,31880.7
2013-01-18,30.1,8.9,18.7,0,0,3.4,31984.15
2013-01-19,32.1,10.7,20.2,0,0,3.2,32090.27
2013-01-20,32.7,6.9,21,0,0,3.2,32198.91
2013-01-21,34.1,14.2,23.2,0,0,3.5,32313.19
2013-01-22,39.7,11.4,25,0,0,4.3,32399.83
2013-01-23,39,15.5,26.9,0,0,3.2,28734.69
2013-01-24,38.2,21.6,30.5,0,0,2.2,3766.94
2013-01-25,41.8,28.8,34.8,0,0,2.6,30834.32
2013-01-26,40.6,30.8,35.1,0.378,18,3.3,1822.65
2013-01-27,48,34.5,39.3,0.067,8,12.5,26864.32
2013-01-28,37,22.9,33,0.051,5,10.9,28800
2013-01-29,28.4,16.9,22.9,0.02,3,5.7,29616.58
2013-01-30,38.4,13.6,26.4,0,0,10,32540.12
2013-01-31,43.8,21.4,33.6,0,0,5.2,33012.2
2013-02-01,44.3,18.2,31.4,0,0,4.8,33193.31
2013-02-02,43.5,19.7,32.3,0,0,2.8,32494.79
2013-02-03,41.4,25.5,33.2,0,0,2.8,5061.41
2013-02-04,42.8,19.3,31.5,0,0,3.3,33733.11
2013-02-05,46.6,21.4,33.6,0,0,3.3,33808.29
2013-02-06,46.5,25,35.5,0,0,5,30745.27
2013-02-07,45.4,25,34.6,0,0,6,34161.59
2013-02-08,49.2,26.3,36.1,0.083,11,14.6,33690.38
2013-02-09,39.3,26.7,32.8,0.008,1,10.4,33031.01
2013-02-10,34.9,26,29.9,0.083,8,4.9,34309.14
2013-02-11,31.1,18.2,26.5,0.248,12,4.7,25549.34
2013-02-12,30.9,8.6,20.2,0,0,3.1,35199.86
2013-02-13,36.4,11.2,23.7,0,0,4.2,35346.92
2013-02-14,41.5,17.5,28.5,0,0,2.9,35494.3
2013-02-15,41.4,19.1,30.4,0,0,4,35641.88
2013-02-16,47.2,18.9,31.7,0,0,3.8,35789.52
2013-02-17,49,22.9,34.3,0,0,14.1,35384.4
2013-02-18,39.3,22.4,30.2,0,0,7.9,36084.41
2013-02-19,48,19.2,32.4,0,0,6.3,36101.7
2013-02-20,44.9,26,34.6,0.012,2,7.4,31678.89
2013-02-21,39.8,27.5,32.5,0.071,7,4.7,36530.89
2013-02-22,36.2,22.8,29.3,0,0,7.4,36537.58
2013-02-23,43.5,21.7,30.8,0.067,6,10.7,27036.87
2013-02-24,34.3,19.6,26.3,0,0,19.6,35648.32
2013-02-25,38.2,18.3,28,0,0,4.7,37141.2
2013-02-26,37.1,22.2,28.5,0.004,1,9.9,37295.57
2013-02-27,37.1,20.9,28.3,0,0,4.5,37450.41
2013-02-28,42.6,17.2,30.1,0,0,5,37605.61
2013-03-01,50.9,25.9,37.7,0,0,3.8,37761.02
2013-03-02,54.9,25.7,39.7,0,0,4.3,37916.52
2013-03-03,60.9,31.5,45.2,0,0,11.5,25675.64
2013-03-04,50.9,29,42.6,0.067,7,16.1,38227.38
2013-03-05,50.3,26.6,37.1,0,0,5.2,38382.5
2013-03-06,61.4,27.4,44.1,0,0,16.7,38537.27
2013-03-07,62.5,33.1,47.7,0,0,15,38691.57
2013-03-08,51.9,34.9,42.2,0.13,11,11.5,5809.06
2013-03-09,43.8,34.9,38.2,0.177,16,11.7,18896.08
2013-03-10,49,26.5,38,0,0,6.7,39150.6
2013-03-11,54.6,28.2,41.6,0,0,11.1,39302.32
2013-03-12,57.5,36.7,48.2,0,0,5.8,39428.67
2013-03-13,62.4,34.7,50.9,0,0,2.2,39489.23
2013-03-14,68.1,31.6,51.9,0,0,5.7,39555.87
2013-03-15,71.5,35.1,55,0,0,8.1,37877.71
2013-03-16,65.2,49.3,56.2,0.012,2,14.4,33280.23
2013-03-17,59.3,38.6,48.7,0.031,3,23.1,39605.98
2013-03-18,57.3,37.7,46.6,0,0,13,39806.14
2013-03-19,55.6,38.7,47.4,0,0,5.8,28350.57
2013-03-20,61.9,29.5,46.6,0,0,15,39759.18
2013-03-21,54.1,36.8,46.2,0.028,3,20.2,40245.77
2013-03-22,54.2,32.6,41.4,0,0,18.9,40569.65
2013-03-23,39.4,24.4,32.7,0,0,11.3,38932.34
2013-03-24,45.6,25.4,34.5,0,0,13.9,40946.27
2013-03-25,47.7,24,36.8,0,0,5.2,40850.31
2013-03-26,64.3,28.1,47.2,0,0,12.2,40944.14
2013-03-27,67,33.7,52.4,0,0,9.1,41037.34
2013-03-28,69.9,39.6,56.4,0,0,11.9,39825.66
2013-03-29,70.4,43.4,59.2,0,0,12.5,41274.7
2013-03-30,68.7,46,57.8,0,0,11,41624
2013-03-31,69.2,40.2,56.3,0,0,8,41799.75
2013-04-01,67.5,42.1,56.8,0,0,17.5,41981.41
2013-04-02,56.6,44.3,50,0.008,1,6.7,41656.19
2013-04-03,65.4,38.9,53.7,0,0,6.6,42450.07
2013-04-04,72.7,40.6,59.4,0,0,10.5,39392.75
2013-04-05,72.8,51.7,61.3,0.004,1,17.7,40792.55
2013-04-06,67.4,45.5,56.3,0,0,12.3,37733.38
2013-04-07,70.6,41,57.5,0,0,16,43360.22
2013-04-08,62.8,43.5,52.1,0.264,12,19.7,25563.54
2013-04-09,43.3,25.8,35.9,0.008,1,17.8,35531.09
2013-04-10,48.8,22.4,35.4,0,0,7.6,43793.47
2013-04-11,57.1,31.7,44.3,0.102,4,8,37171.27
2013-04-12,62,40.2,51.8,0,0,7.2,44078.77
2013-04-13,72,33,55.3,0,0,21.8,41245.72
2013-04-14,56.4,40.6,48.8,0.031,4,11.4,44360.32
2013-04-15,58.4,37.2,48.5,0.079,7,12.3,44262.38
2013-04-16,56.9,37.1,46.9,0.055,9,23.6,39214.76
2013-04-17,40.7,29.9,34.8,0.075,9,12.5,36024.64
2013-04-18,46.6,25.1,35.4,0,0,7.9,44908.91
2013-04-19,57.8,25.4,43.9,0.008,1,9.3,43617.16
2013-04-20,60.6,38.7,50.7,0.016,2,12.5,45174.63
2013-04-21,65.9,39.5,54.1,0,0,10,45294.56
2013-04-22,71.1,48.5,58.2,0,0,17.2,45349.04
2013-04-23,55,35.3,46.3,0,0,10.1,45403.56
2013-04-24,60.3,33.6,49,0,0,6.5,45402.5
2013-04-25,69.5,34.5,55.4,0,0,11,45516.62
2013-04-26,70.1,47.1,59.7,0,0,5.6,45605.89
2013-04-27,73.8,43.5,61.8,0,0,6.3,45706.14
2013-04-28,79.1,51.4,66.9,0,0,9,45765.59
2013-04-29,82.2,57.2,70,0,0,11.2,45879.48
2013-04-30,82.8,54.4,68.5,0,0,20.4,45940.46
2013-05-01,59.4,43.8,51.3,0.02,2,15.5,46132.73
2013-05-02,61.2,34.8,49.4,0,0,12.7,46270.71
2013-05-03,69.3,35.5,55.6,0,0,6.5,46415.4
2013-05-04,78.6,39.5,62.9,0,0,9.6,46486.27
2013-05-05,78.7,50.4,65.7,0,0,16,43173.11
2013-05-06,62.3,50.7,57.6,0.02,3,12.9,32131.77
2013-05-07,67.2,41.7,55.7,0.205,6,9.1,44999.04
2013-05-08,57.5,47.5,52.8,0.154,11,5.6,39632.61
2013-05-09,65.5,45.5,55.2,0.039,4,6.3,43973.41
2013-05-10,71.1,44.6,59.7,0,0,9,47270.31
2013-05-11,75,43.1,63.1,0,0,5.9,47547.04
2013-05-12,80.4,55.2,70.4,0,0,5.3,47726.82
2013-05-13,86.6,49.1,72.2,0,0,6.5,47910.14
2013-05-14,89.1,52.6,75.1,0,0,10.6,48018.7
2013-05-15,87.8,56.7,75.1,0,0,17.4,48117.66
2013-05-16,86.6,56.3,74.6,0,0,17.4,48214.93
2013-05-17,82.8,60.1,72.2,0,0,19.5,40238.88
2013-05-18,73,55,64.4,0.016,2,14.3,44936.83
2013-05-19,69.7,47.9,58.8,0.008,1,13.9,47643.43
2013-05-20,66.8,47.1,58.1,0.008,1,6.2,48577.71
2013-05-21,75.6,47.8,63.7,0,0,8.6,48617.47
2013-05-22,86.3,49.7,71.4,0,0,19.9,48655.66
2013-05-23,87.7,58.5,75.4,0,0,23.4,48692.23
2013-05-24,83.8,58.7,72.4,0,0,15.8,48727.16
2013-05-25,86.6,55.9,73.1,0,0,17.6,48760.41
2013-05-26,85.6,58.7,73.8,0,0,17.7,48797.92
2013-05-27,82,57.3,71.8,0,0,10.7,48821.76
2013-05-28,81.3,58.2,69.6,0,0,19.2,39830.24
2013-05-29,72.6,48.9,61.9,0,0,16.6,48876.02
2013-05-30,77.8,54,65.2,0,0,16.9,48942.39
2013-05-31,76.9,54.7,65.6,0,0,16,49012.39
2013-06-01,78.2,49.7,66.6,0,0,8.5,48943.32
2013-06-02,90.5,49.8,74.4,0,0,12.2,49057.14
2013-06-03,89.9,62.5,78.3,0,0,13.7,48978.71
2013-06-04,90.5,61.5,78.4,0,0,11.8,48993.66
2013-06-05,87.1,63.9,76.9,0,0,8.4,49168.65
2013-06-06,88.4,62.3,77.6,0,0,5.8,49183.44
2013-06-07,91.3,66.8,80.3,0,0,10.2,49129.41
2013-06-08,94.2,71.9,83.3,0,0,13.6,49275.5
2013-06-09,95.6,67.7,83.3,0,0,6.5,49286.13
2013-06-10,98.9,62.8,84.4,0,0,21.1,49367.8
2013-06-11,91.4,66.4,81.6,0,0,18.7,49376.22
2013-06-12,95.7,61.9,82.5,0,0,14.4,49051.73
2013-06-13,95,67.8,84,0,0,26.4,47881.7
2013-06-14,89.5,67.7,79.4,0,0,10.7,49469.26
2013-06-15,91.4,63.9,78.5,0,0,15.8,49047.58
2013-06-16,92,63.7,80.5,0,0,14.3,49388.32
2013-06-17,92.8,58.9,79.5,0,0,9.6,49552.83
2013-06-18,93,57.9,79.5,0,0,18.7,49634.83
2013-06-19,91.6,63.8,79.8,0,0,22.5,49630.98
2013-06-20,90.3,63.4,77.9,0,0,17.3,49624.71
2013-06-21,90.7,62.2,79,0,0,16.9,49616.02
2013-06-22,89.5,63.5,78.8,0,0,14.7,49692.85
2013-06-23,90.2,62.3,77.6,0,0,13.6,49149.67
2013-06-24,89.6,67.9,79.7,0,0,19.8,40018.24
2013-06-25,89.5,65.4,79.6,0,0,10.8,49558.66
2013-06-26,97.1,62.3,83.3,0,0,10.2,49539.07
2013-06-27,100.9,67.6,87.9,0,0,5.4,49427.89
2013-06-28,103.4,73.1,91.3,0,0,7.6,49494.08
2013-06-29,101.2,70.5,88.4,0,0,13.8,48594.62
2013-06-30,99.2,67.6,87,0,0,9,49083.92
2013-07-01,97.4,69,85.9,0,0,7.2,49413.29
2013-07-02,97,69.7,85.8,0,0,6.8,49190.37
2013-07-03,98,69.1,86.8,0,0,13.3,49262.87
2013-07-04,95.5,71.8,85.9,0,0,13.4,45699.25
2013-07-05,98,72.7,86.8,0.02,1,16.9,44829.49
2013-07-06,95.6,72.7,86,0.004,1,12.2,48637.6
2013-07-07,95.2,70.1,85.3,0,0,9.5,48783.23
2013-07-08,96.1,69,85.5,0,0,11.2,49002.59
2013-07-09,99.9,68.6,87.8,0,0,9.1,49047.87
2013-07-10,101.1,74.5,90.1,0,0,11.2,49088.68
2013-07-11,96.6,75.3,85.1,0.028,2,16.6,47406.82
2013-07-12,91.9,70,81.9,0,0,15.1,47896.32
2013-07-13,93.8,71.2,83.7,0,0,12.1,48002.5
2013-07-14,94.6,70.2,85.1,0,0,6.7,48749.52
2013-07-15,95.5,70.5,84.3,0,0,13.5,48321.05
2013-07-16,90.4,72.1,80.9,0.008,1,11.9,47390.41
2013-07-17,91.9,71.6,82.6,0.012,1,9,47818.61
2013-07-18,93.2,70.6,83.3,0.016,1,11.3,47910.3
2013-07-19,93.8,72.2,83.7,0.012,1,9.5,46898.9
2013-07-20,96.1,70.2,84.9,0,0,5.8,47424.73
2013-07-21,97,70,85.5,0,0,8.3,46965.4
2013-07-22,97.5,72.3,87.3,0,0,8.1,47393.06
2013-07-23,97.7,70.6,85.7,0,0,11,40688.88
2013-07-24,94.3,72.2,84.2,0.02,3,9.4,47011.75
2013-07-25,94.8,69.5,84.3,0.004,1,7.2,47412.75
2013-07-26,97.2,68.9,85.3,0,0,8,47439.05
2013-07-27,91.6,71.9,81,0.055,3,13.5,25202.14
2013-07-28,83.8,66.4,74.3,0.055,6,7.9,41188.44
2013-07-29,85.3,64.3,74.8,0.016,2,10.6,46970.79
2013-07-30,89.9,61.6,78.1,0,0,10.9,47115.36
2013-07-31,95.2,61,81.4,0,0,12.3,47106.37
2013-08-01,87.2,70.6,79.7,0.043,3,13.9,46800
2013-08-02,92.2,64.4,80,0,0,9.1,46959.59
2013-08-03,93.7,67.6,82.5,0,0,9.7,46853.39
2013-08-04,95.1,65.6,82.9,0,0,9.5,46734.54
2013-08-05,94,69.4,83.8,0,0,9.6,46672.87
2013-08-06,92.6,69.6,82.6,0,0,7.9,45463.66
2013-08-07,81.1,67.3,73.9,0.016,3,14.2,17149.72
2013-08-08,82.8,65.1,73.7,0.016,2,7.1,39005.92
2013-08-09,89.2,58.8,76.4,0,0,8.7,46371.29
2013-08-10,87.9,61.8,76.9,0.004,1,14.9,46299.04
2013-08-11,88.2,60.3,76.4,0,0,8.3,46228.85
2013-08-12,87.8,65.1,78.1,0.008,1,9.2,46157.7
2013-08-13,89.5,59.6,77.7,0,0,8.1,46085.64
2013-08-14,92.4,59.8,79.2,0,0,7.7,46012.73
2013-08-15,94.5,59.4,80.3,0,0,9,45939.05
2013-08-16,95.9,61.4,82.1,0,0,8.8,45846.14
2013-08-17,96.6,64.8,84.1,0,0,13.2,44381.46
2013-08-18,92.7,70.3,82.3,0.008,1,6.7,45594.11
2013-08-19,94.5,67,82.9,0.028,1,3.6,45465.9
2013-08-20,94.8,67.7,83.2,0.012,1,8.8,45336.13
2013-08-21,93.8,65.6,82.3,0,0,13,43746.35
2013-08-22,82.6,67.9,75.8,0.059,6,12.3,35255.43
2013-08-23,89.4,64.2,76.8,0.016,3,11.1,43780.78
2013-08-24,85.4,64.2,76.9,0,0,11.7,44249.07
2013-08-25,71.7,65.7,68.7,0.339,13,6,11988.14
2013-08-26,75.4,64.4,68.9,0.268,17,6.3,30492.18
2013-08-27,78.3,62.6,70.5,0.012,1,5.8,44274.98
2013-08-28,82.8,62.2,72.2,0,0,4.1,44254.15
2013-08-29,87.2,61.5,74.7,0,0,5.4,44114.88
2013-08-30,90.2,61.4,76.6,0.012,1,8,43975.04
2013-08-31,88.4,62.3,77.2,0.02,2,5.8,42447.8
2013-09-01,87.5,65.7,77.7,0,0,8.9,43515.45
2013-09-02,89.9,65.6,78.3,0,0,11.6,43138.24
2013-09-03,92.5,63.9,80.4,0,0,7.7,42968.09
2013-09-04,93.7,64.8,81.2,0,0,7.6,42547.04
2013-09-05,93.9,67.3,82.8,0,0,9.1,42567.7
2013-09-06,93.2,64.1,81.6,0,0,7.8,42574.35
2013-09-07,93.9,66.1,82.1,0,0,10,42221.06
2013-09-08,80,66.8,72.4,0.15,8,11,23245.53
2013-09-09,69.1,63.4,66,0.244,16,5.5,20376.71
2013-09-10,72.1,60.3,64.9,0.921,24,6.4,25640.98
2013-09-11,73.5,60.5,65.7,0.37,11,6.7,41855.09
2013-09-12,72.4,58.1,66.2,0.091,7,6.2,41806.55
2013-09-13,73.9,56.3,64.3,0.323,11,7.7,41751.17
2013-09-14,71.3,56.5,63.2,0.717,17,5,41699
2013-09-15,71.9,57.6,64.3,0.11,11,6.1,41646.67
2013-09-16,75.5,54.9,65.9,0,0,5,41529.29
2013-09-17,78.7,57.3,68,0.031,1,14.1,41379.64
2013-09-18,79.9,61.6,69.8,0.012,1,16.8,41229.72
2013-09-19,71.5,54.4,63.1,0,0,5.3,41079.61
2013-09-20,76.4,47.4,62.9,0,0,3.6,40929.4
2013-09-21,79.8,52.2,66.1,0.004,1,16.7,40779.18
2013-09-22,67.3,52.7,60.7,0.543,10,13.9,32997.75
2013-09-23,65.3,47.9,56.2,0,0,8.6,40479.1
2013-09-24,74.6,43.3,58.7,0,0,9.1,40329.39
2013-09-25,75.8,52.4,63.2,0,0,22.7,40180.05
2013-09-26,73.1,47.7,60.9,0,0,22,34688.27
2013-09-27,57.8,43.7,51.5,0.008,2,14.3,39449.68
2013-09-28,59.6,38.2,49.6,0,0,3.2,39731.9
2013-09-29,71,37.4,54.3,0,0,8.2,39581.06
2013-09-30,77.5,43.4,59.8,0,0,8.4,39402.8
2013-10-01,77.8,43.3,60.5,0,0,10,39185.74
2013-10-02,76.6,45.8,61.9,0,0,14.6,38523.93
2013-10-03,71.7,44.4,57.1,0.087,6,22.9,31611.92
2013-10-04,50.9,37.1,43.2,0.004,1,10.9,38643.74
2013-10-05,54.5,34.7,44.8,0,0,3.4,38282.5
2013-10-06,62.9,36.3,50.8,0,0,2.8,38169.28
2013-10-07,69.5,38.2,55.3,0,0,3.5,37574.46
2013-10-08,73.1,42.9,58.4,0,0,17.1,37870.35
2013-10-09,72.4,47.5,59.8,0,0,17,34026.47
2013-10-10,60,45.8,51.2,0.465,17,11.1,22283.09
2013-10-11,57.8,40.8,49.2,0,0,8.8,37047.31
2013-10-12,62.7,36.7,49.3,0,0,6.6,37040.12
2013-10-13,66.6,39.2,52.4,0.02,3,15.3,36616.82
2013-10-14,57.2,39.8,48.8,0.067,5,10.3,36549.45
2013-10-15,52.4,35.9,43.8,0,0,11.3,36521.26
2013-10-16,51,34.5,42.2,0,0,4.9,36453.62
2013-10-17,56.9,30.6,45.3,0,0,6.8,36335.36
2013-10-18,55.4,36.1,45.9,0,0,7.8,36195.33
2013-10-19,59,31.3,46.5,0,0,5.2,36130.62
2013-10-20,61.7,34.4,48.6,0,0,6.4,36039.09
2013-10-21,61.4,41,51.8,0,0,3.5,35961.1
2013-10-22,64.3,36.1,52.3,0,0,3.4,35919.32
2013-10-23,66.4,36.3,53.2,0,0,3.5,35830.08
2013-10-24,68.2,39.5,55.2,0,0,3.6,35757.3
2013-10-25,65.3,41.5,55.2,0,0,6.5,35657.34
2013-10-26,66.3,38.4,53.9,0,0,3,35509.58
2013-10-27,67.2,35.6,52.6,0,0,9.5,35362.53
2013-10-28,68.5,43.4,56.4,0,0,20.8,35216.3
2013-10-29,55,40.8,48.4,0.15,9,12.4,32041.91
2013-10-30,48.1,35.3,41.6,0,0,7.3,34926.96
2013-10-31,50,34.4,41.8,0,0,7.6,34784.16
2013-11-01,54.4,36.7,44.6,0,0,5,34642.8
2013-11-02,61,28.9,44.8,0,0,3.8,34503.05
2013-11-03,60,33.6,45.4,0.008,1,17.3,34365.07
2013-11-04,42.9,31.9,36.9,0,0,7.3,12887.88
2013-11-05,43.1,28.8,35.2,0,0,6.8,34095.15
2013-11-06,47.1,26.1,36.8,0,0,3.2,33962.83
2013-11-07,51.7,28.1,39.8,0,0,3.3,33831.07
2013-11-08,58.4,30.5,44.9,0,0,4.6,33699.96
2013-11-09,59.5,29,45.6,0,0,3.4,33569.67
2013-11-10,59.8,32.2,47.6,0,0,3,33440.32
2013-11-11,60.5,36.6,48.8,0,0,3.1,33312.08
2013-11-12,61.8,37.6,49.2,0,0,3.4,33185.1
2013-11-13,58.4,32.7,46.5,0,0,3.1,31639.68
2013-11-14,55.5,37.3,46.4,0,0,4.5,32935.58
2013-11-15,56.8,30.5,42.6,0.028,2,12.2,32813.37
2013-11-16,49.7,30.2,41.6,0,0,14.9,7605.32
2013-11-17,55.7,35.5,44.9,0,0,6.6,32574.91
2013-11-18,53.8,27.2,41,0,0,3.1,32459.02
2013-11-19,53.2,31.4,42,0,0,4,11592.29
2013-11-20,50.5,33.4,42,0.067,7,4.7,10905.23
2013-11-21,51.2,29.9,40.3,0.201,18,16.5,31237.11
2013-11-22,35.8,30,32,0.488,23,8.6,0
2013-11-23,37.1,29.9,33.4,0.409,22,4.3,4838.22
2013-11-24,36.2,26.8,33.8,0.035,4,5.9,14119.04
2013-11-25,39.4,24.5,30.9,0,0,2.7,30686.41
2013-11-26,41,21.5,30.5,0,0,2.7,31482.4
2013-11-27,39.4,17.8,29.3,0,0,3.4,30467.79
2013-11-28,38.1,24,30,0,0,3.7,30909.53
2013-11-29,38,23.6,29.5,0,0,3,31075.26
2013-11-30,36.5,23.2,28.8,0,0,3.8,30809.24
2013-12-01,37.3,22.4,28.7,0,0,5.9,30779.53
2013-12-02,40.2,23.8,30.5,0,0,5.1,30685.73
2013-12-03,47.2,25.1,35.3,0.063,3,11.2,21808.81
2013-12-04,31.4,4.7,19.3,0.394,10,7.9,29223.55
2013-12-05,13.9,-9.6,2.5,0,0,4.4,30618.77
2013-12-06,16.1,-2.5,6.8,0,0,2.7,30507.26
2013-12-07,24.5,6.1,16.2,0.157,16,4.1,4348.78
2013-12-08,18.8,1.4,12.8,0.047,5,7,30490.04
2013-12-09,10.5,-6.2,3.7,0,0,4.9,30483.32
2013-12-10,12.5,-12.9,0.6,0,0,4,30452.39
2013-12-11,17.6,2.5,9.5,0,0,3.5,30453.45
2013-12-12,20.2,3.1,11.5,0,0,3.8,30455.98
2013-12-13,23.6,10.5,16.1,0,0,2.7,29101.77
2013-12-14,26.5,11.3,16.7,0,0,4.5,30459.59
2013-12-15,29.7,5.3,16.3,0,0,3,30470.61
2013-12-16,33.4,12,22.2,0,0,3.4,30461.75
2013-12-17,34.1,14.3,23.8,0,0,3.6,30444.68
2013-12-18,33.1,11.2,23.5,0,0,3.7,26928.89
2013-12-19,40.1,21.6,30.5,0.016,3,3.6,27950.17
2013-12-20,33.3,20,28.2,0,0,4.3,30418.24
2013-12-21,31,11.4,21.8,0,0,4.8,30417.64
2013-12-22,31.3,3.5,18.5,0,0,5.5,30421.1
2013-12-23,34.8,6,20,0,0,4.5,30428.61
2013-12-24,33.8,7.7,21.3,0,0,5.6,30440.12
2013-12-25,34.9,6,20.6,0,0,3.1,30455.62
2013-12-26,35,14.3,23.2,0,0,3.1,30475.08
2013-12-27,37.8,17.6,26.4,0,0,3,30498.46
2013-12-28,34.3,16.7,25.7,0,0,3.2,22119.63
2013-12-29,35.2,17.9,26.2,0,0,4.6,30556.83
2013-12-30,35.9,12.5,23.6,0,0,3.3,30591.75
2013-12-31,37.5,17.4,27.4,0,0,3.9,28406.18
2014-01-01,39.2,21.7,28.6,0,0,4.6,30672.84
2014-01-02,40.5,17.5,28.1,0,0,3.2,30718.92
2014-01-03,39.2,17.7,27.7,0,0,3.3,30768.62
2014-01-04,35.5,20.2,26.5,0,0,17.4,30333.92
2014-01-05,31,16.1,22.3,0,0,7.2,30879.34
2014-01-06,32,12,21.6,0,0,3.4,30941.18
2014-01-07,33.5,17,24.6,0,0,2.7,28334.5
2014-01-08,37.6,20,28.3,0,0,3,27632.22
2014-01-09,39.3,17.7,28.4,0,0,4.3,28616.41
2014-01-10,42.9,23.5,31.6,0,0,10.3,31229
2014-01-11,47.1,21.8,34,0,0,4.2,31310.28
2014-01-12,40.1,24.5,33.7,0.008,1,16.4,31394.94
2014-01-13,41.1,23,31.6,0,0,8.9,31482.84
2014-01-14,43.4,27,33.8,0,0,4.3,31573.81
2014-01-15,43.4,23.6,33.1,0,0,3.8,31667.7
2014-01-16,44.5,23.6,33.1,0,0,4,31764.35
2014-01-17,45.2,23.1,34.1,0,0,3.1,31863.6
2014-01-18,46.4,24.8,34.9,0,0,3,31965.31
2014-01-19,46.1,22.2,34.3,0,0,3.4,32069.32
2014-01-20,47.9,22.3,34,0,0,4,32175.49
2014-01-21,44.8,22,33.2,0,0,3.8,32288.32
2014-01-22,42.1,21.5,32.1,0,0,4.5,32381.76
2014-01-23,40.5,24.4,31.4,0,0,13.5,32414.69
2014-01-24,40.5,18.2,29.9,0,0,3.8,32445.21
2014-01-25,42.3,20.2,31.6,0,0,3.6,32405.66
2014-01-26,44.8,21.8,33.3,0,0,4,32523.38
2014-01-27,48.7,25.1,35.9,0,0,10.5,32583.96
2014-01-28,40.9,24.9,32.8,0,0,7.3,32576.35
2014-01-29,46.1,22.7,34.7,0,0,3.8,32121.27
2014-01-30,41.4,32.2,37,0.232,13,6.3,1465
2014-01-31,38,30,32.8,0.071,9,6.6,20001.36
2014-02-01,36.1,23.5,29.4,0,0,5.4,32840.98
2014-02-02,34.2,17.7,25.8,0,0,3.3,32649.23
2014-02-03,36.5,22.1,28.9,0,0,3.7,32811.48
2014-02-04,35.4,23.5,28,0.047,6,11.7,33368.23
2014-02-05,33,15.5,23.9,0,0,3.9,33442.76
2014-02-06,39.9,15.4,27.5,0,0,6.1,33355.84
2014-02-07,44,26.6,34.3,0.004,1,12.4,33515.33
2014-02-08,50.5,27.5,37.8,0.02,2,11.5,33264.45
2014-02-09,50.7,33.3,41.8,0.039,3,11.4,32345.92
2014-02-10,48.9,31,38.2,0.185,6,9.3,31412.25
2014-02-11,45.8,26,35.5,0,0,6.7,32013.64
2014-02-12,50.3,25.5,38.5,0,0,7.2,34219.98
2014-02-13,57,27.4,42.8,0,0,6.2,35100.71
2014-02-14,58.7,34.3,47.1,0,0,6.8,34878.51
2014-02-15,61.9,39,49.9,0,0,3.8,29812.39
2014-02-16,62,36.4,47.6,0.008,1,21.7,34195.76
2014-02-17,56.7,27.1,43.8,0,0,6.2,34062.61
2014-02-18,57.9,32.4,46.1,0,0,6.3,30463.13
2014-02-19,58.5,30.3,43.7,0.02,2,21.3,25998.12
2014-02-20,40.4,24.1,32,0,0,10.5,36342.74
2014-02-21,50.2,27.7,38.9,0,0,10.8,36495.3
2014-02-22,54.3,30.3,43.5,0,0,13.6,36648.51
2014-02-23,57.5,26.2,42.9,0,0,8.2,36802.26
2014-02-24,60.7,27,45.7,0,0,7.8,36956.4
2014-02-25,61.7,30.4,49.3,0,0,8.7,37110.82
2014-02-26,58.7,33.1,46.4,0,0,4.7,37265.37
2014-02-27,54.7,33.1,44.7,0.098,5,19.1,26659.93
2014-02-28,53.6,31.8,43.8,0,0,14.3,30546.66
2014-03-01,54.4,39.7,46.3,0.091,5,18.4,37728.64
2014-03-02,55.1,35.2,44.4,0,0,8.3,37882.54
2014-03-03,57.2,29.9,45.3,0,0,6.7,38035.98
2014-03-04,55.5,30.9,44.3,0,0,12,32872.14
2014-03-05,56.4,34.6,45.9,0,0,4.4,38341.03
2014-03-06,62.9,29.9,46.3,0.008,2,12.2,32874.34
2014-03-07,50.5,37.1,44.2,0.185,14,7,38645.3
2014-03-08,54.2,30.5,42.1,0,0,10.2,38798.48
2014-03-09,58.7,26.2,44.2,0,0,4.6,38952.25
2014-03-10,67.3,28.8,49.8,0,0,16.7,39106.49
2014-03-11,49.6,34,42.3,0.008,1,19.8,39261.11
2014-03-12,52,26.8,39.4,0,0,8.4,39413.57
2014-03-13,56.1,28.9,44.7,0,0,7.6,39474.24
2014-03-14,59.2,36.8,48.8,0,0,7.9,39541.08
2014-03-15,54.8,34.7,46.2,0,0,17.9,39657.8
2014-03-16,59.3,32.6,47.2,0,0,7.5,39675.7
2014-03-17,67.5,33.8,47,0,0,26.8,39605.66
2014-03-18,48.2,26.4,38,0,0,8.5,38728.83
2014-03-19,52.1,31.3,41.4,0,0,6.5,39989.17
2014-03-20,61.1,25.4,45.6,0,0,8.5,39959.96
2014-03-21,60.7,37.8,51.3,0,0,7,38764.69
2014-03-22,59,38,48.3,0,0,12.2,29579.64
2014-03-23,60.4,30.5,46.3,0,0,10.3,40783.62
2014-03-24,62.6,42.1,52.7,0,0,8.4,40969.73
2014-03-25,68.4,34.9,54.2,0,0,8.1,41131.82
2014-03-26,61.9,41.1,50.5,0.02,2,23.4,25227.8
2014-03-27,57.7,35.5,47.1,0.008,1,17.2,41349.82
2014-03-28,57.2,38.6,47.4,0,0,9.5,41590.56
2014-03-29,67.4,29.9,51.2,0,0,14.7,41060.19
2014-03-30,64.7,41.4,51.2,0.012,2,30.3,24348.35
2014-03-31,58,34.3,46.2,0,0,9.3,41375.7
2014-04-01,60.1,43.9,51.6,0,0,24.5,41468.17
2014-04-02,51.5,36.2,45.1,0.028,5,10.8,40152.48
2014-04-03,53.7,33.4,43.7,0,0,7.4,42337.71
2014-04-04,58.3,29.3,46.2,0,0,13,32732.78
2014-04-05,58.7,37,48.7,0,0,10.4,39361.03
2014-04-06,59.1,38,47.9,0,0,15.4,42364.84
2014-04-07,65.4,41.6,52.5,0,0,8.3,43330.84
2014-04-08,69.1,43.4,57.4,0,0,5.1,43475.83
2014-04-09,77.5,37.9,60.8,0,0,11.3,43590.31
2014-04-10,76.9,52.4,64.1,0,0,13.3,43762.99
2014-04-11,78.5,48.8,65.1,0,0,11.9,42377.08
2014-04-12,76.4,49.9,64.7,0,0,14.3,41082.35
2014-04-13,58.8,35.3,50.3,0.13,8,19.7,26660.87
2014-04-14,50.3,27.4,40.4,0,0,9.4,44323.19
2014-04-15,65.1,28.3,49.4,0,0,9.4,44460.01
2014-04-16,60.5,43.3,52.7,0,0,9,36426.44
2014-04-17,69.8,42.2,56.9,0,0,7.5,44732.8
2014-04-18,78.4,41.6,62.8,0,0,17.1,39482.82
2014-04-19,69.4,55.3,62,0,0,9.7,39179.07
2014-04-20,74.4,42.5,61.5,0,0,10,45138.97
2014-04-21,77.8,46,64.7,0,0,7.7,45273.17
2014-04-22,79.8,50.1,67.7,0,0,23.8,42216.62
2014-04-23,65.9,44.3,53.4,0,0,19.4,45392.41
2014-04-24,66.6,37.4,53.5,0,0,7.3,45447.05
2014-04-25,76,40.7,61.8,0,0,20.2,44304.33
2014-04-26,62.8,47,55.5,0.169,10,18,33272.69
2014-04-27,57.4,39.7,48.8,0,0,18.5,44256.13
2014-04-28,55.1,36.6,46.4,0,0,24,45753.25
2014-04-29,56.6,35.3,46.4,0,0,12.7,45866.12
2014-04-30,58.3,35.1,48.1,0,0,18.3,45927
2014-05-01,66.8,36.4,53.1,0,0,6.2,46117.16
2014-05-02,75.4,44.6,62.8,0,0,7.5,46183.48
2014-05-03,85.1,50.9,70.9,0,0,14,46247.55
2014-05-04,84,57.8,73.1,0,0,20.4,46151.72
2014-05-05,81.9,56,71.3,0,0,21.1,46535.49
2014-05-06,75.8,55.9,66.9,0,0,24.2,45494.99
2014-05-07,63.3,45.8,56.3,0.012,2,17.3,46393.05
2014-05-08,63.9,41.2,54.2,0,0,15.1,46824.17
2014-05-09,70.8,42.5,58.4,0.008,1,16.3,36531.17
2014-05-10,72,48,59.9,0.087,4,18.6,43732.62
2014-05-11,47.2,39.1,42.9,0.547,22,17.3,10926.13
2014-05-12,49.8,36.2,42.2,0.028,4,14.6,46760.88
2014-05-13,53.6,30.9,43,0,0,13.7,47895.3
2014-05-14,61.2,31.2,48.8,0,0,6.6,47997.5
2014-05-15,72.2,37.1,57.2,0,0,6.3,48097.84
2014-05-16,80.2,48.3,66.2,0,0,13.4,39770.56
2014-05-17,84.8,51.5,70.2,0,0,12.2,40399.94
2014-05-18,87.4,55.9,74.1,0,0,22,47417.36
2014-05-19,83.2,60.5,73.5,0,0,17.3,48478.42
2014-05-20,83.1,54.6,70.8,0,0,19,48567.82
2014-05-21,81.7,55.1,69.9,0,0,17.4,44356.04
2014-05-22,79.8,52.8,68.9,0,0,10.1,48290.76
2014-05-23,73.6,58.1,64.8,0.012,3,9.5,37234.27
2014-05-24,72.4,49.6,63.2,0,0,7.4,47905.55
2014-05-25,66.7,54.2,59.7,0.268,14,10,29833.96
2014-05-26,75.3,49.4,63.7,0,0,4.1,48784.36
2014-05-27,87.6,51.1,72.5,0,0,8.1,48813.74
2014-05-28,93.6,54.3,77.5,0,0,14.5,48841.34
2014-05-29,86.6,66.2,77.2,0,0,17.5,31462.89
2014-05-30,85.6,57.7,74.6,0,0,10.3,48891.28
2014-05-31,90.7,56.2,76.4,0,0,19.2,48913.65
2014-06-01,85.8,61.8,75.9,0,0,9.9,49026.47
2014-06-02,91.8,54.6,76.5,0,0,13.4,48953.27
2014-06-03,88,67.8,78.6,0,0,19.6,48257.05
2014-06-04,88.7,53.3,75.3,0,0,10.8,49143.73
2014-06-05,88.3,61.7,76.4,0,0,9.6,49161.7
2014-06-06,89.4,64.1,78.3,0,0,10.5,49012.5
2014-06-07,90.5,62.6,78.1,0,0,7.6,49191.17
2014-06-08,80.9,63.7,73.6,0,0,17.1,48498.92
2014-06-09,80.3,51.6,68.3,0,0,8.6,49283.38
2014-06-10,92.9,53.8,76.7,0,0,14.4,45034.16
2014-06-11,89.7,63,78.5,0,0,13.2,44427.47
2014-06-12,91.7,57.3,78,0,0,11.9,49306.65
2014-06-13,91.1,66.9,80.7,0,0,22.1,49466.49
2014-06-14,78,60.7,71,0,0,15.7,49383.22
2014-06-15,86.3,55.6,73.1,0,0,16.7,45621.92
2014-06-16,85.5,67.3,77.6,0,0,21.2,47979.84
2014-06-17,87.4,62,76.3,0,0,27.1,49222
2014-06-18,74,51.8,64.4,0,0,11.3,49551.62
2014-06-19,79.7,53.9,68.6,0,0,7.7,49631.34
2014-06-20,90.1,54.2,75.9,0,0,7.6,48434.25
2014-06-21,93.3,61.6,81.1,0,0,14.2,47032.72
2014-06-22,92.1,66.8,82,0,0,13.8,47021.47
2014-06-23,92.1,63.5,80.9,0,0,11.2,49590.76
2014-06-24,94,59.5,80.5,0,0,11.6,49664.45
2014-06-25,94.4,63.2,81.9,0,0,15,49647.7
2014-06-26,93.8,66.8,81.3,0.004,1,21.4,43158.12
2014-06-27,85.6,66.2,75.5,0,0,15.8,49608.48
2014-06-28,86.8,64.2,76.6,0,0,8.4,49586.14
2014-06-29,96.4,60.5,82.1,0,0,10.3,49562.05
2014-06-30,95.6,72.2,84.6,0,0,16.2,49536.28
2014-07-01,91.3,64.2,79.9,0,0,10.6,49598.44
2014-07-02,95.6,63.7,83.2,0,0,8.5,49034.14
2014-07-03,96.7,65.9,83.5,0,0,15.8,48739.04
2014-07-04,95.8,65.6,84.4,0,0,10.7,48710.84
2014-07-05,94.3,73.2,85,0,0,8.9,49195.82
2014-07-06,97.9,67.2,85.4,0,0,4.9,49260.33
2014-07-07,98.8,72.1,88.7,0,0,6.5,49160.22
2014-07-08,99.5,67.7,86.2,0,0,14.6,49014.44
2014-07-09,92.8,73.9,83.2,0.008,1,14.7,46406.96
2014-07-10,93.9,70,83.2,0,0,13.9,48278.84
2014-07-11,95.2,72.2,84.2,0,0,13,48707.71
2014-07-12,95.4,73.7,85.9,0,0,10,48769.48
2014-07-13,97.4,71.9,86,0.016,2,12.8,48571.45
2014-07-14,97.8,70.4,86.3,0,0,9.5,47838.12
2014-07-15,96.4,70.9,85.6,0,0,17.2,48184.12
2014-07-16,95.3,74.1,84.9,0,0,17.2,47113.28
2014-07-17,92.2,67.7,81.8,0,0,6.5,48537.65
2014-07-18,96.9,65.9,84.1,0,0,13.2,46437.04
2014-07-19,97.2,72.7,86.8,0,0,8.1,48202.06
2014-07-20,98,70.6,86.3,0,0,18.8,47978.54
2014-07-21,96,69.3,85.1,0,0,15.2,48071.52
2014-07-22,99,65.2,85.7,0,0,6.5,48043.54
2014-07-23,101.9,67.1,88.3,0,0,7.7,47628.74
2014-07-24,96.6,77.6,87.9,0,0,11.9,47062.37
2014-07-25,98,73.2,86.1,0.043,1,12.1,46800
2014-07-26,96.8,73.1,85,0.008,1,11.3,47144.8
2014-07-27,96.5,71.3,86.1,0,0,10.4,46975.37
2014-07-28,88.4,72.6,79.6,0.079,7,13.4,43200
2014-07-29,84.9,68.2,75,0.256,8,11.1,42229.61
2014-07-30,82.3,65.9,74.3,0,0,8.5,46895.57
2014-07-31,86.6,63.6,75.9,0,0,7.9,46967.23
2014-08-01,88.1,69.4,79.3,0,0,9.4,46897.01
2014-08-02,90.6,62.1,79.1,0,0,5,46896.78
2014-08-03,88.5,70.6,79,0.047,3,10.6,39627.55
2014-08-04,84.1,65.8,74.8,0.201,8,12.6,46708.35
2014-08-05,86.1,64.4,75.8,0,0,11.9,46685.58
2014-08-06,89.7,62.3,77.6,0,0,8.9,46671.16
2014-08-07,90.3,64.3,79,0,0,11.1,46558.42
2014-08-08,90.8,61.2,79,0,0,10.1,46492.05
2014-08-09,90.2,64.7,79.1,0,0,8.4,46423.84
2014-08-10,92.7,63.6,80.3,0,0,7.8,46323.09
2014-08-11,93.2,62.8,81.1,0,0,5.8,46249.79
2014-08-12,92.9,69.4,81.5,0,0,10.9,44612.79
2014-08-13,79.5,67.3,72.9,0.063,5,7.8,13000.09
2014-08-14,80.6,63.9,71.6,0.307,4,5.9,46037.3
2014-08-15,86.7,61.5,74.4,0,0,6.9,45963.33
2014-08-16,90.7,59.5,76.6,0,0,5.4,45882.63
2014-08-17,94.2,58.7,78.9,0,0,7.9,45755.34
2014-08-18,95.6,60.8,81.3,0,0,13.2,45626.63
2014-08-19,81,66.2,73.1,0.118,11,10.8,35535.7
2014-08-20,80.5,63.7,71.3,0.055,6,11.8,45365.38
2014-08-21,83.3,60.4,73.5,0,0,9,42941.36
2014-08-22,82.4,62.7,73.3,0.016,2,14.4,45014.23
2014-08-23,72.1,60.5,66.7,0.295,10,6.1,44965.47
2014-08-24,80,55.4,68.2,0,0,6.8,44830.42
2014-08-25,87.1,57.8,73.5,0,0,15.9,44066.08
2014-08-26,82.8,62.1,70.5,0.008,1,15.8,28849.39
2014-08-27,74.3,55.3,65.6,0.055,5,10.5,43442.07
2014-08-28,78,54.4,67.5,0,0,4.8,44284.02
2014-08-29,84.7,53.3,71.2,0,0,4.6,44146.32
2014-08-30,90.9,55,75.6,0,0,16.2,43261.16
2014-08-31,89,67.8,79.4,0,0,15.4,43870.29
2014-09-01,86.2,62.3,75.5,0,0,8.2,43732.1
2014-09-02,91.8,57.1,77.4,0,0,8.7,43593.16
2014-09-03,93.4,63.2,79.9,0,0,15.8,43452.95
2014-09-04,90.3,62.2,75.1,0,0,17.3,29805.1
2014-09-05,84.3,56.3,72.1,0,0,9.4,42830.39
2014-09-06,85.9,62.6,74.8,0.004,1,6.9,42745.9
2014-09-07,88,58.1,75.6,0,0,10.3,42233.4
2014-09-08,77.4,64.4,71.1,0.091,7,11,39545.86
2014-09-09,76.7,60.3,67.7,0.484,5,9.6,40344.8
2014-09-10,75.4,53.7,64.3,0,0,6.3,42106.23
2014-09-11,79.3,51.4,66.4,0,0,7.9,41947.67
2014-09-12,74,47.9,62.4,0,0,10.3,41885.43
2014-09-13,81.2,48.6,66.7,0,0,4.6,41794.04
2014-09-14,86.2,51.5,70.7,0,0,7.8,41710.96
2014-09-15,87.8,54.4,73.1,0,0,5.3,41658.63
2014-09-16,87.2,55,73.3,0,0,6.4,41560.65
2014-09-17,87.5,58.4,75.2,0,0,5.1,41031.96
2014-09-18,88.3,57.7,75.1,0,0,7.4,41263.87
2014-09-19,87.7,59.9,75.5,0,0,7.2,41115.68
2014-09-20,90,65.4,78.4,0,0,6.8,40967.72
2014-09-21,84.7,65.6,72.5,0.039,4,13.9,39879.17
2014-09-22,79.8,57.3,68.9,0.071,5,10.5,40600.25
2014-09-23,81.6,56,70.2,0,0,5.2,40523.19
2014-09-24,85,54.5,71.4,0,0,5.4,40373.39
2014-09-25,88.2,55.6,73.9,0,0,8.3,40222.83
2014-09-26,88.3,58.4,74.8,0,0,11.3,40071.61
2014-09-27,79.5,58.9,69.5,0.13,4,13.8,28934.04
2014-09-28,68.8,50.7,60.4,0.602,14,9.5,33167.33
2014-09-29,60.9,48.8,54.2,0.075,9,8.5,37466.32
2014-09-30,65.1,45.4,55.5,0,0,8.5,39042.51
2014-10-01,59.7,46,52.3,0.165,8,12.1,38367.98
2014-10-02,59.2,42.9,50.8,0,0,5.4,38996.2
2014-10-03,64.1,42.2,53.7,0,0,3.2,38786.95
2014-10-04,67.2,48.2,57.5,0,0,4,38582.88
2014-10-05,69.2,51.7,60.1,0,0,4.9,38384.35
2014-10-06,72.1,53.9,61.7,0,0,5.2,38191.77
2014-10-07,72.2,45.3,59.4,0,0,3.3,36391.66
2014-10-08,70.9,51.8,62.1,0,0,3.3,18979.16
2014-10-09,66.7,55.1,60.2,0.024,3,7.8,16859.76
2014-10-10,69.8,47.6,59.1,0,0,3.9,37490.14
2014-10-11,73,44.5,59.8,0,0,7.8,36363.95
2014-10-12,64.3,47.9,56.2,0.008,1,18.2,36698.87
2014-10-13,60.9,43.3,52.1,0,0,4.7,37054.18
2014-10-14,68.1,36.7,53.9,0,0,4.2,36797.23
2014-10-15,76.4,41.4,59.1,0,0,13.7,36601.98
2014-10-16,75.4,45,62.4,0,0,7.9,36161.91
2014-10-17,73.8,43.3,60.9,0,0,4,36006.41
2014-10-18,69.4,48.2,59.2,0,0,4.1,14962.55
2014-10-19,72.4,44.7,59.7,0,0,4.9,36133.81
2014-10-20,73.3,43.9,60.3,0,0,5.6,36000.06
2014-10-21,73.4,48.9,60.9,0.008,1,13,35969.91
2014-10-22,68.2,46.7,58.6,0,0,6.1,35910.89
2014-10-23,72.7,42.7,58.4,0,0,5.4,35844.64
2014-10-24,74.8,42.1,59,0,0,4.2,35771.92
2014-10-25,78.3,42.2,61,0,0,12.2,35686
2014-10-26,74,52.1,62.8,0.012,1,17,33687.39
2014-10-27,57,42.2,50.6,0,0,10.5,32222.16
2014-10-28,60.4,40.3,50.7,0,0,3.9,35248.69
2014-10-29,63.9,36.6,51.5,0,0,4.3,35105.65
2014-10-30,68.2,40.9,54.8,0,0,4,34964.24
2014-10-31,72.8,38.4,56.3,0,0,8.1,34824.61
2014-11-01,72.3,51.8,61.8,0.004,1,22.2,34686.16
2014-11-02,55.9,41.6,50.1,0.201,17,9.9,34547.94
2014-11-03,49.1,36.2,42.2,0.047,4,10.5,34410.05
2014-11-04,50.8,33.5,41.3,0,0,4.1,34272.6
2014-11-05,55.7,30.9,43.2,0,0,3.7,34135.76
2014-11-06,58.2,32.5,45.4,0,0,3.4,33999.66
2014-11-07,59.6,32.8,47.6,0,0,3.6,33864.48
2014-11-08,60.8,40.2,50.5,0,0,4.4,33730.36
2014-11-09,60.5,33.3,48,0,0,4.2,33597.45
2014-11-10,58.1,37.2,45.3,0,0,19.7,33465.93
2014-11-11,53.2,27.3,41,0,0,5.3,33335.96
2014-11-12,42,27,34.5,0,0,14.8,33038.09
2014-11-13,40.5,24.1,31.6,0.043,4,5.4,31738.75
2014-11-14,43.1,28,35.6,0.016,2,4,26574.38
2014-11-15,51.2,30.8,40,0.012,2,14.5,32835.06
2014-11-16,35.8,22.9,29.9,0,0,12.2,32715.49
2014-11-17,35.9,21.6,28.7,0,0,3.8,32598.55
2014-11-18,40.5,18.3,29.8,0,0,3.5,32484.43
2014-11-19,43.4,20.6,33,0,0,2.9,29223.66
2014-11-20,45.1,25.4,35.4,0,0,2.6,32265.47
2014-11-21,48.3,26.3,37.1,0,0,3.9,32160.51
2014-11-22,52.3,26,38.3,0.122,10,9.3,31621.62
2014-11-23,43.2,25.8,34.7,0,0,16.8,31956.25
2014-11-24,42.9,24,31.4,0,0,14.1,31857.14
2014-11-25,44.1,22.5,32.4,0,0,7.3,31080.56
2014-11-26,53.1,29.4,40.1,0,0,3.8,31502.36
2014-11-27,54.5,26.1,39.1,0,0,4.1,30514.53
2014-11-28,56.5,26.7,40,0,0,3.8,30743.27
2014-11-29,60.4,30.7,44.1,0,0,15.1,31167.43
2014-11-30,59.1,39,47.8,0,0,13.9,27171.01
2014-12-01,55.2,35.5,44.8,0,0,5.4,30927.9
2014-12-02,52.1,27.7,40.4,0.004,1,4.5,25271.3
2014-12-03,51.6,36.9,43.1,0.031,2,6,30199.23
2014-12-04,49.4,41.1,45.4,0.004,1,3.8,70.43
2014-12-05,52.3,40.3,45.5,0,0,4.6,30194.95
2014-12-06,52.6,36.7,44.6,0,0,3.4,18301.55
2014-12-07,51.9,32.7,42.7,0,0,2.7,30495.91
2014-12-08,48.7,32.3,40,0,0,3,28209.57
2014-12-09,49.1,31,39.7,0,0,3.4,30447.47
2014-12-10,48.5,31.3,39.4,0,0,3.2,30446.37
2014-12-11,51.2,26.4,38.7,0,0,2.9,30424.62
2014-12-12,59.6,30.1,43,0,0,6.7,24927.87
2014-12-13,44,35.2,40.9,0.303,12,9.9,14324.91
2014-12-14,41.7,27.3,34,0,0,9.4,30449.29
2014-12-15,38,25.5,31,0,0,4.9,30349.73
2014-12-16,42.7,27.9,34.3,0.051,5,2.5,23036.08
2014-12-17,38.1,30.3,34.2,0,0,3.1,5911.13
2014-12-18,40.3,29.2,35.1,0,0,5.8,30440.58
2014-12-19,40.5,26.2,32.2,0,0,3,30347.48
2014-12-20,40.1,26.2,33,0,0,3.8,21441.59
2014-12-21,43.9,28.2,35.2,0,0,7.8,24735.81
2014-12-22,47.8,30.1,38.1,0.047,5,17.8,30421.5
2014-12-23,38.8,24.5,30.9,0.008,1,6.2,30426.71
2014-12-24,38.7,21.8,29.9,0,0,5.4,27811.23
2014-12-25,34.4,25.1,30.4,0.11,11,12.8,17308.22
2014-12-26,31.7,21,25.5,0.035,6,7.8,28116.81
2014-12-27,28.5,16.7,22.6,0,0,4.8,30434.81
2014-12-28,32,14.2,22.3,0,0,6.7,30512.93
2014-12-29,29,16.7,22.4,0.043,8,7.1,30542.22
2014-12-30,20.4,8.8,15.9,0.016,4,12.6,27202.81
2014-12-31,22.2,5.7,13.5,0,0,8.5,27013.28
2015-01-01,22.2,10.5,16.5,0.11,13,4.3,14291.22
2015-01-02,24,-3.9,10.9,0,0,3.4,30702.34
2015-01-03,28.7,5.5,15.8,0,0,4.7,30753.31
2015-01-04,33.2,0.9,18.2,0,0,3.6,25975.06
2015-01-05,34.2,8.5,23.4,0,0,4.5,30867.46
2015-01-06,40.6,15.8,27.3,0,0,3.2,30930.36
2015-01-07,45.7,22.7,32.6,0,0,2.9,30996.98
2015-01-08,45.2,23.4,33.2,0,0,3.6,31067.15
2015-01-09,42.9,21.4,31.2,0,0,4.1,31140.76
2015-01-10,41.4,24.5,32.4,0,0,3.4,31217.66
2015-01-11,43.4,30.2,35.3,0.024,3,4.9,31297.72
2015-01-12,42.5,25.9,34,0.004,1,4.5,26678.19
2015-01-13,38.1,31.3,34.9,0.319,14,4.6,4749.84
2015-01-14,40.6,23.1,32,0,0,3.6,31555.48
2015-01-15,41.5,21,30.9,0,0,4.1,31646.82
2015-01-16,39.7,20.8,30,0,0,5,31740.64
2015-01-17,42.5,22.6,32.6,0,0,4.6,31836.83
2015-01-18,44.2,23.4,33.1,0,0,3.5,31935.25
2015-01-19,44.2,25,35.1,0,0,3.7,23109.83
2015-01-20,43.6,24.1,35,0,0,5.4,32139.01
2015-01-21,39.7,23.6,31.3,0,0,13,32245.72
2015-01-22,35.7,20.3,27.4,0,0,7.6,32359.13
2015-01-23,39.6,23.8,30.8,0,0,3.6,32410.84
2015-01-24,42.1,23.9,33.5,0,0,3.8,32403.26
2015-01-25,48.6,29,37.9,0,0,4,32457.21
2015-01-26,55.1,27.3,41,0,0,4.3,32501.5
2015-01-27,51.2,27.6,39.4,0,0,3.2,31148.54
2015-01-28,50.8,32.2,41.7,0,0,6.7,32475.59
2015-01-29,51.7,35.8,42.8,0,0,4.5,22114.89
2015-01-30,44.2,38.6,41.1,0.366,18,6.2,0
2015-01-31,45.5,33.5,39.7,0.114,11,5.2,14335.48
2015-02-01,46.1,28.3,36.6,0,0,4.9,32970.34
2015-02-02,50,29,38.4,0,0,5.6,32984.93
2015-02-03,52,27.7,40.1,0,0,6,29310.27
2015-02-04,56.1,30.8,42.7,0,0,6.5,33126.23
2015-02-05,59,30.6,44.4,0,0,4,33262.96
2015-02-06,61.1,29,43.7,0,0,7.4,32934.48
2015-02-07,60.5,34.3,47.5,0,0,6.8,34043.06
2015-02-08,59.6,30.8,47.1,0,0,5.8,34369.84
2015-02-09,64.4,32.2,47.7,0,0,12.7,34554.93
2015-02-10,56.9,38,47.8,0,0,10.6,34746.85
2015-02-11,57.2,31.7,44.6,0,0,10.1,34971.66
2015-02-12,55.6,30.8,45.5,0,0,5.8,35054.76
2015-02-13,60.6,32.9,48,0,0,4.3,35262.07
2015-02-14,61.3,32.9,48.8,0,0,5.8,35409.39
2015-02-15,58.5,33.2,45.8,0,0,17.5,35557.92
2015-02-16,45.5,32.7,39.8,0.004,1,11.7,32838.22
2015-02-17,45.5,24.5,35.3,0,0,7.6,35857.94
2015-02-18,53.1,24.4,39.6,0,0,3.2,36009.16
2015-02-19,58.4,26.2,44.2,0,0,5.4,36160.98
2015-02-20,57.3,30.1,43.8,0,0,19.8,36313.27
2015-02-21,50.3,34.3,41.6,0,0,11.4,33577.28
2015-02-22,34.7,27.5,32.2,0.055,7,14.4,13402.08
2015-02-23,38,24.6,31.1,0.087,12,6.9,24723.04
2015-02-24,48.7,28.1,37.8,0,0,10.7,36924.42
2015-02-25,52.6,28,39.3,0.008,1,14.6,36107.46
2015-02-26,43,24.8,34.4,0,0,6.5,23558.86
2015-02-27,43,24.8,33.5,0,0,7.9,37381.29
2015-02-28,43.4,24.5,33.4,0.094,7,11.5,26887.58
2015-03-01,43.4,26.1,35.8,0.008,2,3.6,15750.69
2015-03-02,53.1,34.7,41.2,0.268,13,21.5,20144.31
2015-03-03,44.8,29.6,36.5,0.043,7,13.5,37988.62
2015-03-04,41.3,25.4,32,0,0,8.3,38142.25
2015-03-05,44.6,24,34.4,0,0,5.3,38296.52
2015-03-06,50.2,25.7,38.6,0,0,4.2,38451.29
2015-03-07,54.9,31.7,43.9,0,0,4.8,38606.48
2015-03-08,57.2,30.4,44.9,0,0,6.3,38761.96
2015-03-09,57.5,35.5,47.1,0,0,7.1,38917.62
2015-03-10,60.8,36.5,50.1,0,0,5.1,39073.35
2015-03-11,63.4,29.8,50.3,0,0,6.3,36249.48
2015-03-12,56.7,44,50.7,0,0,6.2,18119.96
2015-03-13,63.2,39.8,50.8,0,0,8.6,39459.58
2015-03-14,64.8,34.2,51.5,0,0,6.2,39526.6
2015-03-15,69.7,36,55.2,0,0,5.7,39580.34
2015-03-16,72.2,35.3,57.7,0,0,6.9,39673.58
2015-03-17,74,37.7,58.2,0,0,9.2,39727.1
2015-03-18,65.7,48.8,58.4,0,0,9.1,32096.3
2015-03-19,64.1,40.7,52.9,0,0,12.7,39838.62
2015-03-20,65.3,38.9,53.7,0,0,5.3,40080.99
2015-03-21,69.3,32.9,54.7,0,0,8.6,40226.59
2015-03-22,70.6,38.6,57.8,0,0,9.7,34821.72
2015-03-23,68.5,50.6,59.3,0,0,18.8,40425.31
2015-03-24,63,40.4,52.5,0,0,9.2,40641.67
2015-03-25,57.1,41.8,50.6,0,0,12.7,41030.58
2015-03-26,61.8,38.2,51.2,0,0,6.9,41152.89
2015-03-27,70.2,41.7,57.4,0,0,6.3,41383.7
2015-03-28,77.8,39.8,61.7,0,0,10.4,41299.69
2015-03-29,73.1,50.8,63.2,0,0,7.9,41330.3
2015-03-30,76,44.3,62.7,0,0,7.8,41646.04
2015-03-31,78.5,44.7,65,0,0,17.4,41358.07
2015-04-01,66.5,50.4,59.1,0,0,14.9,41854.24
2015-04-02,59.6,41.7,51,0,0,18.9,42459.1
2015-04-03,54.3,35,44.7,0,0,7.6,42713.5
2015-04-04,66.7,27.4,50,0,0,7.7,42860.77
2015-04-05,71.6,40.7,57.5,0,0,19.5,42903.74
2015-04-06,70.3,41.5,57.8,0,0,21.3,42537.84
2015-04-07,67.8,40.3,56.1,0,0,20,43296.81
2015-04-08,56.2,40,49.4,0,0,23.6,43038.64
2015-04-09,59.5,34.5,47.9,0,0,6.1,43581.71
2015-04-10,66.8,36,54.3,0,0,9.2,43722.42
2015-04-11,72.1,36.9,57.7,0,0,13.3,43862.98
2015-04-12,68.6,46.6,57.9,0,0,11.8,44003.41
2015-04-13,71.3,46.1,59.1,0,0,7.7,44143.62
2015-04-14,75.5,41.1,59,0,0,24.6,44283.53
2015-04-15,45.3,34.5,40.8,0,0,15.3,43486.06
2015-04-16,51.1,30.8,41.9,0.008,1,8.8,43086.95
2015-04-17,47,37.8,42.1,0.287,16,7.5,16285.66
2015-04-18,59.2,39.8,49.2,0.098,8,10.3,44505.89
2015-04-19,60.5,39.5,51.1,0,0,6.2,44474.94
2015-04-20,66.1,40.2,54.6,0,0,7.1,45111.05
2015-04-21,72,37.3,57.1,0,0,9.4,45246.07
2015-04-22,73.3,38,58.9,0,0,10.1,45325.21
2015-04-23,71.1,40.3,58.4,0,0,14.6,45379.68
2015-04-24,69.7,41.2,58.1,0,0,13.2,45434.02
2015-04-25,64.7,47.5,55,0.252,8,11.5,34730.62
2015-04-26,57.8,45.4,50.9,0.055,6,8.8,36996.12
2015-04-27,63.5,45.6,54.7,0,0,10,45595.96
2015-04-28,68,45.4,57.6,0,0,6.1,45689.01
2015-04-29,76.3,41.9,61.8,0,0,6.5,45848.71
2015-04-30,81,44.9,66.5,0,0,10.6,45909.57
2015-05-01,81.3,56.9,69.7,0,0,10.7,43295.13
2015-05-02,82.6,53.3,71.5,0,0,12,45863.06
2015-05-03,80.7,56,70,0,0,11.5,45916.57
2015-05-04,74.9,52.4,65.5,0,0,6.4,46215.86
2015-05-05,67.4,53.3,60.7,0.051,4,6.2,34630.46
2015-05-06,71.3,53,61.5,0.004,1,14.2,43460.88
2015-05-07,73.1,45.6,61.6,0.008,1,13.4,46831.62
2015-05-08,71.1,48.3,59,0.008,1,14.2,33027.85
2015-05-09,61.5,42.8,53,0,0,9.4,47068.96
2015-05-10,62.3,40.8,52.5,0,0,9.9,46842.65
2015-05-11,70.7,39.3,57,0,0,5.4,47515.24
2015-05-12,79.9,45.9,64.5,0,0,19.4,47028.53
2015-05-13,76.4,54.5,66.5,0,0,16.9,47341.28
2015-05-14,66.6,53.4,60.2,0.118,11,10.9,42575
2015-05-15,61,46.2,53.5,0.201,11,14.1,42163.23
2015-05-16,62.7,44.3,53.4,0.043,5,12,45337.09
2015-05-17,68.9,47,59,0.004,1,8.7,48177.54
2015-05-18,75.7,45.2,60.1,0.075,4,15.8,37675.44
2015-05-19,67.4,46.4,58,0.079,6,11.1,47453.65
2015-05-20,73.6,43.9,61.7,0,0,7.4,48542.09
2015-05-21,74.7,45.7,62.9,0,0,14,37079.56
2015-05-22,73.3,49.8,63,0,0,14.2,45462.55
2015-05-23,62.3,49.8,56.4,0.035,5,11.4,48674.07
2015-05-24,66.2,43,56.3,0,0,8.4,46277.68
2015-05-25,71.8,49.7,61.8,0,0,8.7,48741.97
2015-05-26,76.8,48.5,64.7,0.047,3,12.2,48527.79
2015-05-27,79,50,66.4,0.004,1,15.8,47839.75
2015-05-28,78,56.1,67.8,0.008,1,12.3,48831.59
2015-05-29,77.5,53.3,67,0,0,6.5,48859.84
2015-05-30,85.6,50.9,71.8,0,0,8.1,48883.17
2015-05-31,91.1,57.8,78.3,0,0,8.7,48906.5
2015-06-01,93.1,59.5,79.6,0,0,18.2,49019.97
2015-06-02,88.5,62.8,77.7,0,0,13,49042.8
2015-06-03,87.3,54.8,74.3,0,0,16.9,49118.93
2015-06-04,88.4,53.4,74.5,0,0,13.2,48983.45
2015-06-05,76,61.2,69.3,0.138,9,12.4,38838.49
2015-06-06,71.9,55.6,63.1,0.437,12,13,44593.89
2015-06-07,72.6,52.8,63.5,0.071,5,7,48644.06
2015-06-08,79.4,51.4,67.6,0,0,4.9,49271.59
2015-06-09,84.4,55.1,72.4,0,0,6.7,45442.57
2015-06-10,71.2,60.5,65.9,0.244,12,10,43769.36
2015-06-11,67.9,55.3,61.8,0.217,11,5.6,42458.92
2015-06-12,75.8,56,66.3,0,0,5.2,49307.85
2015-06-13,82.3,54.5,70.8,0,0,6.6,49233.84
2015-06-14,85.3,54.5,72.2,0,0,11.1,49391.12
2015-06-15,90.4,56.2,76.6,0,0,13.3,49070.18
2015-06-16,94.9,62.3,80.9,0.004,1,18.2,49308.32
2015-06-17,95.7,61.3,82.4,0,0,10.1,49552.57
2015-06-18,97.9,58.7,82.1,0,0,10.2,49633.63
2015-06-19,98.9,61.8,83.7,0,0,14.4,49629.47
2015-06-20,99.2,61.2,84,0,0,8.6,49623.18
2015-06-21,102.1,62.4,86.2,0,0,19.5,49614.85
2015-06-22,99.4,70.1,87.2,0,0,10.3,49692.46
2015-06-23,100.2,68.2,87.3,0,0,14.4,48970.06
2015-06-24,98.6,71.6,87.1,0,0,13.5,49578.36
2015-06-25,98,65.1,84.8,0,0,9.2,49562.55
2015-06-26,97.8,73.2,87.2,0,0,6.6,49634.78
2015-06-27,98.7,68.3,86.7,0,0,6.5,49436.02
2015-06-28,98.9,67.8,86.7,0,0,6.2,49505.13
2015-06-29,99.9,70.9,88.1,0,0,8.1,48943.8
2015-06-30,101.8,69.8,88.6,0,0,13.9,49279.01
2015-07-01,100.5,74.2,88.5,0,0,11.1,48806.02
2015-07-02,96.8,73.5,87.1,0,0,5.9,48306.08
2015-07-03,97.4,71.9,86.9,0,0,10.7,49361.68
2015-07-04,97.2,73.8,86,0.004,1,18,42820.25
2015-07-05,87.2,68.7,78.4,0.098,7,8.7,44807.94
2015-07-06,90.2,66.3,79.1,0.059,1,8.9,48534.71
2015-07-07,83.8,68,76.8,0,0,12.2,47801.86
2015-07-08,85.4,64.5,75,0.035,3,12.8,47295.73
2015-07-09,83.6,63.7,73.7,0.031,2,17.9,43238.87
2015-07-10,82.1,58.7,72.3,0,0,12.5,48611.86
2015-07-11,86.3,60.6,75.6,0.004,1,15.3,48479.19
2015-07-12,92.4,64.3,80.2,0,0,14.4,48440.91
2015-07-13,92,65.2,80.6,0,0,11.3,48401.95
2015-07-14,90.4,68.6,81,0,0,6.4,46974.32
2015-07-15,91.5,65.9,79.9,0,0,14.2,48187.41
2015-07-16,93.1,63.5,81,0,0,11,48597.17
2015-07-17,95.6,66.7,83.7,0,0,15.5,48480.19
2015-07-18,89.6,67.7,81.2,0,0,16.3,48199.96
2015-07-19,83.1,65.4,73.7,0.047,3,4.1,40412.51
2015-07-20,89.1,63.2,76.1,0,0,13.4,36898.36
2015-07-21,86.4,65,76.3,0.008,1,12.5,47564.59
2015-07-22,90.5,62.6,79.1,0,0,15,47843.31
2015-07-23,93.3,66,81.7,0,0,13.5,47970.45
2015-07-24,93,65.8,81.3,0,0,12.4,47849.36
2015-07-25,92.9,61.4,79.7,0,0,8.8,47731.41
2015-07-26,95.7,61.1,81.3,0,0,13.1,47534.43
2015-07-27,94.3,66.7,82.3,0,0,21.5,47468.53
2015-07-28,89.1,65,78.1,0,0,7.7,47414
2015-07-29,92.9,67.3,80.9,0,0,7.9,47049.27
2015-07-30,93.5,65.9,82.4,0,0,6.9,46806.84
2015-07-31,93.7,67,82.4,0,0,10.3,46967.74
2015-08-01,91.1,69.2,80.7,0,0,8.8,46964.87
2015-08-02,77.2,66.5,72.4,0.335,14,7.2,22585.23
2015-08-03,84.1,61.7,73.3,0,0,14.2,46940.27
2015-08-04,88.7,59.2,75.1,0,0,9.2,46875.36
2015-08-05,95.9,59.6,80.3,0,0,18,46808.45
2015-08-06,93.1,73.1,82.9,0,0,6.8,46601
2015-08-07,81.6,67,72.8,0.13,8,11.6,27549.48
2015-08-08,84.9,60.5,74.1,0,0,13.1,46473.5
2015-08-09,88.3,59.8,76.2,0,0,9.2,46445.75
2015-08-10,92.8,60.8,80.2,0,0,8.1,46343.55
2015-08-11,82.6,72.3,76.3,0.15,7,8.7,41520.29
2015-08-12,86.6,67.1,76.2,0.067,4,8.9,46198.88
2015-08-13,90.1,68,79.9,0,0,6.7,46126.5
2015-08-14,96.3,64.3,82.7,0,0,11.1,46052.8
2015-08-15,97.3,69.8,84.9,0.004,1,10.8,45849.06
2015-08-16,96.5,68.5,85.5,0,0,9.9,43992.33
2015-08-17,95.9,71.5,85.4,0,0,15.3,45782.31
2015-08-18,91.2,67,79.8,0,0,16.1,45653.25
2015-08-19,84.9,61,75.2,0,0,9.9,45523.21
2015-08-20,91.3,61.7,79.6,0,0,8.6,43244.48
2015-08-21,94.7,61.2,81.3,0,0,13.6,45260.64
2015-08-22,93.8,67.5,82.6,0,0,10.6,45128.29
2015-08-23,92.6,69.2,82.4,0,0,6.4,44995.36
2015-08-24,93.6,62.3,81.2,0,0,5.4,44861.94
2015-08-25,95.6,64.1,83.1,0,0,10.4,44211.26
2015-08-26,80.3,66.8,71.6,0.232,9,9.3,18687.35
2015-08-27,82.4,62.3,71.5,0.012,1,11.4,44436.29
2015-08-28,86.1,62.4,75.5,0,0,5.5,44324.48
2015-08-29,92.3,56.1,77.3,0,0,7.7,44187.91
2015-08-30,92,62,79.1,0,0,14.7,42610.02
2015-08-31,87.3,64.7,76.1,0.055,2,12.9,40127.91
2015-09-01,89.3,61.8,76.4,0,0,14.3,42393.86
2015-09-02,89.4,61,77.4,0,0,14.4,42783.35
2015-09-03,88.4,67.7,78.9,0,0,14.3,42725.13
2015-09-04,85.4,62,75.8,0,0,17.4,42664.23
2015-09-05,85.1,64.2,74.9,0.008,1,20.3,42933.66
2015-09-06,85.7,60.2,74.6,0,0,11.2,42766.27
2015-09-07,85.3,62.2,74.9,0,0,9.3,42462.69
2015-09-08,85.7,61.3,75.6,0,0,6.3,42453.5
2015-09-09,87.1,56,74.7,0,0,6.3,42309.5
2015-09-10,87.5,59.7,75.6,0,0,3.1,42174.78
2015-09-11,88.9,62.8,77.5,0,0,4.2,42006.43
2015-09-12,90.7,58.1,78,0,0,7.8,41901.17
2015-09-13,91,62.6,79.2,0,0,9.3,41776.25
2015-09-14,82.9,66.8,74.5,0.059,5,18,39589.59
2015-09-15,76.7,60.9,69.1,0.106,10,19.2,41199.29
2015-09-16,77.8,57.6,68.5,0.161,6,20.7,41601.87
2015-09-17,79.4,56.4,68.6,0,0,14.3,41455.54
2015-09-18,75.4,54.7,66.5,0,0,7.2,41308.19
2015-09-19,79.2,53.2,67.3,0,0,6.5,41159.92
2015-09-20,81.2,56,69.8,0,0,5.7,41010.82
2015-09-21,83.6,49.1,69.4,0,0,3.9,39769.71
2015-09-22,81.3,53.8,70.4,0,0,5.8,38118.4
2015-09-23,84.8,59.6,73.8,0,0,4.8,40559.39
2015-09-24,88.1,56.5,74.5,0,0,5.9,40407.85
2015-09-25,87,54.8,73.6,0,0,6.1,40255.93
2015-09-26,87.5,54.4,73.3,0,0,7.3,37421.16
2015-09-27,87.4,54.5,73.3,0,0,7.9,39951.33
2015-09-28,86.5,57.8,73.4,0,0,6.6,39284.98
2015-09-29,86.4,59,74.2,0,0,10.2,37144.92
2015-09-30,86.8,59.4,74.9,0,0,7.9,36388.4
2015-10-01,89.8,59.7,75.4,0,0,13.3,38138.13
2015-10-02,78.8,59.9,69.9,0,0,19.3,39021.93
2015-10-03,72.8,53.6,62.9,0,0,6.2,38813.85
2015-10-04,77.5,48.3,64.4,0.012,2,9.9,38696.14
2015-10-05,63.8,54.3,58.6,0.87,16,10.5,18428.06
2015-10-06,63.2,48.8,56.2,0.035,6,4.7,37204.01
2015-10-07,66.5,51.4,58.5,0,0,7.4,37817.39
2015-10-08,70.8,53,61.6,0,0,4.7,37156.46
2015-10-09,72.7,49.1,62.6,0,0,5.7,32984.68
2015-10-10,74,49.8,62.6,0,0,6.1,37522.12
2015-10-11,75,50.5,63.9,0,0,8.7,37363.29
2015-10-12,73,54.2,63.8,0,0,4.9,37317.84
2015-10-13,75.2,50.3,63.3,0,0,4.1,37067.64
2015-10-14,77.1,50.4,64.5,0,0,4.2,36807.3
2015-10-15,78.1,51.1,65.1,0,0,3.4,36574.28
2015-10-16,76.1,46.8,63.9,0,0,6,36027.19
2015-10-17,70,51.2,59.7,0.13,11,10.8,25200
2015-10-18,69.4,52.2,60.5,0.244,16,5.3,36000
2015-10-19,66.1,51.7,58.6,0.311,7,11.7,36040.14
2015-10-20,60.5,49.5,54.6,0.165,11,5,32826.68
2015-10-21,61.4,49.5,54.8,0.102,8,6,31072.37
2015-10-22,57.7,48.9,52.6,0.157,12,8.3,23635.52
2015-10-23,57.9,47,51.7,0,0,6.1,35855.56
2015-10-24,60.8,41.1,51.2,0,0,3.1,35789.84
2015-10-25,62.4,39.8,52.3,0,0,4.2,30106.93
2015-10-26,61.4,45.3,53.3,0.075,5,4.5,32323.32
2015-10-27,63.2,40.3,50.4,0,0,11.8,35437.88
2015-10-28,54.9,35,46.3,0,0,4.8,35082.17
2015-10-29,55.1,41.7,47.5,0.035,5,8.4,20210.42
2015-10-30,56,42.9,48.5,0.098,7,10.9,35008.85
2015-10-31,57,41,48.4,0,0,6.1,34866.27
2015-11-01,64,34.9,49.4,0,0,5.3,34724.12
2015-11-02,67.9,39.2,52.3,0,0,15.5,34582.57
2015-11-03,63.3,45,52.1,0.193,9,24.8,33204.6
2015-11-04,50.7,37.4,44.6,0.185,16,11.5,34301.86
2015-11-05,46.5,31.4,39.6,0.004,1,9.6,33717.35
2015-11-06,46.4,32.2,38.3,0,0,6.2,34025.33
2015-11-07,47,31.3,38.1,0,0,3.2,33889.04
2015-11-08,49.3,25.7,37.1,0,0,4.2,33754.3
2015-11-09,58.2,29.6,42.3,0,0,10.9,33621.25
2015-11-10,53.3,33.6,41.7,0.15,10,17.9,31664.22
2015-11-11,44.1,28.2,36.9,0.079,5,12.4,33361.02
2015-11-12,43.9,23.9,33.6,0,0,3.4,33234.18
2015-11-13,46.7,24.5,35.1,0,0,2.8,33109.77
2015-11-14,48.9,23.8,35.8,0,0,2.9,32987.99
2015-11-15,53,25.4,38.1,0.047,3,6.5,32869.03
2015-11-16,44.3,32.5,38.3,0.161,8,9.2,30101.23
2015-11-17,42.5,29.9,35.7,0,0,11.4,32637.31
2015-11-18,49.7,26.1,37.7,0,0,12.4,32523.55
2015-11-19,52.3,27.1,38.8,0,0,4.7,32411.38
2015-11-20,52.1,29,38.5,0,0,14.8,32300.9
2015-11-21,42.5,24.6,33,0,0,8.5,32192.31
2015-11-22,43.4,25,33.5,0,0,2.6,32085.74
2015-11-23,46.5,25,35.1,0,0,2.5,31981.35
2015-11-24,54.3,25.2,37.7,0,0,7.9,31879.3
2015-11-25,57.3,37.1,45.2,0.016,2,18,28536.88
2015-11-26,43.1,27.8,35.8,0,0,7.4,31682.88
2015-11-27,37.8,24,29.8,0.043,5,7.9,30923.73
2015-11-28,35.6,24.5,29.4,0.012,2,3.2,31226.18
2015-11-29,33.9,25,29.3,0,0,7.7,29681.66
2015-11-30,32.3,19.3,25.9,0,0,6.7,31124.75
2015-12-01,35.4,17.4,26.4,0,0,4.1,31004.02
2015-12-02,38.1,17.7,28.3,0,0,3.6,30893.2
2015-12-03,42.9,20.4,31.6,0,0,3.1,30730.64
2015-12-04,46,24.5,35.5,0,0,2.9,25325.93
2015-12-05,44.3,27.3,37.2,0.004,1,4.7,30517.28
2015-12-06,44.9,22.2,33.1,0,0,4,30602.31
2015-12-07,44.5,23.3,33.8,0,0,4.1,27250.33
2015-12-08,49.3,26.6,37.6,0,0,3.1,29338.96
2015-12-09,51.6,26.7,37.7,0,0,4.3,25910.74
2015-12-10,50.4,27.2,38.7,0,0,6.8,8026.05
2015-12-11,44.3,33.2,38.3,0.035,6,5.7,24695.91
2015-12-12,41.7,29.6,34.4,0,0,11.8,29890.12
2015-12-13,39.8,23,31.1,0,0,5.1,29598.53
2015-12-14,37.7,26.7,31.8,0.26,16,9.6,7250.49
2015-12-15,32.4,22.2,27.9,0.047,8,9,19909.42
2015-12-16,28.6,12.7,22.1,0,0,5.2,30226.96
2015-12-17,30.4,12.9,20.9,0,0,5,30458.87
2015-12-18,36.1,8.9,22.6,0,0,2.8,30441.93
2015-12-19,41.4,16,28.1,0,0,2.9,30429.03
2015-12-20,41.9,24.6,32.1,0,0,8.7,24680.06
2015-12-21,41.6,23.1,33.4,0.028,4,12.1,24013.61
2015-12-22,38.2,31.3,35.3,0.335,14,11.4,15164.31
2015-12-23,35.1,25,30.4,0.079,4,15.1,27954.55
2015-12-24,30,1,17.7,0.043,4,6.8,30426.9
2015-12-25,29.7,17,23.8,0.217,20,9.4,16695.54
2015-12-26,22,4.1,13.7,0,0,16.3,30456.32
2015-12-27,20,-3.2,10.5,0,0,4.4,30477.96
2015-12-28,21.5,-1.2,10.1,0,0,3.6,30477.8
2015-12-29,23.1,4.7,13,0,0,3,30534.44
2015-12-30,25.2,8.7,16.9,0.004,1,4.9,30003.09
2015-12-31,25.3,8.8,18.1,0.028,4,6.7,30607.82
2016-01-01,22.3,-2.2,11,0,0,3.1,30650.61
2016-01-02,27,11.9,18.8,0,0,3.3,30697.32
2016-01-03,28.7,13.9,20.6,0,0,2.7,27280.53
2016-01-04,34.9,15.6,25.3,0,0,3.4,30337.26
2016-01-05,34.5,24,28.8,0,0,2.6,18801.98
2016-01-06,34.6,27.1,31.2,0.323,20,3.4,3443.6
2016-01-07,36.6,27.2,32,0.083,7,3.4,20578.55
2016-01-08,32.9,22.8,27.8,0.169,11,3,24659.72
2016-01-09,29.6,9,19.9,0.024,4,3.2,31125.45
2016-01-10,25.5,1,14,0,0,3.6,31199.77
2016-01-11,23,0.5,12.5,0,0,4,31277.06
2016-01-12,24.8,1.7,13.4,0,0,5.1,31357.21
2016-01-13,25.5,9.7,16.2,0,0,4.9,31440.11
2016-01-14,28.2,5.5,15,0,0,4.9,31525.66
2016-01-15,31.1,5.9,19.2,0.02,3,6.4,21083.05
2016-01-16,33.1,7.1,22,0,0,2.8,31707.16
2016-01-17,36,16.5,25.1,0,0,4.5,31803.51
2016-01-18,37.2,6.6,23.8,0,0,4.3,30513.82
2016-01-19,36.2,25.6,31.2,0.031,3,3.7,32006.46
2016-01-20,37.6,26.5,31.2,0.012,1,11.6,32112.66
2016-01-21,34.3,7.9,23,0,0,3.3,32221.77
2016-01-22,33.6,13.7,23.7,0,0,3.5,32333.59
2016-01-23,38.9,8.3,25.3,0,0,3.2,29046.87
2016-01-24,37.9,26.9,30.9,0.039,6,7.8,31051.66
2016-01-25,36.7,22.5,28.6,0,0,3.8,32454.4
2016-01-26,35.3,14.1,25.1,0,0,2.9,32469.86
2016-01-27,38.3,15.8,27,0,0,3,32572.67
2016-01-28,41.8,19.1,29.9,0,0,2.9,32600.27
2016-01-29,45.5,22.1,33.7,0.004,1,3.7,23353.97
2016-01-30,52,28.7,38.3,0.13,6,12.7,31173.47
2016-01-31,34.9,29.9,32.7,0.197,14,8.2,780.73
2016-02-01,30.3,20.9,27.2,0.583,21,8.2,2967.54
2016-02-02,22,11.8,16.3,0,0,6.8,32948.48
2016-02-03,17.6,-1.3,9.9,0,0,4.3,33462.99
2016-02-04,19.4,-9.3,6.2,0,0,3.8,20883.07
2016-02-05,20.3,-7.3,7.5,0,0,3.8,33698.97
2016-02-06,24.5,2.4,12.8,0,0,3.8,33851.62
2016-02-07,31.2,5.8,17.4,0,0,3.4,33724.57
2016-02-08,33.8,12,22.1,0,0,3.5,34339.52
2016-02-09,35.3,15.3,25.1,0,0,3.7,34607.93
2016-02-10,36.5,18.9,27.6,0,0,3.9,34794.23
2016-02-11,40.1,20.2,29.7,0,0,3.7,34739.46
2016-02-12,45.8,20,32.5,0,0,3.5,35085.76
2016-02-13,46.7,22.5,34.9,0,0,4.3,32763.09
2016-02-14,45.9,26.2,36.1,0,0,6,24458.47
2016-02-15,52.4,27.9,40.9,0,0,9.9,35030.2
2016-02-16,53.6,31,41.8,0,0,4.1,35339.66
2016-02-17,55.8,26.3,39.8,0,0,5.8,32761.33
2016-02-18,60.9,31.6,46.2,0.063,5,25.1,32464.59
2016-02-19,54.2,23.5,38.5,0,0,4.3,36130.16
2016-02-20,55.8,27,41.6,0,0,6.3,36280.48
2016-02-21,53.3,30.8,42,0,0,5.1,36291.41
2016-02-22,48.1,31,39,0.094,5,11.1,29073.15
2016-02-23,44.5,28.4,34.9,0.012,2,13.6,36730.24
2016-02-24,44.7,20.7,33.6,0,0,5.4,36879.8
2016-02-25,50.9,23.5,37.8,0,0,3.6,37030.48
2016-02-26,55.4,25.8,41,0,0,3.8,37182.24
2016-02-27,59.8,27.2,43.6,0,0,7,37334.95
2016-02-28,55.9,39.6,46.4,0,0,4.7,37488.47
2016-02-29,59.1,34.2,45.8,0,0,12.4,37642.69
2016-03-01,59,30.8,45.6,0,0,7.6,37797.47
2016-03-02,61.1,36.2,48.8,0,0,14.4,37952.7
2016-03-03,62.3,27.8,46.5,0,0,4.2,36641.84
2016-03-04,63.2,33.2,48,0,0,5.4,36283.71
2016-03-05,67.3,35.7,50.6,0,0,15.5,28397.76
2016-03-06,62.3,43.8,51,0.059,8,17.7,24963.42
2016-03-07,51,33.6,43,0.177,6,13.2,36930.91
2016-03-08,50.6,29,39.9,0,0,7.3,38887
2016-03-09,54.2,27.6,41.6,0,0,8.4,35673.71
2016-03-10,60.1,29,46.9,0,0,4.7,39196.85
2016-03-11,68.6,31.1,49.9,0,0,10.8,30673.2
2016-03-12,61.9,36,50,0,0,11,39446.47
2016-03-13,60.3,36.5,49.1,0,0,13.7,39513.35
2016-03-14,62.3,39.5,50.1,0,0,22,39573.3
2016-03-15,53.9,30.6,42.4,0,0,14,39669.81
2016-03-16,53.8,30.9,42.7,0,0,11.6,39726.5
2016-03-17,61.7,29,46.8,0,0,15,39791.7
2016-03-18,55.9,34.3,46.3,0,0,8,39866.51
2016-03-19,57.5,34.4,46.4,0,0,7.4,40068.71
2016-03-20,64.2,30.4,48.2,0,0,6.5,40177.73
2016-03-21,73.1,35.7,56.7,0,0,18.1,35734.27
2016-03-22,63.2,39.1,54.1,0.004,1,25.3,34741.16
2016-03-23,52.8,34.7,43.1,0,0,12.9,39283.09
2016-03-24,54.9,33.3,44.7,0,0,7.6,41016.99
2016-03-25,55.1,38.7,46.2,0.004,1,18.5,41136.33
2016-03-26,50.3,34.1,41.3,0,0,12.3,39783.45
2016-03-27,59.6,25.8,43.7,0,0,10.4,41410.87
2016-03-28,65.2,34.3,51.6,0.004,1,20.9,28810.24
2016-03-29,53.6,36.6,46.7,0.122,11,19.2,39842.2
2016-03-30,49.5,32.6,40.2,0,0,11.3,41339.7
2016-03-31,51.8,30.3,41.8,0.02,2,12.4,41431.75
2016-04-01,54.1,30.2,42.7,0,0,10.6,42431.3
2016-04-02,61.3,30.2,47.3,0,0,6.8,42635.53
2016-04-03,67.6,32.6,53.4,0,0,5.8,42822.21
2016-04-04,74.7,37,58.8,0,0,12.9,40793.14
2016-04-05,66.7,46.4,58,0,0,24.3,43110.04
2016-04-06,66.1,40.8,54,0,0,7.1,43253.95
2016-04-07,74.4,45.2,60.5,0,0,9.8,42397.41
2016-04-08,73.6,44.4,59,0,0,14.1,32619.67
2016-04-09,66.4,45.6,56.7,0.059,8,12.7,42679.05
2016-04-10,69.4,45.5,58.3,0,0,11.9,43083.57
2016-04-11,69.2,43.9,57.9,0,0,7.1,43970.31
2016-04-12,70.5,40.7,58.7,0,0,6.2,44112.29
2016-04-13,74.9,41.4,60.9,0,0,15.7,42910.25
2016-04-14,73.8,49.2,61.8,0.004,1,21.7,42991.89
2016-04-15,52.8,43.1,46.9,0.15,15,16,29971.44
2016-04-16,51.1,40.5,45,0.02,4,24.1,9398.47
2016-04-17,52.4,36.6,43.9,0,0,17,44810.49
2016-04-18,52.4,35.8,43.8,0,0,8.6,43238.08
2016-04-19,60.8,31.3,48.3,0,0,5.5,43379.72
2016-04-20,69.4,35.7,55.3,0,0,7.3,45216.41
2016-04-21,75.4,40.7,60.8,0,0,6.1,45311.02
2016-04-22,81.3,45.3,65.8,0,0,20,45365.11
2016-04-23,67.2,50.5,61.5,0,0,28.3,45419.05
2016-04-24,67.7,41.6,56.7,0,0,13.1,44028.59
2016-04-25,66.7,45.5,56.5,0.012,1,22,38601.75
2016-04-26,54.5,40,47.6,0.165,16,10.7,37698.87
2016-04-27,60.9,39.1,51.1,0.087,11,7.9,38708.61
2016-04-28,57.8,43.1,48.5,0.531,22,6.9,32633.53
2016-04-29,56.2,39.7,47.6,0.063,6,9.8,45837.55
2016-04-30,57,37.1,47.5,0,0,13.3,45893.05
2016-05-01,54,36.8,47,0.051,3,9.9,42467.44
2016-05-02,60.4,42.7,51.7,0.047,9,5.1,45999.71
2016-05-03,70,41.6,57.8,0,0,3.7,46357.49
2016-05-04,79.2,42,63.1,0,0,8.1,46505.01
2016-05-05,83,46.6,67,0.004,1,13.5,43622.58
2016-05-06,76.1,52.2,63.1,0.071,6,17.1,40606.62
2016-05-07,63.2,46,55.5,0.035,4,11.4,45973.16
2016-05-08,64.2,42.1,54.1,0.094,5,15.7,33971.05
2016-05-09,73.8,47.1,60.5,0.063,6,12.6,46275.89
2016-05-10,67.9,49.1,58.2,0.016,2,14.8,46583.86
2016-05-11,65.9,45.5,56.1,0,0,7.1,47677.34
2016-05-12,75.6,40.2,61.2,0,0,6.2,47850.15
2016-05-13,83.7,44.3,67.5,0,0,6.9,47950.68
2016-05-14,87.2,49.8,72.2,0,0,16.4,48049.13
2016-05-15,78.8,60.5,70.8,0,0,16.8,45897.74
2016-05-16,70.3,51.8,60.2,0.094,7,7.6,46262.85
2016-05-17,68.4,46.9,59.1,0,0,8.3,48335.12
2016-05-18,70.5,48.1,60.8,0.004,1,5.3,47533.5
2016-05-19,77.9,47.9,65.6,0,0,15,48517.22
2016-05-20,83.5,57.9,72.2,0,0,21,48586.78
2016-05-21,79.8,59.8,71.1,0,0,25.4,48031.04
2016-05-22,71.7,52.4,64,0,0,20.6,48662.84
2016-05-23,74.2,49.3,62.5,0,0,12.1,48698.52
2016-05-24,75.5,49,64.7,0,0,21.3,48732.64
2016-05-25,75,51.5,64.9,0,0,12.1,48771.76
2016-05-26,74,51.9,63.9,0.012,2,13.3,48796.06
2016-05-27,73.8,52.2,63.2,0,0,10.5,48825.33
2016-05-28,78.5,51,66.2,0,0,9,48852.95
2016-05-29,83.9,51.1,70.3,0,0,7.2,48920.48
2016-05-30,82.6,59.7,72.3,0,0,9.6,48903.15
2016-05-31,82.6,59.2,71.9,0,0,8.6,48968.1
2016-06-01,84.7,60.1,73.8,0,0,8.3,49040.3
2016-06-02,88.2,62.3,77.7,0,0,6.4,48965.6
2016-06-03,91.7,65,80.1,0,0,10.1,48982.87
2016-06-04,91.8,64.8,80.5,0,0,7,49157.3
2016-06-05,94.7,65,82.7,0,0,8.4,49236.56
2016-06-06,96.3,61.3,81.5,0,0,10,49188.72
2016-06-07,93.8,62.3,81.2,0,0,11.2,49032.27
2016-06-08,92.2,72.4,82.6,0,0,8,49039.9
2016-06-09,98.4,62.7,84.2,0,0,10.9,49218.77
2016-06-10,96.7,69.8,85.4,0,0,11.1,49049.79
2016-06-11,89.7,66.1,79.2,0,0,18,46161.46
2016-06-12,91.2,63.8,79.8,0,0,18.2,49384.22
2016-06-13,82.2,65.6,74.6,0,0,17.4,48877.27
2016-06-14,87,54.6,74.2,0,0,14.1,49469
2016-06-15,91.9,61.1,78.8,0,0,18.4,49551.42
2016-06-16,89.3,63.9,78.4,0,0,17.2,49551.45
2016-06-17,92.6,60.6,79.2,0,0,15,49633.64
2016-06-18,97.4,58.2,81.7,0,0,12.5,49375
2016-06-19,97.5,69.5,85.7,0,0,7.3,49539.58
2016-06-20,102.1,70.4,88.6,0,0,7.5,49618.82
2016-06-21,103.7,66.6,89.1,0,0,12,49083.87
2016-06-22,100.5,71.5,89.3,0,0,10.2,49246.29
2016-06-23,100.5,71,87.9,0,0,11.8,49498.04
2016-06-24,96.5,68.5,85.9,0,0,20.1,49393.81
2016-06-25,94.6,70.6,83.4,0,0,11.4,49644.14
2016-06-26,95.6,70.4,83.8,0,0,7.4,49714.48
2016-06-27,98.1,64.6,84.7,0,0,5.7,49424.35
2016-06-28,99.1,66.5,86.2,0,0,9.7,47861.38
2016-06-29,95.9,72.7,84.8,0.016,1,17,40781.16
2016-06-30,92.5,71.1,82.3,0,0,14.9,42075.02
2016-07-01,78.5,67.2,73.8,0.028,4,6.4,45387.61
2016-07-02,86.6,67.5,76.7,0.004,1,10.7,47593.65
2016-07-03,90.1,66.8,79.6,0,0,15.4,48991.74
2016-07-04,93.8,64.6,81.8,0,0,12,48959.76
2016-07-05,96.6,68.6,85,0,0,15.8,49186.88
2016-07-06,95.6,72.2,85.3,0,0,15.3,49321.95
2016-07-07,94.3,68.3,83.8,0,0,10.3,49196.98
2016-07-08,96.2,66.2,84.2,0,0,13.7,48737.12
2016-07-09,97,70,85.9,0,0,14.5,48382.41
2016-07-10,96,73.2,86.1,0,0,23.2,49071.3
2016-07-11,85.3,64.2,77.2,0,0,12.2,49026.67
2016-07-12,93.2,63.6,80.6,0,0,9.6,48980.74
2016-07-13,94.8,70.8,83.9,0,0,10.6,48933.37
2016-07-14,95.6,68,83.7,0,0,7.6,48809.36
2016-07-15,99.2,64.4,86.2,0,0,10.6,48397.53
2016-07-16,98.3,70.8,86.7,0,0,16,48497.44
2016-07-17,97.3,68.5,85.4,0,0,15.9,48450.91
2016-07-18,88.6,76.6,82.8,0,0,14.7,46031.05
2016-07-19,92.9,69.2,81.1,0.012,1,8.4,47166.66
2016-07-20,92.7,71.4,82.5,0,0,9.3,47366.29
2016-07-21,93.8,68.6,83.3,0,0,7.8,47555.46
2016-07-22,97.7,69.7,86,0,0,7.9,47255.2
2016-07-23,98.5,71.3,87,0,0,11.1,47062.99
2016-07-24,100.1,68.9,88.1,0,0,9.8,47644.69
2016-07-25,98.3,71.9,88.3,0,0,7,47409.51
2016-07-26,98.2,73.1,86.9,0,0,6.7,46839.55
2016-07-27,99,66.3,86.2,0,0,7.2,47417.61
2016-07-28,101.8,69.8,89.1,0,0,11.4,47291.37
2016-07-29,100.6,75,89.6,0,0,10,47271.48
2016-07-30,97.8,69.4,87.1,0,0,7.8,46800
2016-07-31,90.8,73.7,83.7,0.016,1,10.1,46800
2016-08-01,94.5,70,84.5,0,0,7.1,46896.96
2016-08-02,96.5,69.9,84.5,0,0,8.5,46958.18
2016-08-03,94.9,72.6,84.4,0,0,12.2,43295.14
2016-08-04,81.5,72.2,76,0.012,2,11.7,33913.82
2016-08-05,79.4,67,72.1,0.264,9,9.9,44694.38
2016-08-06,83.2,63.8,73,0.417,8,10.5,46554.34
2016-08-07,87,63.2,75.1,0,0,13.2,46488.41
2016-08-08,91,62.9,77.1,0,0,13.1,46422.12
2016-08-09,91.6,61.6,78.4,0,0,17.2,46355.98
2016-08-10,90.8,62.4,78.8,0,0,17.7,46282.38
2016-08-11,88.6,61.2,77.4,0,0,10.7,46211.21
2016-08-12,89,63.6,77.5,0,0,8.1,46138.91
2016-08-13,90.7,57.9,77.5,0,0,9.1,46065.56
2016-08-14,92.4,57.9,79,0,0,6.6,45991.24
2016-08-15,94.7,58.7,80.8,0,0,13,45916.02
2016-08-16,91.4,72.2,82.2,0,0,7.8,45809.75
2016-08-17,91.7,63.1,79.6,0,0,12.7,45682.05
2016-08-18,89.3,64.2,78.5,0,0,11.4,44755.1
2016-08-19,89.5,62,77.9,0,0,6.3,45424.78
2016-08-20,88.4,66.1,77.8,0,0,6.7,45295.39
2016-08-21,91,59.6,78.6,0,0,9.2,45165.64
2016-08-22,85.7,68.5,77.8,0.028,1,12.2,44907.77
2016-08-23,82.2,62.7,73.5,0,0,9.5,42159.15
2016-08-24,86.2,60.8,74.7,0.004,1,12.7,44768.93
2016-08-25,86.6,57.9,73.3,0,0,17.3,33982.94
2016-08-26,82.1,57.8,70.3,0.035,2,16.7,42662.81
2016-08-27,79.2,60.4,70.1,0.008,1,9.9,39103.56
2016-08-28,81.6,60.6,71.9,0.012,3,6.3,42479.54
2016-08-29,87.5,57.8,75.2,0,0,8.3,43969.07
2016-08-30,87.9,59.1,76.1,0,0,5,43942.13
2016-08-31,89.6,60,77.5,0,0,5.6,43801.14
2016-09-01,91.8,62,78.8,0.004,1,11.1,43295.16
2016-09-02,87,66,77.5,0.016,2,12.2,42835.11
2016-09-03,86.8,65,76.6,0,0,15.7,42679.95
2016-09-04,86,62.3,75.1,0.012,2,19.1,43122.45
2016-09-05,85.4,60.9,74.1,0,0,12,42943.93
2016-09-06,86.7,55.1,73.2,0,0,13.6,42699.07
2016-09-07,85.1,61.1,74.1,0,0,8.1,42048.7
2016-09-08,87.7,54.7,74.3,0,0,8.4,42329.65
2016-09-09,84.8,63.8,75.1,0,0,11,42194.82
2016-09-10,86.1,59.3,72.9,0,0,6.4,42023.91
2016-09-11,89.8,55.3,74.4,0,0,14.5,41841.41
2016-09-12,85.6,59.6,74.4,0,0,18.4,41823.69
2016-09-13,82.7,60.5,71.9,0.118,3,16.8,40105.98
2016-09-14,78.2,59.1,69.3,0.008,2,19.9,41684.82
2016-09-15,73,55,64.3,0,0,7.4,41632.36
2016-09-16,75.3,52.7,64.2,0,0,6.8,41493.68
2016-09-17,77.7,55.4,67.2,0,0,8.3,41344.28
2016-09-18,83.5,49.3,69.2,0,0,5.4,41194.33
2016-09-19,87.5,51.5,72.1,0,0,6.4,41043.91
2016-09-20,83.1,58.3,69,0,0,19.1,11777.92
2016-09-21,72.6,62.6,65.4,0.331,15,6.7,25369.8
2016-09-22,78.2,58.7,66,0.409,11,12.5,34349.3
2016-09-23,60.3,51.5,56.3,0.193,2,15.2,40439.37
2016-09-24,62.1,48.9,54.9,0.02,1,9.1,37819.43
2016-09-25,67.3,43.4,55.5,0,0,7.4,40136.64
2016-09-26,68.7,46.1,58.4,0,0,4.1,39985.48
2016-09-27,73.2,52.9,63,0,0,6.6,39834.57
2016-09-28,77.6,53.4,65.2,0,0,5.2,39684.04
2016-09-29,68.9,55.1,62.3,0.126,8,8.2,31800.04
2016-09-30,70.2,53.8,62,0,0,4.3,38508.67
2016-10-01,74.4,49.1,62.3,0,0,8,38966.39
2016-10-02,78.1,50,64.3,0.016,2,15.5,38762.14
2016-10-03,62.3,47.8,57.1,0.213,6,20.8,38390.97
2016-10-04,59,39.4,48.9,0,0,6.3,38614.16
2016-10-05,63.1,35.9,49.9,0.008,2,8.1,38154.41
2016-10-06,59.1,42.3,51.1,0,0,7.9,38143.48
2016-10-07,65.1,34.6,51.7,0,0,4.7,38028.92
2016-10-08,70.7,39.8,57.6,0,0,4.6,36960.97
2016-10-09,71.7,45.9,59.9,0,0,6.4,37158.77
2016-10-10,76.5,44.9,61.9,0,0,13.1,36210.37
2016-10-11,73.7,51.6,62.9,0.016,3,16.5,36344.23
2016-10-12,71.8,49.5,61.3,0,0,4.5,36088.32
2016-10-13,74.1,46.7,61.9,0,0,5.4,36089.95
2016-10-14,80.2,49,65.4,0,0,18.6,36017.13
2016-10-15,79.9,55.1,68.7,0,0,17.1,36476.1
2016-10-16,77.5,61.4,69.6,0,0,20.8,36346.17
2016-10-17,70.6,54.2,63.2,0,0,19.9,36156.55
2016-10-18,68.6,46.4,57.4,0,0,12.1,36138.95
2016-10-19,59.8,42.6,51.6,0,0,6.4,36125.3
2016-10-20,62.3,38.9,50.8,0,0,4.9,36073.47
2016-10-21,66.9,36.6,53.7,0,0,4,35973.94
2016-10-22,74.6,39.1,58,0,0,6.2,35881.78
2016-10-23,76.5,42.3,60.4,0,0,7.8,35809.03
2016-10-24,76.9,45.2,61.7,0.004,1,16.6,29732.65
2016-10-25,66.5,52.1,58.8,0.15,8,7.8,35623.27
2016-10-26,67.7,43,56.1,0,0,3.8,35476.69
2016-10-27,71.8,42.4,58.5,0,0,3.9,35330.43
2016-10-28,77.2,46.7,62.4,0.004,1,12.8,31871.12
2016-10-29,72.5,48.9,61.5,0.063,3,8.7,35039.44
2016-10-30,74.9,48.6,62.5,0,0,14.7,28039.38
2016-10-31,68.3,50.3,60.9,0.024,3,16.8,34751.5
2016-11-01,65.2,47,55.5,0,0,13.3,32107.19
2016-11-02,62.7,44.5,52.3,0,0,7.3,34467.79
2016-11-03,64.1,41.4,52.8,0,0,4.7,34327.93
2016-11-04,62.9,48.6,53.9,0.028,4,9.2,27497.94
2016-11-05,56.6,47.3,52,0.075,12,6.6,27305
2016-11-06,60,39.8,50.8,0,0,5,33918.27
2016-11-07,63.3,41.9,52.5,0,0,3.9,33785.61
2016-11-08,63.8,40.6,53.1,0,0,3.8,33655.18
2016-11-09,62.8,41.2,52.2,0,0,3.6,33527.2
2016-11-10,63,42.9,52.5,0,0,5.1,33401.15
2016-11-11,62.8,36.6,51.7,0,0,3.6,33276.01
2016-11-12,62.3,34.1,49.9,0,0,5.7,33151.84
2016-11-13,60.5,40.3,50.7,0,0,5.3,33028.8
2016-11-14,61.8,34.8,49.2,0,0,3.7,32907.04
2016-11-15,64.7,34.4,50.5,0,0,3.5,32786.72
2016-11-16,66.1,45.2,55.5,0,0,16.6,24392.34
2016-11-17,56.3,34.2,42,0.031,3,18.6,17130.77
2016-11-18,43.7,27.1,35.5,0,0,3.1,32435.94
2016-11-19,49.7,25.4,37.9,0,0,2.7,32322.96
2016-11-20,58.5,39.8,48,0.008,1,4.3,25267.26
2016-11-21,52.3,42.8,47,0.925,24,9.7,4749.59
2016-11-22,46.7,36.5,42,0.043,6,4.9,31284.96
2016-11-23,51.5,29.7,39.7,0.031,3,14.2,31895.38
2016-11-24,41.6,30.4,35.6,0,0,12.5,31795.46
2016-11-25,43.7,26.1,34.8,0,0,3.2,31698.69
2016-11-26,49.1,25.3,36.7,0.016,2,4.1,31553.34
2016-11-27,43.7,32,37.7,0.134,7,16.9,29861.49
2016-11-28,38.7,29,33.1,0.016,3,12.3,22699.72
2016-11-29,36.6,26.7,30.5,0.004,1,7.2,27527.99
2016-11-30,34.6,22,28.6,0,0,5.2,30942.88
2016-12-01,36.7,23.2,29.2,0,0,3.5,30836.46
2016-12-02,37.4,22.9,28.5,0,0,9.5,30322.32
2016-12-03,35.2,23,28,0,0,4.4,30771.84
2016-12-04,39.3,19.7,29.2,0,0,4.2,30632.04
2016-12-05,42.5,23.6,31.8,0,0,8.9,30512.41
2016-12-06,38.9,21.6,29,0.028,3,6.3,30503.01
2016-12-07,31.4,19.4,26.4,0,0,8.9,30534.79
2016-12-08,34,18.1,25.6,0,0,3.8,29884.15
2016-12-09,39.7,22.8,30.7,0,0,2.8,30452.89
2016-12-10,44.7,23.8,33.9,0,0,2.6,22611.85
2016-12-11,47.7,31.6,39.9,0,0,3.8,30428.92
2016-12-12,50,29.6,40,0,0,7.9,30438.68
2016-12-13,45.2,26.5,35.9,0,0,3.4,29843.56
2016-12-14,49.9,27.5,37.5,0,0,4.3,29597.08
2016-12-15,54,34.8,42.8,0.071,8,8.5,14277.32
2016-12-16,54.3,37.2,46.4,0.362,17,25.2,20686.56
2016-12-17,36,21.5,29.2,0.012,3,14.2,30439.29
2016-12-18,27.4,17.6,22.1,0,0,4,30425.88
2016-12-19,30.1,16.5,23.1,0,0,4.6,30416.96
2016-12-20,34.9,19.6,26.2,0,0,3.5,30412.83
2016-12-21,37.8,20.5,29,0,0,2.6,27479.94
2016-12-22,33.2,29.1,31.2,0.26,14,3.3,432.97
2016-12-23,37.4,28.4,32.6,0.067,5,3.9,28687.71
2016-12-24,48.1,27.2,35.7,0.098,6,11.2,30036
2016-12-25,35.6,16.2,29,0.114,7,17,25384.24
2016-12-26,28.7,7.2,18.8,0,0,4.6,30478.41
2016-12-27,28.7,5.6,17.4,0,0,5.2,30503.81
2016-12-28,34.8,9.6,23,0,0,4.9,30533.2
2016-12-29,37.8,12.8,25.5,0,0,3.1,30566.5
2016-12-30,36.6,13,24.5,0,0,2.9,30603.64
2016-12-31,37.9,21.1,28.7,0,0,3.4,30644.57
2017-01-01,36.2,25.4,30.8,0.02,3,10.4,19526.51
2017-01-02,44.3,35,39.8,0,0,20.4,28281.44
2017-01-03,43,33.3,37.2,0,0,14.2,28394.44
2017-01-04,46.6,32.2,39.3,0,0,15,20795.29
2017-01-05,40.8,17.6,30,0.331,19,20.8,10293.66
2017-01-06,24,9.7,16.1,0,0,11.2,30965.38
2017-01-07,24.2,6.5,15.8,0,0,8,22522.41
2017-01-08,30.6,18.3,22.9,0.012,3,8.1,20945.84
2017-01-09,46.6,22.5,35,0.043,5,19.8,648.43
2017-01-10,48,33,40.3,0,0,17.3,27130.36
2017-01-11,50.4,32.2,41.9,0.189,11,21.2,30514.37
2017-01-12,43.9,30.4,35.2,0.122,15,10.6,9760.26
2017-01-13,44.1,25.7,35.3,0.094,8,8.1,6860.33
2017-01-14,44.3,27.1,34.6,0.004,1,6.5,20277.8
2017-01-15,40.9,29.6,35.3,0.094,9,6.7,30932.23
2017-01-16,41.4,27.3,33,0,0,14.4,31784.7
2017-01-17,37.7,22.8,28.9,0,0,6.3,31885.45
2017-01-18,38.3,23.1,29.4,0,0,8.4,31988.95
2017-01-19,33.2,22.9,28.9,0.146,14,7.2,1920.06
2017-01-20,38.7,26.8,32.4,0.339,15,11.8,28470.64
2017-01-21,37.2,28.1,32.3,0.185,15,14,16468.62
2017-01-22,40.9,21.8,30.9,0.016,3,13.3,29439.6
2017-01-23,47,31.7,38.1,0.13,5,23.6,25590.09
2017-01-24,37.2,23,29.5,0,0,14.2,32404.55
2017-01-25,32.7,19.7,25.1,0.008,2,7.9,32426.61
2017-01-26,29.7,15.9,22.4,0,0,7.6,32430.45
2017-01-27,30,15.6,22.1,0,0,12.3,32576.38
2017-01-28,33.3,13.8,23.3,0,0,6.3,32645.96
2017-01-29,39.5,21.2,28.5,0,0,7.4,32514.04
2017-01-30,41.1,21,29.8,0,0,6.4,32773.62
2017-01-31,43.3,20.9,31.1,0,0,8.7,32885.07
2017-02-01,48.6,23.9,34.9,0,0,5.8,32461.86
2017-02-02,49,28.9,37.8,0,0,6.4,12787.42
2017-02-03,51.8,28.2,38.3,0,0,10.1,33053.31
2017-02-04,55.5,33,42.1,0,0,9.9,33515.7
2017-02-05,53.9,30.6,42.4,0,0,7.4,32745.71
2017-02-06,53.8,38.7,46,0,0,17.5,27049.36
2017-02-07,53.6,39.8,46.9,0,0,20.9,25846.16
2017-02-08,61.4,39,50.1,0,0,13.9,34399.09
2017-02-09,65.1,36.1,50.4,0,0,11.6,34400.33
2017-02-10,61.5,48.3,55,0,0,15.9,0
2017-02-11,54.4,41.4,48.3,0.236,11,16.2,0
2017-02-12,49.6,38.1,43,0.043,5,14.9,24073.32
2017-02-13,54,35.9,42.7,0.039,3,15.3,34613.91
2017-02-14,52.8,30.1,40.1,0,0,17.5,35497.39
2017-02-15,52.2,28.6,39.9,0,0,8.2,35644.29
2017-02-16,55.7,30.6,41.9,0,0,6.6,35166.72
2017-02-17,58.8,34.2,45.5,0.043,7,13.6,24756.11
2017-02-18,51.6,40,45,0.059,8,10.9,7026.29
2017-02-19,52,35,42.5,0.122,14,15.6,28846.56
2017-02-20,57,31.4,43.8,0,0,14.9,36382.85
2017-02-21,62.9,41.1,51.9,0,0,20.5,29806.55
2017-02-22,59.5,43.7,51.6,0.039,4,20.4,36685.54
2017-02-23,41.5,28,35.7,0.043,5,22.1,35632.96
2017-02-24,38.8,24.6,30.6,0.008,1,14.8,31231.56
2017-02-25,39.9,16.8,28.6,0.008,2,12.4,37145.99
2017-02-26,43.5,21.9,32.4,0,0,10.6,35738.36
2017-02-27,51.5,34,41.1,0.059,6,25.9,34849.02
2017-02-28,43.5,27.3,34.9,0.035,6,18,31472.59
2017-03-01,42.8,22.8,32.2,0,0,7.8,37766.35
2017-03-02,48.8,23.1,35.1,0,0,7.7,37921.78
2017-03-03,55.6,24.4,40,0,0,4.7,38077.09
2017-03-04,61.5,29.7,46.7,0,0,19.2,38232.18
2017-03-05,59.2,44.4,50.9,0,0,26.8,7755.77
2017-03-06,46.6,27.7,35.6,0.087,6,21.7,38541.25
2017-03-07,53.1,23.9,39.4,0,0,9.4,38695.02
2017-03-08,63.5,30,47.2,0,0,7,38848.1
2017-03-09,66.5,34,52.3,0,0,6.5,39000.41
2017-03-10,69.8,36.8,53.6,0,0,8.2,39070.14
2017-03-11,66.5,41.1,55.2,0,0,9.9,39304.58
2017-03-12,66.9,39.7,53.9,0,0,16,32230.79
2017-03-13,65.3,37.4,52.5,0,0,7.3,39497.06
2017-03-14,72.9,36.2,55.6,0,0,5.7,39551.68
2017-03-15,76.8,39.3,58.6,0,0,10.5,39635.13
2017-03-16,75.6,49,62.4,0,0,9.9,39677.82
2017-03-17,75,44.8,61.4,0,0,6.1,39733.23
2017-03-18,79.7,44.4,62.5,0,0,13,39800.23
2017-03-19,78.4,51,65.4,0,0,15.8,39945.39
2017-03-20,77.2,49.3,64.2,0,0,16.5,39413.63
2017-03-21,75.7,48.3,62.9,0,0,18.1,30408.64
2017-03-22,73.3,54.8,62.6,0.02,1,23.7,15414.41
2017-03-23,57,43.8,50.6,0.11,5,13.8,26302.26
2017-03-24,62.1,39.8,50.7,0,0,12,40666.79
2017-03-25,64.7,37.4,51.3,0.004,1,14.3,25995.8
2017-03-26,59,39.2,49.5,0,0,7.4,38745.6
2017-03-27,63.5,39,49.6,0.098,7,13.8,29470.34
2017-03-28,57,43,48.7,0.173,14,19.3,36226.51
2017-03-29,60.4,36.4,49.2,0,0,10.4,41668.55
2017-03-30,70.2,38.8,55,0.012,2,21.2,36545.04
2017-03-31,57.7,43.8,49.7,0.138,11,16,34974.94
2017-04-01,57.7,38,47.9,0.15,7,10.1,41271.37
2017-04-02,61.5,41.4,50.7,0.043,2,10,41913.64
2017-04-03,56,36.7,46.6,0,0,10,38319.18
2017-04-04,52.4,35.5,43.5,0,0,16.8,42927.1
2017-04-05,56.2,29,43.4,0,0,6.6,42859.49
2017-04-06,69.7,33.1,52.8,0,0,9.6,42874
2017-04-07,72.7,51.6,62.8,0.008,1,20.3,20544.08
2017-04-08,70.1,54.3,61,0.016,1,22.6,37880.67
2017-04-09,53.4,39.2,46,0,0,19.2,43654.53
2017-04-10,60.1,32.7,46.8,0,0,7.2,43798.25
2017-04-11,71.6,33.7,55.1,0,0,14.1,39750.16
2017-04-12,74.8,43.4,61.2,0,0,8.3,44083.15
2017-04-13,79.9,46.2,66.3,0,0,20,44224.13
2017-04-14,74.1,52.8,63.9,0,0,14.3,44364.01
2017-04-15,68.4,42.6,57.3,0,0,8.2,44385.68
2017-04-16,74.1,42.9,60.2,0,0,7.2,44640.03
2017-04-17,78,47.7,65.3,0,0,17.4,44463.6
2017-04-18,79.9,57.9,68.6,0.028,2,22.5,44910.38
2017-04-19,69.2,49.6,60.2,0,0,11.6,45043.5
2017-04-20,72.4,46.2,58.4,0.008,2,18,39030.78
2017-04-21,62.4,43.2,52,0,0,17.5,45295.94
2017-04-22,65.1,41.3,54.1,0,0,12.2,45350.57
2017-04-23,78.5,42.5,63.6,0,0,19.3,43338.78
2017-04-24,74.5,47.6,59.5,0.004,1,19.8,23382.45
2017-04-25,59.9,45.1,51.9,0.012,2,19,45191.16
2017-04-26,63.9,36.9,51.5,0.008,2,14.5,36038.86
2017-04-27,60.3,42.8,51,0.004,1,22.2,45623.55
2017-04-28,52.2,36.7,44.2,0.024,2,14.5,43615.59
2017-04-29,58.7,35.3,46.9,0.016,3,21.4,45732.12
2017-04-30,64.2,33.3,50,0,0,20.1,45884.49
2017-05-01,70.9,44.4,59.4,0,0,13.8,46001.8
2017-05-02,73.6,47.5,60.3,0,0,20.5,46201.89
2017-05-03,72.3,44.6,61.1,0,0,13.7,46342.13
2017-05-04,79.6,48,66.2,0,0,7.4,46488.7
2017-05-05,88.2,52.1,72.3,0,0,12.6,46641.04
2017-05-06,83.2,58.3,69.9,0.016,4,18,18073.65
2017-05-07,78.3,55,68.6,0,0,9.8,46361.79
2017-05-08,77,55.5,67.5,0.008,1,15.5,43978.5
2017-05-09,78.5,54.9,65.1,0,0,18.2,38001.95
2017-05-10,63.6,51.1,55.7,0.315,5,11.6,20004.88
2017-05-11,77.7,48,64.1,0,0,5.4,47549.36
2017-05-12,84.9,49.8,70.5,0,0,18.6,47729.48
2017-05-13,81.5,60.6,71.4,0,0,24.5,47913.07
2017-05-14,81,51.8,67,0,0,20.2,48021.55
2017-05-15,79.4,55.3,67.8,0.008,2,23.2,45606.04
2017-05-16,70.3,51.5,61.2,0,0,13.5,47072.82
2017-05-17,57.7,41.4,50.6,0.126,9,20.9,23218.11
2017-05-18,54.7,36.8,45.1,0.031,4,8.8,45437.76
2017-05-19,60.3,40.9,50.1,0.004,1,11.7,47726.84
2017-05-20,66.5,38.9,54.8,0,0,10.2,48577.48
2017-05-21,74.1,44.4,59.8,0.004,1,16.2,45602.58
2017-05-22,75.2,47.5,63.9,0,0,20.1,48655.41
2017-05-23,74.5,52.8,64.3,0,0,17.4,48691.95
2017-05-24,89.4,51.3,73.5,0,0,18.4,44390.32
2017-05-25,82.9,64,75.5,0.02,2,17.5,36436.9
2017-05-26,82.4,54.3,70.9,0,0,22.1,47802.14
2017-05-27,73.5,53.6,64.7,0,0,16.3,48821.09
2017-05-28,78.1,51.9,67.1,0,0,13.7,48851.7
2017-05-29,82.4,53.8,70.1,0,0,7.1,48875.5
2017-05-30,87,55.6,74.1,0,0,9.9,48899.04
2017-05-31,86.3,57.2,74.8,0.016,2,18.6,47775.21
2017-06-01,80.9,64.2,72.3,0.106,5,16.8,48941.61
2017-06-02,85,60.9,73.3,0,0,15.7,49001.93
2017-06-03,88.6,57.9,75.8,0,0,6.2,49074.27
2017-06-04,95,59.4,80.5,0,0,10.1,48180.71
2017-06-05,93.8,66.3,82,0,0,14.6,49005.01
2017-06-06,93.9,66.9,82.1,0.008,1,10,49117.53
2017-06-07,95.7,64.6,82.1,0,0,12,49194.67
2017-06-08,94.2,67.8,82.4,0,0,16.4,49205.29
2017-06-09,93.5,67,82,0,0,24,49285.16
2017-06-10,93.2,68.3,82.4,0,0,23.3,49147.25
2017-06-11,90.8,69.1,81,0,0,19.4,49150.14
2017-06-12,82.2,60.7,72.9,0,0,30,49459.11
2017-06-13,79.3,50.9,66.9,0,0,13.2,49386.64
2017-06-14,85.8,53.3,72.5,0,0,11.8,49389.16
2017-06-15,92.6,58.7,78.9,0,0,8.8,49047.66
2017-06-16,93.9,65.2,82.2,0,0,8.8,49388.59
2017-06-17,96.4,66.4,84,0,0,19.1,49218.09
2017-06-18,92.5,65.4,81.2,0,0,9,49465.64
2017-06-19,94.8,72.2,85,0,0,15.5,49459.62
2017-06-20,101.1,71,87.7,0,0,18.8,46800
2017-06-21,100.3,73.8,89.3,0,0,11.7,48999.23
2017-06-22,100.4,73.2,88.1,0,0,16.5,49516.05
2017-06-23,93.7,66.4,81.7,0,0,14.4,49590.37
2017-06-24,92.9,62.3,80.8,0,0,11.9,49574.67
2017-06-25,95.4,67.7,83.4,0,0,11.3,48931.37
2017-06-26,98.4,66.9,85.3,0,0,11.6,48910.7
2017-06-27,97.2,74.8,87.1,0,0,17.7,49425.9
2017-06-28,96.9,71.6,85,0,0,18.3,48864.48
2017-06-29,91.3,65.9,80.7,0,0,16,49466.89
2017-06-30,88,66.6,78.9,0,0,12.8,49122.05
2017-07-01,94.5,62.2,81.4,0,0,9.1,49143.51
2017-07-02,94.8,66.6,83.3,0.008,1,12,48758.71
2017-07-03,97.6,63.5,83.9,0,0,13.9,48818.91
2017-07-04,98,69.1,86.1,0,0,7.2,49316.6
2017-07-05,101.4,73.2,89.5,0,0,6.7,48846.43
2017-07-06,101.3,71.6,89.4,0,0,8.1,48901.13
2017-07-07,99.9,74.9,89.5,0.004,1,10.9,48697.3
2017-07-08,99,72.6,88.4,0.004,1,14.3,48665.42
2017-07-09,100,72.9,88.9,0,0,11.8,48549.3
2017-07-10,96.6,74.9,88.1,0,0,13.7,46088.69
2017-07-11,91,75.7,83.4,0.063,3,12.9,42530.87
2017-07-12,81.4,66.9,75.6,0.047,2,10.5,45833.83
2017-07-13,87.4,65.9,77,0.091,1,9.7,47750.36
2017-07-14,95.3,64.5,81.3,0,0,11.6,47954.39
2017-07-15,95.9,68.7,84.3,0.004,1,11.6,47870.23
2017-07-16,97.2,72.4,86.9,0,0,11.4,47749.8
2017-07-17,96.7,75.4,88.7,0,0,12.5,47385.26
2017-07-18,99.5,74.4,88.7,0,0,19.2,47485.68
2017-07-19,95.9,79.7,86.4,0.079,2,17.3,45186.3
2017-07-20,91.3,69.5,82,0.071,1,21.6,46091.69
2017-07-21,91.3,71.2,79.1,0.283,6,21.7,35751.5
2017-07-22,95.5,68.1,82.2,0,0,14.9,46800
2017-07-23,95.8,71,84.8,0,0,14.1,47343.43
2017-07-24,92.5,76.5,85.4,0.031,4,15.9,38764.49
2017-07-25,79,69.5,73.8,0.445,12,11.4,30721.58
2017-07-26,86.1,65.4,75.6,0,0,7.9,46802.3
2017-07-27,92.3,63,77.3,0.02,1,11.1,47054.74
2017-07-28,87.5,66.9,78.5,0.087,4,10.3,39600
2017-07-29,91,65.4,79.2,0.02,1,13.1,45686.25
2017-07-30,92.7,68.7,81.9,0.012,1,18,43200
2017-07-31,95.3,70.5,84.9,0,0,15.1,46896.77
2017-08-01,95.1,69.1,83.6,0,0,10.3,46897.01
2017-08-02,92.5,74.9,83.3,0.177,3,17.7,46896.62
2017-08-03,92.1,68,81.4,0.02,2,13,46756.1
2017-08-04,90.5,66.3,80,0.028,3,18.5,42451.98
2017-08-05,89.4,66.3,78.3,0.016,1,12.8,43839.18
2017-08-06,89.1,65.9,77.1,0.008,2,15,41049.36
2017-08-07,87.6,63.8,76.8,0.008,2,13.9,46501.09
2017-08-08,88.7,63.8,77.2,0.016,1,12.2,46434.21
2017-08-09,90,63.4,79,0.004,1,12.6,46366.21
2017-08-10,92.1,67.1,81.1,0,0,16,46297.16
2017-08-11,91.7,66.9,79,0,0,17.6,46227.1
2017-08-12,89.4,63.5,78.2,0.02,3,11.4,46156.12
2017-08-13,91.9,65.6,79.2,0,0,12.9,42484.28
2017-08-14,92.2,67.9,81.5,0,0,15.1,46011.63
2017-08-15,84.9,68.7,77.1,0,0,15.4,35877.02
2017-08-16,86.8,57,74.6,0,0,8.5,45844.66
2017-08-17,91.4,63.2,79,0,0,15,45719.15
2017-08-18,93.1,60.9,81,0,0,8.4,45591.98
2017-08-19,94.5,61.5,82.7,0,0,12,45463.2
2017-08-20,94,65,82.5,0,0,7.6,44646.98
2017-08-21,92.1,68,82.6,0,0,19.9,44861.77
2017-08-22,86.8,70.3,79.8,0.016,2,13.3,41976.2
2017-08-23,90.5,63.5,79.1,0,0,16.2,44934.28
2017-08-24,89.8,65.8,79.4,0,0,8.4,44144.26
2017-08-25,90.8,62,79.9,0,0,6.4,44662.93
2017-08-26,95.5,63.1,82.8,0,0,8.3,44525.88
2017-08-27,95.8,66,84.1,0,0,9,44388.04
2017-08-28,95.1,66.2,83.4,0,0,8.1,44249.5
2017-08-29,95.1,63.5,82.8,0,0,7.8,44099.92
2017-08-30,94.9,67,83.9,0.004,1,10.5,43245.67
2017-08-31,90.2,69.9,81,0.02,1,15.7,42551.42
2017-09-01,89.6,63.7,78.7,0,0,10.6,43512.96
2017-09-02,94,62.7,81.7,0,0,7.8,42466.03
2017-09-03,96.2,63.2,83.2,0,0,7.3,42966.08
2017-09-04,97.8,65.4,85.2,0,0,9.2,42373.65
2017-09-05,94.8,68.8,83.3,0,0,10.8,42646.45
2017-09-06,93.6,62.9,80.8,0,0,10.5,38870.94
2017-09-07,92.2,68.8,82.1,0,0,8.5,42059.89
2017-09-08,89.3,65.1,79.3,0,0,10.3,42008.36
2017-09-09,88,64.9,77.1,0,0,14.8,41899.27
2017-09-10,86.7,64,77.3,0,0,4.7,41905.02
2017-09-11,91.6,64.8,79.5,0.012,1,9.2,41783.87
2017-09-12,91.5,63,79.3,0,0,9.7,41801.23
2017-09-13,89.1,61.1,78.1,0,0,11.4,41749.12
2017-09-14,85.5,57.9,70.5,0.091,6,19,30451.18
2017-09-15,77.1,51.8,62.8,0.031,4,16.3,40185.87
2017-09-16,71.1,49.7,61,0,0,7.7,41523.93
2017-09-17,75.9,47,63.2,0,0,10.9,37774.32
2017-09-18,82.8,49.8,68,0,0,16.6,41224.52
2017-09-19,80.5,61,71.1,0,0,22.5,39554.5
2017-09-20,83.4,51,69.1,0,0,18.3,40924.66
2017-09-21,83.7,62.6,73.8,0,0,23.9,40706.38
2017-09-22,75,54.5,66.9,0.028,3,20,39281.59
2017-09-23,67.3,47.1,57.6,0.047,2,12.5,39989.34
2017-09-24,60.7,42.3,52.2,0.012,2,12.3,40326.46
2017-09-25,62,35.1,50.7,0,0,8.2,40177.76
2017-09-26,68.7,41.7,56.2,0,0,13.5,40028.76
2017-09-27,67.8,48.1,56.7,0.114,7,10.6,26212.09
2017-09-28,64.6,47,55.5,0.071,6,8.5,38558.23
2017-09-29,67.7,48,58.2,0.016,3,7.7,38634.24
2017-09-30,65.8,47,55.4,0.201,8,10.1,23045.41
2017-10-01,66,46.1,56.1,0,0,19.5,37312.38
2017-10-02,50.8,37.3,44.6,0.122,9,14.5,32742.11
2017-10-03,60,34.9,47.3,0,0,9.7,38587.55
2017-10-04,76,39.4,58,0,0,11.8,38141.55
2017-10-05,72.7,44.5,58.6,0,0,13.9,38278.56
2017-10-06,63.6,42.9,53.3,0,0,18.5,38089.44
2017-10-07,70,39.9,55.3,0,0,7,37906.58
2017-10-08,77.7,40.4,56.5,0,0,23,37798.55
2017-10-09,53.1,38.7,45.5,0.031,3,21.4,29275.25
2017-10-10,58.9,30.9,45.4,0,0,9.8,37436.61
2017-10-11,73.7,34.4,54.7,0,0,13.1,36991.57
2017-10-12,73.8,52.7,63.3,0,0,13.8,36864.65
2017-10-13,72.9,38.6,57.3,0,0,12.2,36743.62
2017-10-14,57.9,43.1,51.3,0,0,20,36704.97
2017-10-15,59.3,30.9,46.7,0,0,8.7,36485.2
2017-10-16,64,35.8,50.9,0,0,6.9,36388.77
2017-10-17,67.8,38.5,53.1,0,0,6.7,36218.14
2017-10-18,71.7,39.6,56.4,0,0,6.5,36000
2017-10-19,74.3,47.1,60.5,0,0,9,33604.76
2017-10-20,74.6,50.1,62.3,0.008,1,24.2,36000
2017-10-21,53.6,34.8,46.2,0,0,18.3,35959.32
2017-10-22,63.6,31.1,49.2,0,0,6.7,35888.35
2017-10-23,69.1,39,55.3,0,0,13,35822.07
2017-10-24,67.2,44.3,56.2,0,0,13.1,35755.35
2017-10-25,66.4,42.5,54.6,0,0,7.5,35652.12
2017-10-26,66.2,39.9,53.4,0,0,23.1,35504.38
2017-10-27,59.3,38.4,49.3,0,0,13.8,35357.41
2017-10-28,63.9,39.1,51.4,0,0,9.2,35211.37
2017-10-29,64.4,36.3,52.1,0,0,6.3,35066.43
2017-10-30,62.6,36.9,50.5,0,0,13.2,33774.86
2017-10-31,63.6,40.6,51.9,0.016,2,7.3,34780.42
2017-11-01,69.3,39.4,55.6,0,0,13.9,34639.66
2017-11-02,66.9,49,58.1,0,0,14.5,34500.61
2017-11-03,66,47.4,56.8,0,0,18.4,34363.45
2017-11-04,67.8,48.3,57.6,0,0,21.1,33927.04
2017-11-05,62.4,46.7,54.6,0.008,1,17.1,33518.48
2017-11-06,61.5,43,52.3,0.004,1,16.1,33961.66
2017-11-07,55.3,36.3,46,0,0,12.5,33829.14
2017-11-08,47.2,26.1,37.5,0,0,6.4,33697.35
2017-11-09,52,26.5,40.3,0,0,6.3,33566.45
2017-11-10,60,29,43.9,0,0,8.8,33173.18
2017-11-11,59,32.9,46,0,0,5.2,33307.91
2017-11-12,58.4,31.5,45.2,0,0,6.7,27246.28
2017-11-13,59.3,33.7,46.6,0,0,7.9,33054.77
2017-11-14,62.3,32.3,47.2,0,0,8.5,31810.92
2017-11-15,58.5,31.7,45,0,0,6.3,32808.39
2017-11-16,66.6,30,51.2,0,0,21.1,25147.86
2017-11-17,65.7,38.7,55.9,0.098,5,24.5,30014.47
2017-11-18,43.3,24.4,34.1,0,0,14.6,32454.5
2017-11-19,41.2,21.9,31.6,0,0,6.2,32341.44
2017-11-20,44.3,23.5,32.6,0,0,5.6,30149.17
2017-11-21,51.3,26.4,38.3,0,0,6.6,31119.13
2017-11-22,57.2,33.4,44.1,0,0,5.7,31716.6
2017-11-23,58.2,35.7,46.5,0,0,6,31759.51
2017-11-24,58.9,32.9,45.7,0,0,6.7,31598.59
2017-11-25,59.7,32.7,45.9,0,0,6.5,31281.48
2017-11-26,58.6,37.7,46.3,0,0,6.9,31483.04
2017-11-27,66.3,32.5,48.9,0.004,1,19.7,20564.54
2017-11-28,53,34.8,44.6,0.035,3,12.6,31120.17
2017-11-29,51.8,27.4,39.4,0,0,6.3,26758.09
2017-11-30,49.9,28.3,38.9,0,0,5.3,30957.83
2017-12-01,53.3,27.9,40.1,0,0,5.7,30849.52
2017-12-02,55.9,27.2,41.7,0,0,6.3,30686.45
2017-12-03,61.9,38.6,50.1,0.004,1,24.7,14362.2
2017-12-04,38.1,25.6,32,0,0,10.7,30695.42
2017-12-05,38.5,13.9,27.4,0,0,8.1,30618.7
2017-12-06,40.6,19.3,30.5,0,0,18.3,30598.16
2017-12-07,36.9,19,27.8,0,0,9.6,30538.4
2017-12-08,41.4,17.6,29.3,0,0,7,30489.83
2017-12-09,41.9,20.9,30.1,0,0,4.9,30482.91
2017-12-10,41.5,19.2,31.1,0,0,4.9,30477.4
2017-12-11,41.6,23,32.2,0,0,3.8,30452.87
2017-12-12,44.4,24.1,34,0,0,3.6,30439.65
2017-12-13,43.8,24.2,34.8,0.039,3,6.4,30448.41
2017-12-14,46,31.6,38,0,0,18,30455.23
2017-12-15,43,20.8,32.7,0,0,5.4,30470.03
2017-12-16,40.6,24.2,32.1,0,0,4.6,22407.73
2017-12-17,40.8,20.1,30.3,0,0,5.7,30446.03
2017-12-18,39.1,19.3,30.5,0,0,4.6,30433.2
2017-12-19,41.3,22,31.1,0,0,4.4,30424.42
2017-12-20,47.9,21,35.8,0,0,15,11582.32
2017-12-21,34.4,15.2,27.7,0.449,17,10.1,0
2017-12-22,28.5,5.8,17.6,0,0,6.5,30422.38
2017-12-23,33.9,12.3,21.9,0,0,10.1,30429.76
2017-12-24,30.7,8.7,22.2,0,0,7.6,20541.58
2017-12-25,47.1,24.8,33.1,0,0,8.6,30456.45
2017-12-26,44.9,21.4,30.6,0,0,6.9,29240.29
2017-12-27,43.1,16.8,29.7,0,0,6.8,30498.91
2017-12-28,44.8,18.5,31.1,0,0,6.1,30525.98
2017-12-29,44.7,16.9,30.2,0,0,6.5,30556.91
2017-12-30,45,16.7,30.4,0,0,7.8,30591.66
2017-12-31,47.1,24,34.1,0,0,6.9,23644.89
2018-01-01,42.9,21.8,31.7,0,0,6,28279.48
2018-01-02,45,20.1,31.3,0,0,12.6,30718.5
2018-01-03,36,16,28.3,0,0,3.9,30768.18
2018-01-04,38.1,15.2,27.8,0,0,4.3,30822.08
2018-01-05,42.1,18.8,31.6,0,0,5.2,30880.42
2018-01-06,39.7,27.6,33.2,0.039,4,6.9,3315.3
2018-01-07,45.3,22.3,32.9,0,0,5.7,31009.71
2018-01-08,41.8,22.8,33,0.016,3,5.6,23298.34
2018-01-09,44.2,31.5,37.3,0.02,5,7.4,17843.09
2018-01-10,45.6,34,38.7,0.102,11,17.8,5764.46
2018-01-11,45.1,28.2,35.6,0,0,11.5,31314.31
2018-01-12,48.5,26.5,36.1,0,0,8.2,31399.11
2018-01-13,45.9,23.9,34.8,0,0,6.4,31487.05
2018-01-14,45.5,25.3,34.8,0,0,5.4,31577.98
2018-01-15,49.2,22.4,35.2,0,0,16.9,31671.75
2018-01-16,40.8,21.3,31.9,0,0,11.6,31768.2
2018-01-17,44.2,22.6,33.1,0,0,7,31867.18
2018-01-18,45.1,24.3,34.9,0,0,4.1,31968.54
2018-01-19,53.3,25.5,38.9,0,0,6.2,30312.21
2018-01-20,50.7,32.3,43.6,0.067,6,19.8,6012.48
2018-01-21,38.9,23.7,31,0.094,10,14.4,28744.34
2018-01-22,32.9,14.8,24.1,0,0,4.3,32379.68
2018-01-23,37.1,15,25.9,0,0,4.4,32400
2018-01-24,41.4,18.5,29,0,0,6.6,32406.98
2018-01-25,51.8,20.9,33.2,0,0,12,25342.36
2018-01-26,40.8,26.4,33.4,0.008,2,9.6,32437.4
2018-01-27,40.8,16.5,29.1,0,0,7.4,32448.42
2018-01-28,44.7,21.7,33.3,0,0,8.3,32494.64
2018-01-29,48.5,25.6,36.9,0,0,4.3,32448.86
2018-01-30,52.1,25,38.1,0,0,5.6,32652.52
2018-01-31,55.8,26.6,41.2,0,0,5.7,32400
2018-02-01,54.3,34.1,44,0,0,7.1,18148.36
2018-02-02,56.5,29.8,43.9,0,0,7.2,32442.51
2018-02-03,58.7,34.6,46.6,0,0,10.3,32966.73
2018-02-04,58.4,34.2,45.8,0,0,7.5,32993.75
2018-02-05,60,34.7,47.9,0.028,3,11.7,32567.14
2018-02-06,51.3,35.4,43.2,0.071,5,20,33023.47
2018-02-07,49.8,26.2,38.4,0,0,6.7,33914.54
2018-02-08,53.6,26.4,40.1,0,0,6.2,34065.24
2018-02-09,61.6,29.5,44.6,0,0,7.1,32491.84
2018-02-10,48.7,28.8,39.5,0.063,6,10.3,0
2018-02-11,41.3,23.1,31.3,0,0,7.6,33977.67
2018-02-12,45.3,27.6,35.5,0.142,9,12,28793.44
2018-02-13,50.1,31.1,39.6,0.043,5,7.8,34290.54
2018-02-14,54.6,31.3,42.3,0,0,18,27968.18
2018-02-15,48.1,28.9,40.3,0.024,2,16.8,33370.42
2018-02-16,41.7,20.1,31.2,0,0,6.9,35745.07
2018-02-17,51,21.1,35.6,0,0,7.2,35894.18
2018-02-18,57.3,35.6,47.5,0,0,25.2,34066.1
2018-02-19,47.1,26.6,40.3,0.114,9,20.7,31626.14
2018-02-20,33.5,20.7,27,0,0,7.9,34230.54
2018-02-21,35.4,16.5,26.7,0,0,7.8,27614.23
2018-02-22,39.5,21.8,30.9,0.024,5,16.3,31990.78
2018-02-23,38.9,25.4,31.9,0.075,8,17,27107.56
2018-02-24,36.1,18.3,28,0,0,14.5,34976.36
2018-02-25,39.5,22.7,30.3,0.004,1,11,37115.92
2018-02-26,51.1,19.2,35.4,0,0,15.9,37270.23
2018-02-27,53.8,27.1,40.5,0,0,10.5,37424.46
2018-02-28,49.9,27.9,39.4,0,0,10,37578.51
2018-03-01,52.1,26.8,40.6,0,0,17.8,21285.95
2018-03-02,63,33.3,48.6,0,0,22.1,37885.53
2018-03-03,64.2,37.9,52,0,0,20.8,35340.21
2018-03-04,51,28,41.4,0.059,6,22.4,22424.67
2018-03-05,42.4,18.9,31.9,0,0,9.3,38342.12
2018-03-06,46.5,20.5,34.2,0,0,7,38494.6
2018-03-07,52.5,22.6,39.4,0,0,5.7,35541.66
2018-03-08,61.3,30.5,47.3,0,0,4.5,38678.67
2018-03-09,65,31.3,50.2,0,0,8.1,38955.98
2018-03-10,61.1,38.3,50.6,0,0,18.2,38371.18
2018-03-11,58.9,41.9,50.1,0,0,13.2,29998.4
2018-03-12,60.4,39.3,50.9,0,0,10.9,39415.15
2018-03-13,65.2,35.3,53,0,0,5,39475.93
2018-03-14,70.5,44.9,58.4,0.051,4,20.2,39536.4
2018-03-15,54.4,42.2,49.2,0.091,8,15.2,37360.27
2018-03-16,55.3,31.1,44.6,0,0,10.7,39600
2018-03-17,58.1,40.8,49.3,0,0,20.6,37718.79
2018-03-18,44.7,32.5,40,0.193,12,21.4,13775.09
2018-03-19,45.7,24.6,36.3,0,0,8,39600
2018-03-20,53.8,26.1,41.1,0,0,5.7,39758.52
2018-03-21,60.1,31.3,47,0,0,12,32961.79
2018-03-22,65.2,40.7,54.8,0,0,16.4,12993.92
2018-03-23,63.3,49.8,56.6,0.134,7,19.2,38533.05
2018-03-24,63.6,35.6,52.2,0,0,20.6,39665.23
2018-03-25,60.8,42.5,51.6,0,0,20.4,39744.16
2018-03-26,51.4,33.9,42.7,0,0,14.8,40140.43
2018-03-27,55.6,33.6,44.8,0,0,15.9,41201.23
2018-03-28,61.2,31.1,46.6,0,0,22.6,39986.36
2018-03-29,61,35.4,49.1,0,0,15.4,40722.24
2018-03-30,66.6,33.9,52.5,0,0,9.4,41297.66
2018-03-31,74.2,46.9,61,0,0,11.8,41371.06
2018-04-01,74.6,47.8,63.6,0,0,15,40977.84
2018-04-02,75.9,48,62.4,0,0,24.2,32912.69
2018-04-03,51.4,31.1,43.2,0,0,21.7,41813.25
2018-04-04,61.7,29.8,49.3,0,0,6.2,32961.27
2018-04-05,67.9,38.9,54.9,0,0,10.8,41839.11
2018-04-06,71.9,50.2,60.5,0,0,12.2,11722.81
2018-04-07,76.9,51.6,60.7,0.157,4,13.7,24707.26
2018-04-08,63.3,46.2,54.8,0.067,3,16.7,43170.5
2018-04-09,60.4,37.5,50.7,0,0,7.9,43488.1
2018-04-10,71.8,34.1,56.6,0,0,7.8,42841.75
2018-04-11,80.5,46,66.1,0,0,19.4,40718.36
2018-04-12,69.5,40,59.5,0.008,2,27.8,39177.24
2018-04-13,54.2,32.1,42.8,0.004,1,20.2,35338.11
2018-04-14,59.5,29.4,46.1,0,0,9.1,44324.52
2018-04-15,72.4,36.1,58,0,0,11.8,41758.84
2018-04-16,75.9,56.7,66.3,0,0,25.2,39982.97
2018-04-17,60.8,39.9,50.8,0.035,5,22.5,44735.65
2018-04-18,59,31.6,46.2,0,0,9.2,44871.95
2018-04-19,74.3,37.4,57.8,0,0,23.3,29463.02
2018-04-20,59.4,44,52,0.004,1,17.8,39307.55
2018-04-21,65.7,42.3,54.2,0.004,1,9.2,41684.29
2018-04-22,72.6,41.6,58.1,0,0,6.9,45239.68
2018-04-23,79.6,46.2,66,0,0,16.8,39957.67
2018-04-24,69.5,50.1,61,0,0,23.1,45448.25
2018-04-25,70.9,42.4,57.6,0,0,17.7,45502.68
2018-04-26,75.7,48.7,64,0,0,16.2,45557.82
2018-04-27,81.2,48,67.3,0,0,10.7,45611.1
2018-04-28,81.8,52.8,69.8,0.016,2,21.7,43158.77
2018-04-29,77.8,58.6,68.5,0,0,20.7,42718.46
2018-04-30,68.5,48.3,59.1,0,0,16,44196.57
2018-05-01,63.2,45.1,53.6,0.059,9,10.7,23402.56
2018-05-02,57.3,45.1,51.5,0.134,10,14.1,41038.54
2018-05-03,61.5,41.8,52.3,0,0,7.4,41625.42
2018-05-04,70.2,41.5,57.5,0,0,8.1,46230.98
2018-05-05,77.1,46.6,64.1,0,0,6.8,44328.92
2018-05-06,85.2,50.8,70.1,0,0,12,34140.18
2018-05-07,85.6,53.5,72.3,0,0,9.6,41712.18
2018-05-08,85.8,57.1,74.1,0,0,9.6,46826.02
2018-05-09,89.4,57.2,75.4,0,0,8.6,45391.8
2018-05-10,89.8,64.7,78.6,0,0,21.7,46381.23
2018-05-11,83.6,61.1,73.3,0,0,23.9,42709.3
2018-05-12,76.9,55,67.4,0,0,24.1,45518.55
2018-05-13,76.8,49.7,64.8,0.008,1,15.4,47356.48
2018-05-14,78.9,49.2,65.7,0,0,14.9,47420.17
2018-05-15,81,50.3,68,0,0,14.3,47822.02
2018-05-16,85.5,54,71.7,0,0,14,48120.62
2018-05-17,83.9,55.1,72.1,0,0,19.6,48296.15
2018-05-18,80.5,53.2,69.4,0,0,18.3,48258.56
2018-05-19,79.3,52.6,68,0,0,14.6,48446.25
2018-05-20,77.6,54.7,68.3,0.004,1,17.4,39710.66
2018-05-21,84.9,55.6,72,0,0,19.2,44518.06
2018-05-22,74.3,60.9,69.1,0.094,5,17.8,41768.16
2018-05-23,81.3,49,68.1,0,0,16.4,48685.39
2018-05-24,86.9,56.4,73.3,0,0,8.4,48719.94
2018-05-25,89.7,55.9,77,0,0,14.3,48752.7
2018-05-26,91,61.3,77.3,0,0,19.9,48783.7
2018-05-27,80.4,56.3,70.5,0,0,16,45212.96
2018-05-28,80.4,51.6,67.8,0.004,1,16.8,48840.47
2018-05-29,80.4,53.6,69.3,0,0,8,48866.27
2018-05-30,87.7,59.4,74.9,0,0,14.7,46272.22
2018-05-31,90.2,58.2,78.1,0,0,19.9,48912.75
2018-06-01,84.4,62.9,75.5,0,0,15.7,48975.79
2018-06-02,86,56,73.1,0,0,15.9,48994.38
2018-06-03,85.8,59.7,74.7,0.004,1,24.4,40085.85
2018-06-04,93.6,56.3,77,0,0,11.3,49025.53
2018-06-05,94.6,68.7,83.7,0,0,17.3,48999.75
2018-06-06,93.6,61.8,81,0,0,17.8,48924.72
2018-06-07,92.8,60.1,80.6,0,0,16.8,49191.22
2018-06-08,93,64.2,80.5,0,0,14.5,49202.98
2018-06-09,94.3,61.5,81.2,0,0,19.4,49283.72
2018-06-10,91.4,67.6,80.2,0,0,21,49220.66
2018-06-11,88.4,58,75.5,0,0,9.3,49301.38
2018-06-12,94.5,60.1,81.2,0,0,9.3,49054.02
2018-06-13,99,71.9,86.1,0,0,12.7,49055.5
2018-06-14,96.3,73.4,86.7,0,0,18.8,49312.84
2018-06-15,94.9,72.1,85.1,0,0,20.1,49052.42
2018-06-16,80.4,70.3,75.6,0.004,1,16.7,8750.54
2018-06-17,86.3,64,76,0.035,4,19.2,45845.92
2018-06-18,86.7,65.3,77.1,0,0,18.1,49466.48
2018-06-19,86.6,61.3,76.6,0,0,12,49374.29
2018-06-20,88.8,60.7,77.4,0,0,8.1,49450.88
2018-06-21,99.1,63.3,83.7,0,0,12.1,49440.09
2018-06-22,92.4,71.3,82.8,0,0,19,48560.9
2018-06-23,95.7,64.7,82.3,0,0,14.4,49412.95
2018-06-24,85.2,64.8,77.1,0,0,15.8,49396.75
2018-06-25,93.1,63.4,80.5,0,0,8.1,49468.31
2018-06-26,101.4,65.7,87.1,0,0,7.8,49359.46
2018-06-27,102.1,75,89.5,0,0,18.3,49428.44
2018-06-28,97.8,68.4,86.4,0,0,21.2,48956.25
2018-06-29,93.9,69.2,83.4,0,0,15.9,49202.48
2018-06-30,89.9,65.3,79.8,0,0,15.5,49267.36
2018-07-01,91.3,59.6,78.2,0,0,10.1,49330.54
2018-07-02,98.2,64.4,83.8,0,0,10.8,48946.34
2018-07-03,96.6,70.1,85.6,0,0,19.2,49273.4
2018-07-04,95.7,65.7,84.6,0,0,10.7,49066.35
2018-07-05,96.8,70.5,86.3,0.004,1,20.9,47552.7
2018-07-06,96.6,76.2,87.6,0,0,18.8,48576.58
2018-07-07,99.2,74.7,88.8,0,0,13.6,48096.11
2018-07-08,98.6,73.8,87.4,0,0,14,44564.08
2018-07-09,96.9,74.4,87.8,0,0,12.7,47629.12
2018-07-10,96.6,75.3,88.6,0,0,17.8,46720.98
2018-07-11,96.4,73.7,86.5,0.02,2,13.2,44528.95
2018-07-12,92.3,73.7,84.1,0.031,3,10.8,46930.81
2018-07-13,95.6,74.9,85.8,0,0,10,47285.31
2018-07-14,94.2,75.8,85.3,0.008,1,13.9,45337.51
2018-07-15,92.3,73.2,83.9,0,0,12.7,44852.43
2018-07-16,94.8,73.6,86.1,0,0,13,44066.49
2018-07-17,98,72.8,86.2,0,0,13.9,47169.24
2018-07-18,98.8,75.6,88.5,0,0,9.2,46989.07
2018-07-19,102.3,75.5,90.6,0,0,16.8,42375.55
2018-07-20,96.6,78.6,89.1,0,0,12.8,46400.38
2018-07-21,101.2,78.8,89.3,0.004,1,17.3,45948.21
2018-07-22,100.4,74.3,88.1,0,0,19.3,47354.15
2018-07-23,100.5,75,87.7,0,0,18.5,47346.02
2018-07-24,100.1,74.9,88.5,0,0,13.4,46879.18
2018-07-25,98.7,77,88.9,0,0,17.6,47060.73
2018-07-26,97.9,72.5,87.1,0,0,9.6,47144.63
2018-07-27,97.5,74.8,87.1,0.004,1,13.7,47055.75
2018-07-28,95.3,71.7,84.3,0,0,16.1,46189.56
2018-07-29,98.6,68.2,85.4,0,0,13.9,46971.12
2018-07-30,96,72.4,85.1,0,0,14.7,47043.29
2018-07-31,98.7,70.2,86,0,0,8.2,46967.12
2018-08-01,96.5,70.8,86.1,0,0,12.1,40716.24
2018-08-02,95.4,70.6,84.4,0,0,17.5,41296.4
2018-08-03,94.8,71.6,83.4,0,0,14.6,43167.75
2018-08-04,97,66.4,83.8,0,0,15,46744.91
2018-08-05,98.4,69.8,86.6,0,0,14.5,46644.71
2018-08-06,96.2,69.1,85.3,0,0,11.1,46621.71
2018-08-07,97.3,65.5,84.2,0,0,11.7,46557.32
2018-08-08,98.5,66,85.6,0,0,14.5,46451.63
2018-08-09,98.7,68,86.2,0,0,9,46387.94
2018-08-10,97.5,69,85.1,0,0,14.7,46317.83
2018-08-11,95.9,74,85.5,0,0,18.4,46249.55
2018-08-12,98.5,75.5,87.7,0,0,14.1,46179.89
2018-08-13,98.5,70.7,87.3,0,0,10.3,46108.54
2018-08-14,96.4,70.3,85.3,0,0,11.6,46035.6
2018-08-15,93.1,72.9,84.4,0,0,17.3,45961.16
2018-08-16,94.2,71.1,84.4,0,0,7.6,45879.38
2018-08-17,94.1,70.5,83.5,0,0,8.9,45751.76
2018-08-18,91.9,70.6,82.8,0,0,17.9,45622.8
2018-08-19,89.4,62.9,78.4,0,0,10.8,45492.6
2018-08-20,95.9,61.7,81.3,0,0,13.2,45361.28
2018-08-21,89.7,64.6,76.7,0.043,4,16.2,31054.48
2018-08-22,80.9,60.3,70.4,0.126,5,10.8,45095.61
2018-08-23,85.3,61.8,73.2,0,0,12.6,44961.47
2018-08-24,90.2,58.9,76.5,0,0,10.8,44826.59
2018-08-25,92.1,64.6,80.7,0,0,13.7,44321.33
2018-08-26,89.4,69.2,80.2,0,0,20.6,41646.39
2018-08-27,90.9,68.2,80.8,0,0,18.5,44418.43
2018-08-28,88.7,62.5,77.2,0,0,10.8,44281.52
2018-08-29,91.2,59.7,78.1,0,0,10.6,42533.14
2018-08-30,93.6,66.9,82.1,0,0,14.6,43481.29
2018-08-31,90.7,67.8,79.4,0,0,13.6,38831.19
2018-09-01,85.8,62,75.3,0,0,17.8,43333.23
2018-09-02,86.5,58.2,74.8,0,0,8.5,42573.47
2018-09-03,85,65,75.3,0,0,8.5,41183.3
2018-09-04,86.7,58.6,75.2,0,0,11.5,35490.39
2018-09-05,82.1,66.3,74.6,0.004,1,10.5,42419.25
2018-09-06,84.9,59.1,73.7,0,0,7.9,42362.95
2018-09-07,88.2,60,75.7,0,0,10.7,42374
2018-09-08,92.1,59.1,78.8,0,0,7.8,42021.77
2018-09-09,92.1,64.3,79.5,0,0,11.4,42105.6
2018-09-10,93.5,62.5,80.1,0,0,14.2,38318.51
2018-09-11,91.4,65.1,80.3,0,0,17.9,41905.15
2018-09-12,91.2,65.9,79.5,0,0,20.2,41817.41
2018-09-13,89.5,61.5,77.3,0,0,19.9,41768.59
2018-09-14,89.7,59.6,75.7,0,0,11.9,41710.33
2018-09-15,92.6,56.8,77,0,0,18.1,41657.88
2018-09-16,91.6,64.8,79.6,0,0,14.8,41557.11
2018-09-17,91.5,66.4,79.1,0,0,13,41409.06
2018-09-18,92.1,64.5,79.8,0,0,15.6,41261.16
2018-09-19,87.1,64.1,75.7,0.008,1,19.3,34246.1
2018-09-20,80.4,59.8,70.5,0,0,13.7,40966.16
2018-09-21,83.1,51.9,69.9,0,0,7.1,40818.43
2018-09-22,85.8,50,71.2,0,0,10.2,40669.73
2018-09-23,85.9,58.4,74.7,0,0,15.9,40520.16
2018-09-24,83.6,59.7,73.1,0,0,14.7,40139.7
2018-09-25,73.5,54,64.9,0,0,18.1,40218.82
2018-09-26,76,45,63.2,0,0,5.1,40067.21
2018-09-27,79.5,49.6,65.2,0,0,7.3,39915.11
2018-09-28,85,46.2,69.3,0,0,10.5,39762.62
2018-09-29,86.6,59.2,75.2,0,0,17.7,39249.57
2018-09-30,84.4,61.8,73.7,0,0,21.2,38652.42
2018-10-01,79.8,63,70.8,0,0,14.8,37276.7
2018-10-02,68.5,57.7,61.8,0.295,10,7.4,7200
2018-10-03,74.2,58.2,66.4,0.028,4,7.8,38259.66
2018-10-04,68.9,54.7,61,0.118,6,18.4,27011.25
2018-10-05,64.7,49.4,57.3,0.008,2,10.5,38139.77
2018-10-06,54,43.7,49.4,0.307,15,12.7,0
2018-10-07,54.1,44.3,48.9,0.575,20,11.3,7828.07
2018-10-08,52.5,41.9,46.9,0.11,12,7.1,27183.42
2018-10-09,56.1,39.7,47.6,0.02,3,6.8,36443.5
2018-10-10,57.5,43.5,50,0.189,9,10.6,36093.75
2018-10-11,54.3,42.6,47,0.386,15,8,7865.25
2018-10-12,57.8,38.9,47.7,0,0,5.5,36736.05
2018-10-13,60.7,35.7,48.7,0,0,6.5,36755.35
2018-10-14,47,31.4,40.8,0,0,20.2,36441.67
2018-10-15,48.8,25.1,36.3,0,0,15.1,36529.87
2018-10-16,56.5,30.4,42.8,0,0,13.8,36299.54
2018-10-17,51.9,39,45,0.114,13,8.3,25705.22
2018-10-18,50.7,39,43.7,0.067,9,9.2,36000
2018-10-19,55.3,33.3,45,0,0,10.1,36086.75
2018-10-20,64.7,37.9,49.6,0,0,8.4,36000.33
2018-10-21,64.4,41.2,51.3,0.004,1,6.5,35969.09
2018-10-22,61.4,40.8,51.3,0.087,5,13.3,35903.61
2018-10-23,58.4,42,50.6,0.091,9,5.7,19198.21
2018-10-24,59.4,42.2,50.9,0.008,2,6.5,35771.59
2018-10-25,59.6,40.9,50.2,0,0,10.2,26994.04
2018-10-26,59.7,37.5,48.2,0,0,5.9,35535.71
2018-10-27,61.2,36.3,48.9,0,0,8,35390.5
2018-10-28,64.4,39.6,51,0,0,7.3,35246.69
2018-10-29,71,43.6,55.2,0,0,11.9,35104.45
2018-10-30,51.6,43.9,46.6,0.024,4,13.2,17595.05
2018-10-31,51.8,29.8,42.6,0,0,10.6,34824.52
2018-11-01,55.3,35.1,46.5,0,0,11.5,34685.27
2018-11-02,60.9,35.8,48.6,0,0,10.1,34546.26
2018-11-03,56.1,41.2,48.9,0,0,15.4,34407.65
2018-11-04,56.6,34,44.9,0,0,10.7,31578.63
2018-11-05,57.3,34.3,45.4,0,0,5.8,34132.18
2018-11-06,54.1,30,42.4,0,0,10.8,33995.63
2018-11-07,49.9,25.5,37.8,0,0,7.1,33860.07
2018-11-08,46,25.4,35.8,0,0,10.9,33725.66
2018-11-09,47,23.6,34.6,0,0,7.4,33592.57
2018-11-10,47.1,19.9,34.9,0,0,7.1,33460.95
2018-11-11,43.2,23.7,33.8,0,0,12.5,33331
2018-11-12,39.9,24.6,31,0,0,12.3,33202.87
2018-11-13,42.9,19,31.3,0,0,7.7,33076.74
2018-11-14,46,25.8,35.8,0,0,3.4,32952.81
2018-11-15,49.8,29.1,39.2,0,0,5,32831.25
2018-11-16,51.7,26.9,40,0,0,7.9,32601.9
2018-11-17,51.9,28,39.9,0,0,14.9,31430.41
2018-11-18,45.1,30,37.4,0,0,13.8,32482.73
2018-11-19,44.4,22.5,33.8,0,0,4.3,32372.61
2018-11-20,45.4,23.5,35.3,0,0,3.6,32265.32
2018-11-21,46.2,24.6,35,0,0,4.2,32159.79
2018-11-22,40.8,26.4,32.6,0.035,3,10.3,7973.55
2018-11-23,51.1,23.9,37.4,0,0,12.1,31608.46
2018-11-24,53.6,28,41.3,0,0,19.7,23330.79
2018-11-25,41.9,21,30.9,0,0,9.4,31751.79
2018-11-26,40.4,20.2,29.9,0,0,4.5,31592.74
2018-11-27,40.4,21.8,31,0,0,6.2,31441.76
2018-11-28,41.3,22.9,32.2,0.028,3,8,19669.97
2018-11-29,42.6,27,33.9,0.004,1,8.8,15032.08
2018-11-30,45.9,34.5,39.9,0.091,8,10.4,29064.05
2018-12-01,40.9,28.1,34.5,0.024,2,9.8,30856.25
2018-12-02,30.9,27.9,29.2,0.276,12,7.7,0
2018-12-03,33.3,19.2,25.8,0.004,1,9.6,30605.19
2018-12-04,27.9,10.2,19.6,0,0,8.5,30586.21
2018-12-05,28.1,13.4,21.7,0,0,7,16624.99
2018-12-06,31.4,19.8,24.5,0,0,5,20369.91
2018-12-07,35.7,20.2,27.6,0,0,4.6,30409.64
2018-12-08,37.7,23.8,29.8,0,0,7,30412.96
2018-12-09,41.4,23.2,30.4,0,0,7.2,30447.08
2018-12-10,38.1,20.9,29.2,0,0,6.6,30355.3
2018-12-11,40.7,25.4,31.1,0,0,6.5,30417.38
2018-12-12,36,19.1,27.6,0,0,17.8,16000.38
2018-12-13,35.7,13.8,25.2,0,0,7.4,30443.4
2018-12-14,33.6,18.6,25.6,0,0,5,28804.44
2018-12-15,39,19.6,29.4,0,0,6.5,30467.29
2018-12-16,39.4,18.3,30.3,0,0,5.5,30473.77
2018-12-17,38.2,21.5,30.3,0,0,5.9,25295.15
2018-12-18,41,20.9,31.4,0,0,6.2,30440.18
2018-12-19,47.8,23.4,35,0,0,10.4,30429.29
2018-12-20,45,21.4,32.9,0,0,6.8,30422.38
2018-12-21,43.5,23.2,32.2,0,0,6.9,30419.45
2018-12-22,42.4,26.5,32.9,0.024,3,12.3,30420.53
2018-12-23,40.6,21,30.3,0,0,6.5,25618.21
2018-12-24,44.1,26.8,33.6,0.012,2,8.6,30434.8
2018-12-25,46,29.6,35.7,0.201,8,12.5,28913.12
2018-12-26,40.8,27.6,33.6,0.004,1,7.6,23685.29
2018-12-27,33.6,22.8,27.5,0,0,12.1,23311.3
2018-12-28,29.3,18.5,23.4,0,0,10.8,29281.56
2018-12-29,28.7,8.3,19.4,0,0,7.7,30541.43
2018-12-30,30.8,12,21.9,0.008,1,6.2,30575.45
2018-12-31,25.5,14.4,21.5,0.311,16,15,8933.45
2019-01-01,22,10.7,15.6,0.016,4,14.6,28736.45
2019-01-02,18.7,2.1,10.6,0,0,3.9,30704.29
2019-01-03,24.5,3.9,13.7,0,0,4.4,30755.68
2019-01-04,30.8,11.3,19.7,0,0,4.6,30811.1
2019-01-05,29.2,12.2,22.7,0,0,3.5,15837.66
2019-01-06,36.3,25.5,29.3,0.224,12,8.5,7200
2019-01-07,43.7,29.3,36.3,0.016,2,17.6,31000.14
2019-01-08,40.8,21.9,31.1,0,0,5.3,31070.31
2019-01-09,36,22.6,29.1,0,0,4,23393.19
2019-01-10,34.5,20.9,27,0,0,3.7,22147.95
2019-01-11,41,22.6,31.2,0.051,6,6.7,25772.42
2019-01-12,40.7,26.6,32.6,0,0,7.2,31383.25
2019-01-13,39.9,26.5,31.3,0,0,10.7,31468.9
2019-01-14,39.9,23.7,30.2,0,0,6.4,31557.26
2019-01-15,36.2,25.9,30.8,0.193,14,6.8,2059.15
2019-01-16,44.4,31,35.5,0.031,6,7.4,24418.52
2019-01-17,46.1,28.8,36.5,0.091,7,9.5,17301.48
2019-01-18,43,27.3,35.9,0.039,3,17.8,31935.22
2019-01-19,40.8,20.8,30.2,0,0,8.6,32035.97
2019-01-20,41.6,24.1,31.6,0,0,6.1,32140.29
2019-01-21,44.2,22.1,33.8,0.035,5,20.9,25213.29
2019-01-22,35.7,22.8,30.6,0.008,2,16.2,32358.82
2019-01-23,35.9,14.3,25.5,0,0,7.1,28800
2019-01-24,41.3,17.8,29.5,0,0,8.5,32406.58
2019-01-25,39.7,19.9,30.4,0,0,4.7,32400
2019-01-26,41.5,19.6,30.7,0,0,6.3,32436.21
2019-01-27,42,24.1,32.3,0,0,7.2,32440.44
2019-01-28,40.8,18.8,30,0,0,19,32493.21
2019-01-29,38.9,21.9,29.5,0,0,6.2,27291.83
2019-01-30,39.2,16.1,28,0,0,4.9,32685.33
2019-01-31,43.9,18,30.4,0,0,4.9,32768.43
2019-02-01,46.8,21.3,33.2,0,0,4.9,32838.05
2019-02-02,52.5,25.8,38.6,0,0,14.1,32400
2019-02-03,52.4,41.2,47.4,0.059,6,19.1,32886.63
2019-02-04,51.2,38.3,44.4,0.012,3,18.9,10129.95
2019-02-05,49.1,36.1,42.6,0.051,10,22,29057.21
2019-02-06,36.3,26.1,32,0.071,6,15.9,26729.41
2019-02-07,31.3,19.4,25.3,0,0,13.1,34045.7
2019-02-08,36.3,13.6,23.5,0,0,6.7,32145.89
2019-02-09,39.9,16.3,28.6,0,0,10.6,27631.14
2019-02-10,47.4,24.5,35.8,0,0,22.2,34576.29
2019-02-11,38.6,25.2,31.8,0.035,3,19.2,33946.84
2019-02-12,43.2,14.8,29.4,0,0,7,35025.26
2019-02-13,50.2,25.5,36.8,0.02,2,18.8,13633.79
2019-02-14,47.1,33.8,40,0.449,12,15.2,431.59
2019-02-15,51.6,33.9,41.5,0.016,2,17.3,35480.68
2019-02-16,38.4,25.3,34.2,0.031,2,16.3,27252.47
2019-02-17,36.7,20,28.1,0.047,7,10.5,28180.62
2019-02-18,31.3,23.9,27.1,0.11,10,11.5,5662.79
2019-02-19,31.8,20.5,25.8,0.059,9,13.4,34120.85
2019-02-20,31.4,14.3,22.9,0.075,7,12.7,30392.3
2019-02-21,33.6,21.8,27.8,0.256,21,11.4,14486.08
2019-02-22,35,14.7,28.5,0.067,15,6.9,9532.93
2019-02-23,29,6.9,19.6,0,0,8.5,36776.36
2019-02-24,34.6,16.1,24.6,0,0,6.3,35487.48
2019-02-25,38.9,17.2,27.6,0,0,5.6,35408.93
2019-02-26,47.7,21.9,32.8,0,0,7.7,37232.27
2019-02-27,50.6,25.8,36.3,0,0,9.9,30183.37
2019-02-28,54,28.6,40.4,0,0,12.5,35042.48
2019-03-01,56.1,32.8,44.4,0.008,2,12.1,36558.54
2019-03-02,54.5,39.8,45.8,0.425,10,15,10881.83
2019-03-03,49.9,32.3,40.8,0.15,6,11.4,29863.69
2019-03-04,44.9,31.8,37,0.008,2,9.8,36088.2
2019-03-05,49.8,24.6,37,0,0,9.2,35336.27
2019-03-06,55.7,35.1,45.3,0.189,14,23.1,14363.01
2019-03-07,56.1,41.1,48.1,0.008,2,13.9,36727.27
2019-03-08,49.8,34.6,42.9,0.028,5,18.9,30648.08
2019-03-09,46.2,28.2,37.1,0,0,13.2,24491.35
2019-03-10,52.1,29.9,39.7,0.008,2,12.7,26844.75
2019-03-11,53.1,34,43.1,0.031,4,11.3,35578.45
2019-03-12,46.7,37.5,41.8,0.409,20,9.1,1595.01
2019-03-13,41,30.7,35.9,0.776,21,17.7,0
2019-03-14,41.8,28.1,33.6,0,0,14,39523.34
2019-03-15,44.4,22.4,33.2,0,0,7.6,39583.63
2019-03-16,50.9,24.8,37.4,0,0,5.4,39601.13
2019-03-17,55.5,26.4,42.2,0,0,4.7,39638.68
2019-03-18,57.8,27.6,43.7,0,0,5.5,39688.81
2019-03-19,54.3,34.5,43.5,0,0,16.8,39750.34
2019-03-20,56.8,28.5,42.7,0,0,11.2,39600
2019-03-21,51.1,35.9,42.8,0.189,13,16.8,22749.64
2019-03-22,51.4,29.2,41.3,0.024,5,8,36095.23
2019-03-23,55.5,33.1,45.2,0.012,2,6.5,39926.92
2019-03-24,58.8,34.5,45.6,0.114,9,11.2,39794.78
2019-03-25,60.7,31.6,46,0,0,7.5,40496.64
2019-03-26,69.5,32.3,51,0,0,10.2,40039.2
2019-03-27,71.5,38.8,56.7,0,0,14.9,26536.17
2019-03-28,68.4,43.7,56.9,0,0,16.5,39953.18
2019-03-29,53.7,38.1,46.2,0,0,17.5,36019.82
2019-03-30,53,32.4,42.7,0,0,14,41059.29
2019-03-31,55.2,31.1,42.7,0.028,6,11.4,35370.93
2019-04-01,61.3,28.6,47.6,0,0,8.9,41453.59
2019-04-02,62.7,43.4,52.5,0.016,2,16,18000
2019-04-03,63.7,41.1,52.9,0.028,5,11.4,37062.21
2019-04-04,69.8,39.9,55.6,0,0,15.6,35174.66
2019-04-05,69.1,45,58.6,0,0,14.3,40804.81
2019-04-06,68.2,48.6,57.9,0.043,4,17.9,42442.59
2019-04-07,71.7,41.3,56.3,0,0,9.6,42935
2019-04-08,76.1,43.3,61.5,0,0,10.2,42800.85
2019-04-09,76.7,48.7,64.7,0,0,21.7,37567.95
2019-04-10,48.8,37.5,42.9,0.339,17,20.9,8370.75
2019-04-11,49.5,35.3,41.4,0,0,10.6,36248.94
2019-04-12,53.8,30.5,43.4,0.004,1,8.5,41292.24
2019-04-13,57.1,33.2,46.2,0,0,11.3,44111.93
2019-04-14,70.5,34.2,54.3,0,0,14.1,42384.69
2019-04-15,73.2,50.2,62.3,0,0,21,42683.43
2019-04-16,64.2,47.1,57.5,0.008,2,20.9,8749.65
2019-04-17,66,43.5,54.3,0.012,2,14.5,37854.96
2019-04-18,69.9,40.1,56.1,0,0,9.4,44843.93
2019-04-19,78.5,43.2,63.3,0,0,7.7,44980.8
2019-04-20,76.5,49.6,64.2,0,0,18.2,27150.34
2019-04-21,73.7,51.4,62.5,0.016,1,13.1,38073.79
2019-04-22,71.9,46.9,60.1,0.004,1,16.3,43200
2019-04-23,72.9,47.8,62.1,0,0,11.7,45382.55
2019-04-24,75.3,47.1,63.3,0,0,14.1,45436.71
2019-04-25,78,50.7,66.2,0,0,12.3,45147.21
2019-04-26,78.4,54.7,66.4,0.087,7,21.7,38068.69
2019-04-27,78.9,51.9,66.5,0,0,17.5,45598.18
2019-04-28,77.9,57.2,66.5,0.047,7,17.1,41148.75
2019-04-29,64.5,50.7,55.6,0.177,7,17.8,9152.25
2019-04-30,65.8,46.3,54.8,0.154,8,18.8,37854.99
2019-05-01,55.5,41.9,48.2,0.039,5,12,45812.25
2019-05-02,63.3,34.3,50.5,0,0,9.4,46029.57
2019-05-03,67.8,37.8,55.6,0,0,6.9,46159.54
2019-05-04,75,43,61.3,0,0,11.1,44714.66
2019-05-05,79.1,48.3,64.7,0,0,15.1,40470.84
2019-05-06,78.7,49.9,66.1,0,0,13.2,45519
2019-05-07,76,49.9,64,0.008,2,15.5,40433.71
2019-05-08,62.8,48.2,55.7,0.035,7,16.9,46186.25
2019-05-09,64.6,39.9,53.2,0.031,4,13.8,46592.78
2019-05-10,61.3,46.1,55.1,0,0,8.5,26022.52
2019-05-11,72.6,43.9,59.7,0,0,11.3,47110.49
2019-05-12,76.8,49.5,64.9,0,0,7.6,47279.63
2019-05-13,82.8,55.6,69.7,0,0,8.9,47560.24
2019-05-14,86.2,56,72.8,0,0,14,47518.3
2019-05-15,85.6,60.7,74,0,0,18.7,36340.04
2019-05-16,83.1,64,74,0,0,25.5,42185.32
2019-05-17,66.4,51.7,58.8,0.016,3,15.3,47479.2
2019-05-18,65.9,44.1,56.1,0.012,3,12.7,45137.56
2019-05-19,65.2,46.2,54.9,0.067,6,28.4,16429.02
2019-05-20,57.2,42.7,50.8,0.016,3,16.3,29622.6
2019-05-21,64.2,42.1,52.4,0.134,10,18.7,41114.98
2019-05-22,59,43.5,51.7,0.067,6,14.9,48033.75
2019-05-23,54.3,45.4,49.5,0.327,11,20.7,27502.79
2019-05-24,64,41.5,54.8,0,0,13.5,45410.2
2019-05-25,73.7,44,59.9,0.012,1,15.4,48740.96
2019-05-26,75.6,44,63,0.016,2,18.7,48772.43
2019-05-27,66,45.3,55.2,0.13,9,17.6,41778.55
2019-05-28,63,43.4,52.3,0.024,4,8.6,34340.46
2019-05-29,69.7,47.8,59.4,0,0,15,47130.66
2019-05-30,76.6,47.1,64.3,0,0,8.6,48882.1
2019-05-31,81,51.8,69.6,0,0,14.1,47384.97
2019-06-01,87.8,60.4,74.4,0,0,13.3,48927.16
2019-06-02,84.7,58.6,73.7,0,0,12.8,48518.6
2019-06-03,85.5,55.7,72.6,0,0,11.4,49006.81
2019-06-04,85.9,58.2,73.9,0,0,8.4,49022.5
2019-06-05,86.6,61,75.9,0,0,8.3,48997.56
2019-06-06,90.9,60.6,78.3,0,0,7.4,49011.04
2019-06-07,87.7,66.4,79.1,0,0,22.4,49124.23
2019-06-08,78.1,59.8,70.1,0,0,16.1,49134.62
2019-06-09,75.7,49.9,63.9,0,0,17.9,49041.04
2019-06-10,83.4,53,70.6,0,0,11.6,49292.96
2019-06-11,88.6,55.2,74.4,0,0,10.7,49226.47
2019-06-12,88.8,63.8,78.2,0,0,12.4,49154.13
2019-06-13,91.8,65.3,80.1,0,0,20.9,49053.85
2019-06-14,89.5,64.4,77,0,0,20.2,46197.3
2019-06-15,86,61.1,76.2,0,0,10.1,49228.27
2019-06-16,88.5,65.5,77.7,0,0,16.5,44692.36
2019-06-17,82.8,64.1,72.5,0.016,2,12.2,41210.28
2019-06-18,80.5,56.2,69.6,0.004,1,8.5,49041.07
2019-06-19,89.9,55.7,74.4,0,0,14,49286.05
2019-06-20,90.8,64.2,79.8,0.004,1,24.5,44406.08
2019-06-21,71.4,54.7,61.9,0.102,12,16.2,46370.04
2019-06-22,69.6,49.2,58.4,0.012,2,17.4,47569.38
2019-06-23,73.2,44.7,61,0,0,8.2,49414.27
2019-06-24,87.1,49.2,71.2,0,0,13.3,49131.98
2019-06-25,92.4,58.8,78.2,0,0,15,49068.05
2019-06-26,91.8,65,81.1,0,0,18.4,47158.77
2019-06-27,93.9,67.8,81.7,0,0,17.1,49436.02
2019-06-28,96.5,68,83.8,0,0,17.2,49325.54
2019-06-29,97.1,73.6,86.8,0,0,14.9,48781.55
2019-06-30,92.6,75.3,83.7,0,0,15.6,48500.8
2019-07-01,92.3,71.9,82.8,0,0,17,49162.45
2019-07-02,95.4,70,84.9,0,0,15.4,49018.93
2019-07-03,93.9,70.2,83.7,0,0,16.4,49281.86
2019-07-04,92.8,67.8,82.4,0,0,15.5,49249.44
2019-07-05,92.3,66.5,80.7,0,0,10.3,49215.28
2019-07-06,94.8,64.2,82.1,0,0,15.9,48220.66
2019-07-07,91.2,67.8,81.3,0,0,18,47884.2
2019-07-08,90.3,70.9,81.4,0,0,20.9,48220.64
2019-07-09,92.5,64.7,80.5,0,0,9.7,48978.95
2019-07-10,96.6,62.5,83.4,0,0,8.2,48938.22
2019-07-11,98.3,66.2,85.5,0,0,14.5,48476.7
2019-07-12,98.1,69.8,87,0,0,6.6,48530.89
2019-07-13,93.6,72.3,85.4,0,0,12.6,40671.03
2019-07-14,96.9,72,85.8,0,0,7.7,47744.11
2019-07-15,97.7,74.2,87.9,0,0,8.8,47607.66
2019-07-16,100.3,72.7,88.8,0,0,18.5,47785.13
2019-07-17,98.4,75.7,88,0,0,15.6,48101.48
2019-07-18,97.7,72.3,86.5,0,0,12.5,47909.43
2019-07-19,99,72.9,88,0,0,13.3,47934.7
2019-07-20,98.3,76.8,87.4,0,0,14.8,47224.36
2019-07-21,98.9,66.5,86.3,0,0,6.9,47761.53
2019-07-22,98.7,70.7,87.9,0,0,17.5,47551.8
2019-07-23,95.8,77.1,85.9,0.008,1,24,47348.59
2019-07-24,97.3,76.6,87.1,0,0,13.7,43552.82
2019-07-25,91.7,71.2,83.7,0,0,12.4,46440.35
2019-07-26,92.1,71.4,82,0.024,1,11.9,36576.73
2019-07-27,93.7,68.8,82,0,0,15.2,47056.38
2019-07-28,92.6,68,82.3,0,0,9.9,47133.77
2019-07-29,98,66.1,84.1,0,0,9,47204.21
2019-07-30,94.5,75,86.6,0,0,16.1,45087.27
2019-07-31,91.7,71.5,81,0.039,2,13.7,35319.66
2019-08-01,86.9,70.9,78.1,0.008,2,9.9,46800
2019-08-02,92.5,65.7,79.7,0,0,6.5,46896.84
2019-08-03,94.4,67.5,82.5,0,0,10.1,41511.64
2019-08-04,89.6,74.2,82.2,0,0,14,38481.05
2019-08-05,94.8,65.2,81.2,0,0,9.7,46703.18
2019-08-06,97.3,66.5,86.3,0,0,9.9,46642.29
2019-08-07,92.9,78.6,85.2,0,0,11.9,40547.84
2019-08-08,93.4,69.4,82.7,0,0,15.9,46473.75
2019-08-09,93.9,67,81.8,0,0,14.7,39600
2019-08-10,92.1,70.5,83.2,0,0,13.4,46338.62
2019-08-11,93.4,76.1,84.7,0,0,16.1,43138.23
2019-08-12,92.8,69.1,82.2,0,0,9.9,46197.42
2019-08-13,94.5,67.6,82.8,0,0,7.6,46124.77
2019-08-14,96.7,70.8,84.4,0,0,9.1,46050.86
2019-08-15,97.9,69.3,85.2,0,0,9.3,45975.76
2019-08-16,97.6,69.9,86.1,0,0,15,42686.21
2019-08-17,96.4,69.6,84.7,0,0,16.5,43234.35
2019-08-18,97,70.4,84.3,0,0,13.9,45648.68
2019-08-19,96.6,65.8,83.3,0,0,11.1,45029.61
2019-08-20,97.3,63.4,84.1,0,0,7.1,45388.14
2019-08-21,98,66.1,85.2,0,0,12.5,45256.76
2019-08-22,94.8,71,84.7,0,0,15.7,38881.88
2019-08-23,95.1,68.1,83.7,0,0,13.7,44992.27
2019-08-24,96.2,68.6,84.4,0,0,8.5,44859.34
2019-08-25,98.4,70.3,85.9,0,0,8.5,44726.07
2019-08-26,94.1,68.7,83.5,0,0,14.9,44592.55
2019-08-27,89.9,62,78.4,0,0,7.8,44458.14
2019-08-28,95.1,58,80,0,0,5.5,44322.33
2019-08-29,92.5,69.6,81.4,0,0,8.9,33099.66
2019-08-30,94.8,63.8,82.5,0,0,5.8,44046.84
2019-08-31,96.3,66.3,83.3,0,0,7.9,43907.36
2019-09-01,98.2,65.2,84.7,0,0,9.4,43764.53
2019-09-02,97.5,67.9,85.3,0,0,7.4,43372.6
2019-09-03,96.6,67.8,84.3,0,0,11.3,42350.12
2019-09-04,98.4,72.3,85.7,0,0,10.4,40509.98
2019-09-05,96.6,69.5,85.7,0,0,6.6,42266.95
2019-09-06,95.9,68.7,84,0,0,16.6,42222.45
2019-09-07,90.8,67.3,80.9,0,0,6.5,42389.91
2019-09-08,88.5,66.4,76.3,0.071,3,19.6,38656.62
2019-09-09,85.7,56.1,72.8,0,0,9.2,42191.3
2019-09-10,82.9,64.2,74,0.02,3,19.6,42019.93
2019-09-11,75,58.2,66.8,0.087,6,15.2,41830.02
2019-09-12,72.7,51.2,62.1,0,0,6.6,41864.88
2019-09-13,80,47.2,66.4,0,0,5.9,41781.17
2019-09-14,86.4,49.8,71.4,0,0,4.4,41723.44
2019-09-15,85.6,53.9,72.1,0,0,18.9,37994.38
2019-09-16,84.1,61.5,73.4,0,0,17.2,41600.27
2019-09-17,83,63.8,73.5,0,0,19.8,41453.27
2019-09-18,84.1,56.4,71.9,0,0,18.4,41305.31
2019-09-19,87.5,64.4,76.6,0,0,19.5,41156.51
2019-09-20,76.2,57.7,68.9,0,0,19.1,41006.94
2019-09-21,70.5,45.1,59.3,0,0,11,39904.21
2019-09-22,74.2,44.4,61.7,0,0,6.9,40705.88
2019-09-23,80.9,52.3,67,0,0,15,36000
2019-09-24,79.8,50.7,67.2,0,0,7.2,40402.85
2019-09-25,83.2,51.4,69.4,0,0,6.1,40250.84
2019-09-26,83.3,58.9,72.8,0,0,15.6,40098.62
2019-09-27,82,62.4,72.7,0,0,14.4,39811.89
2019-09-28,83.2,62.9,73.3,0,0,24,39692.28
2019-09-29,76.8,62.3,69.3,0.012,2,26.6,39070.93
2019-09-30,75.3,53,63.5,0,0,12.9,38768.55
2019-10-01,74.8,46.3,62,0,0,18.1,39231.77
2019-10-02,69.5,43.6,58.2,0,0,10.4,39110.29
2019-10-03,78.8,40.3,60,0,0,11.2,38811.55
2019-10-04,78,54.1,65.5,0,0,21.8,38524.89
2019-10-05,67.5,42.8,55.5,0,0,8.9,38088.42
2019-10-06,66.6,46.2,55.2,0,0,16.8,38223.33
2019-10-07,67.7,38.1,53.7,0,0,6.6,38112.21
2019-10-08,75.9,36.1,58,0,0,8.3,37858.77
2019-10-09,77.9,48.8,62.9,0.035,3,22,36291.77
2019-10-10,49.1,34.4,42.9,0,0,14.9,37580.86
2019-10-11,51.9,25.3,39,0,0,9.1,37474.56
2019-10-12,56.2,26.7,42.8,0,0,6.3,37313.95
2019-10-13,63.3,29.5,47.8,0,0,6.7,36895.62
2019-10-14,68.9,37.2,54.3,0,0,5.1,36726.01
2019-10-15,69.3,37.1,54.5,0,0,4.9,36610.02
2019-10-16,73.1,37.1,57.2,0,0,6.2,36437.05
2019-10-17,75.2,39.9,60.5,0,0,17.9,36095.16
2019-10-18,60.6,46.5,54,0,0,17.3,36201.87
2019-10-19,65.7,33.4,50.8,0,0,17.6,36087.8
2019-10-20,52.3,36.2,44.8,0,0,15.5,36080.16
2019-10-21,56.7,32.3,45.8,0,0,14.9,36022.95
2019-10-22,62,34.8,49,0,0,5.9,35927.6
2019-10-23,64.6,40.3,51.2,0,0,17.8,35862.48
2019-10-24,50.4,30.8,42.2,0,0,14.6,35790.36
2019-10-25,56.4,34.4,45.7,0,0,8.8,35724.12
2019-10-26,65.9,32.3,51,0,0,15.7,35580.42
2019-10-27,51.7,32.9,42.5,0,0,19.2,28722.77
2019-10-28,41.4,24.2,34.2,0,0,20.6,32354.84
2019-10-29,44.5,18.5,32.3,0.004,1,22.2,32130.89
2019-10-30,28.8,12.7,21.1,0,0,12.4,35005.57
2019-10-31,37.4,12.1,25.5,0,0,6.3,34862.49
2019-11-01,47,16.6,32.2,0,0,7.8,34719.95
2019-11-02,49.8,24,37.6,0,0,7.6,34578.09
2019-11-03,53.6,25,39.7,0,0,8.1,34437.06
2019-11-04,59.5,27.2,43.6,0,0,5.5,34297.03
2019-11-05,59,30.5,46.4,0,0,6.2,34158.14
2019-11-06,60.4,31.9,46.3,0,0,7.5,34020.56
2019-11-07,59.1,32.1,46.3,0,0,7.6,33884.45
2019-11-08,59.6,29.1,45.6,0,0,6.3,33749.99
2019-11-09,58.7,36.8,48.3,0,0,4.3,33617.34
2019-11-10,60.2,32.7,47.6,0,0,7.4,33486.7
2019-11-11,56.2,32.7,45.4,0,0,20.4,33358.23
2019-11-12,49.2,27.3,38.2,0,0,7.2,33232.11
2019-11-13,53.5,24.8,40.2,0,0,7,33108.55
2019-11-14,56.3,28.2,43.6,0,0,5.3,32987.74
2019-11-15,58.4,38.6,47.3,0,0,6.1,32610.93
2019-11-16,60.6,34.9,47.5,0,0,12.4,32752.03
2019-11-17,55.9,31.9,44.7,0,0,8.2,32636.14
2019-11-18,57.7,34.9,46.4,0,0,5.1,32521.73
2019-11-19,60.6,30.1,47.1,0.031,4,14.6,27896.88
2019-11-20,57,44.1,49.2,0.244,14,17,17284.98
2019-11-21,48.8,40.7,44.8,0.055,5,8.9,23551.25
2019-11-22,48.1,32.9,39.9,0,0,7.3,32077.16
2019-11-23,46.2,28.1,37.4,0,0,5.7,31977.23
2019-11-24,44.4,24.6,35.4,0,0,5.6,31874.95
2019-11-25,45.3,27.6,34.1,0.256,9,17.6,18830.99
2019-11-26,35.8,23.1,29.4,0.083,7,18.4,26231.54
2019-11-27,42.6,23.2,31.7,0,0,20.2,25843.66
2019-11-28,49.1,41,44.5,0.008,1,21.1,30527.87
2019-11-29,47,30.8,39.7,0.386,16,20.5,6276.16
2019-11-30,37.4,24.6,30.7,0.02,4,12.3,30970.79
2019-12-01,36.5,20.3,28.3,0,0,5.1,29905.84
2019-12-02,38.2,22.9,29.7,0,0,6.5,30824.27
2019-12-03,41.3,23.6,31.4,0,0,6.8,30666.6
2019-12-04,43.8,28.9,35.4,0.039,3,6.3,29309.07
2019-12-05,45.4,30.2,37.2,0.256,11,7.3,24693.9
2019-12-06,45.3,28,35.8,0,0,8.4,30553.19
2019-12-07,45.1,27.6,35,0.008,1,5.9,26830.86
2019-12-08,50.5,34.6,39.5,0.055,4,10.8,26373.97
2019-12-09,42.5,26.7,34.2,0,0,7.6,30448.09
2019-12-10,41.9,24.6,32.1,0,0,7.1,29161.17
2019-12-11,38.2,24,29.8,0,0,6.5,27271.51
2019-12-12,40.4,24.6,31,0,0,8.9,30427.55
2019-12-13,48.4,29.1,37.2,0.008,1,6.5,26937.21
2019-12-14,48,28.8,38.2,0,0,8.1,30218.11
2019-12-15,35.2,23.1,29.4,0,0,11.6,16821.77
2019-12-16,32.4,20.1,25.5,0,0,11.2,30477.47
2019-12-17,31.7,14.4,22.7,0,0,6.3,30456.46
2019-12-18,31.8,14.1,22.2,0,0,7.2,29391.33
2019-12-19,33.8,16.5,25,0,0,5,30426.64
2019-12-20,37.6,16,26.9,0,0,6.3,30417.92
2019-12-21,38.4,21.1,28.4,0,0,5.1,29294.89
2019-12-22,36,20.8,27.9,0,0,4.1,28913.36
2019-12-23,36.5,21,28.4,0,0,5,2504
2019-12-24,39.3,27,32.8,0.315,13,9.1,4873.92
2019-12-25,41,30.6,34.8,0.146,8,13.6,28507.48
2019-12-26,37.8,25.9,31.1,0.173,4,7.1,30019.51
2019-12-27,34.3,25.6,29.6,0.283,20,8.9,6912.09
2019-12-28,28.8,12,24.4,0.091,9,10.8,26807.24
2019-12-29,19.5,5.6,12.9,0,0,7.6,30535.68
2019-12-30,24.8,13.6,18.4,0,0,4.2,30370.37
2019-12-31,22.4,11.1,15.7,0,0,5,30609.37
2020-01-01,23.5,11.1,17.5,0.016,1,7.3,10800
2020-01-02,27.2,15.3,20.2,0,0,4.9,30698.88
2020-01-03,31.1,14.1,21.8,0,0,6,30749.32
2020-01-04,31.5,17.2,23.9,0,0,8.8,30803.43
2020-01-05,30.2,18.1,22.8,0,0,9.2,27163.25
2020-01-06,32.6,13,22.3,0,0,6.4,30922.26
2020-01-07,31.9,15.4,22.9,0,0,5,30986.76
2020-01-08,30.9,14.7,22.2,0,0,8.9,27839.41
2020-01-09,32.7,17.1,24.2,0,0,6.7,28740.05
2020-01-10,32,17.4,23.3,0,0,8.4,31199.44
2020-01-11,28.4,12.5,20.5,0.008,2,5.8,26616.87
2020-01-12,29.5,11.1,20.8,0.004,1,5.4,28500.47
2020-01-13,40.8,18.5,27.8,0.012,2,10.1,31438.73
2020-01-14,45.2,18.1,32,0,0,12.1,31524.66
2020-01-15,40.3,18.8,28.8,0,0,9.4,31614.53
2020-01-16,38.8,21.5,28.4,0,0,6.8,25179.56
2020-01-17,40.8,24.2,34.9,0.012,2,22.6,28205.3
2020-01-18,35.6,17.4,26,0,0,6.4,29080.52
2020-01-19,35.4,16.6,25.4,0,0,6.1,32009.49
2020-01-20,34.7,19.4,27.1,0,0,4.7,17749.85
2020-01-21,30.9,26.5,29,0.173,10,5.7,0
2020-01-22,38.3,23.9,28.8,0,0,7,32293.04
2020-01-23,39,23.9,29.8,0,0,6,29091.31
2020-01-24,36.3,21.7,28.4,0.004,1,7.3,27990.44
2020-01-25,38.2,20.5,28,0,0,7.1,30874.33
2020-01-26,41.2,24.6,31.4,0,0,6.4,31903.45
2020-01-27,44,27.2,34.4,0.02,4,16.4,32439.82
2020-01-28,39.5,21,30.3,0.012,3,5.6,29374.73
2020-01-29,43.4,25.5,32.1,0,0,11.1,32498.13
2020-01-30,39.1,22.8,30.9,0.008,2,9.3,21751.66
2020-01-31,41.3,21.3,30.3,0,0,7.7,32702.03
2020-02-01,45.3,23.9,33.9,0,0,6.3,32807.75
2020-02-02,44.9,22.5,34.7,0,0,10.3,33047.23
2020-02-03,46.3,23.7,33.8,0.102,11,20.7,5726.7
2020-02-04,25.1,15.6,21.1,0,0,20.2,32941.23
2020-02-05,25.4,9.7,18,0,0,7.1,32786.21
2020-02-06,41.8,21.4,30.5,0,0,8.4,30396.4
2020-02-07,53.2,30,39.9,0,0,9.1,32696.01
2020-02-08,56.3,30.1,41.7,0,0,12.9,33957.03
2020-02-09,39,27.2,34.9,0,0,15,14548.24
2020-02-10,41.3,25,31.4,0,0,18.4,34413.66
2020-02-11,38.1,20.7,29.5,0,0,17.6,34944.8
2020-02-12,40.8,17.3,30.9,0,0,5.6,34146.05
2020-02-13,45.2,22.2,33.8,0,0,4.9,35144.37
2020-02-14,53,25.1,37.2,0,0,11.2,35386.86
2020-02-15,51.1,30,40.3,0,0,8.6,27584.38
2020-02-16,52.2,29.4,41,0.031,3,7.5,25584.17
2020-02-17,49,33.1,40.5,0,0,13.5,33927.36
2020-02-18,40.5,23.2,33.1,0,0,12.6,35282.89
2020-02-19,45.8,21.6,32.7,0,0,17.6,36133.93
2020-02-20,39.9,17.9,28.9,0,0,13.9,36283.64
2020-02-21,47.2,19.2,34.3,0,0,7,35401.8
2020-02-22,49.8,26.4,38.6,0.11,6,6.9,23294.05
2020-02-23,48.4,33,40.1,0.039,2,9.3,28387.24
2020-02-24,42.2,25.4,35.3,0,0,19.8,36835.44
2020-02-25,35.4,21.4,28.1,0,0,20.7,35812.02
2020-02-26,39.9,17.4,27.7,0,0,8,37185.65
2020-02-27,49.1,19.2,33.6,0,0,8.9,37338.94
2020-02-28,53.1,24,38,0,0,8.3,37492.95
2020-02-29,54.5,26,41.2,0,0,6,37152.63
2020-03-01,57.8,35.6,46.1,0.043,4,17.1,24372.02
2020-03-02,49.4,29.6,39.7,0.02,4,9.5,37958.11
2020-03-03,53.4,26.1,39.2,0,0,11.3,38113.81
2020-03-04,57.5,26.7,42.9,0,0,8.3,38269.62
2020-03-05,61,31.3,46.1,0,0,6.6,38425.46
2020-03-06,66,32.3,50.2,0,0,12.2,38581.19
2020-03-07,66.8,41.8,55.1,0,0,19.2,38736.71
2020-03-08,60.3,43.7,52.2,0,0,13.8,15481.15
2020-03-09,60.6,31.2,47.7,0,0,14.1,39046.69
2020-03-10,60.1,39.8,49.9,0,0,11.9,15530.68
2020-03-11,56.1,39.6,46.4,0.083,6,8.4,12286.37
2020-03-12,62.2,34.9,50.7,0,0,6.4,36064.62
2020-03-13,56.9,41.8,48.6,0.197,10,22,24098.6
2020-03-14,56.7,41.1,48.2,0,0,19.5,37345.03
2020-03-15,63,39.6,51.4,0,0,19,39600
2020-03-16,65.1,35.3,52.2,0,0,10,39141.04
2020-03-17,65.4,43.7,55.1,0.004,1,18.7,38227.3
2020-03-18,59.9,41.3,49.8,0.165,10,16.7,33377.65
2020-03-19,52.7,38.4,44.3,0.295,12,12.6,30223.76
2020-03-20,49.5,32.7,40.9,0.094,5,12.5,39600
2020-03-21,51.9,28.9,40.4,0.024,3,7.5,28988.2
2020-03-22,55.8,35.5,44.9,0.008,2,6.8,39925.04
2020-03-23,54.9,33.6,43.2,0.079,7,12.2,21910.88
2020-03-24,58.9,37.2,47.7,0,0,16.8,40030.71
2020-03-25,60.9,42.8,51,0,0,20.1,36417.09
2020-03-26,59.1,36.3,48.2,0,0,20.4,40400.8
2020-03-27,46.5,32.7,39.4,0.087,5,15.2,36906.99
2020-03-28,51.6,27.1,40.3,0,0,9.4,39590.17
2020-03-29,55.1,34.5,45,0.035,6,12.8,31475.1
2020-03-30,60.4,39,48.1,0.047,7,9.7,40516.62
2020-03-31,68.6,37.7,53.9,0,0,13.3,41674.45
2020-04-01,71.1,47.1,60,0,0,19.6,41933.94
2020-04-02,56,35.7,45.7,0.012,3,14.9,25636.68
2020-04-03,54.2,25.8,41.3,0,0,11.5,40121.03
2020-04-04,67.9,32.7,51.7,0,0,16.9,42407.18
2020-04-05,68.7,46.8,58.7,0,0,20.4,42028.01
2020-04-06,70.2,47.1,59.3,0,0,18.5,36516.79
2020-04-07,70.5,43.8,58.2,0,0,14.4,43312.13
2020-04-08,71.8,38.1,58.9,0,0,11.1,43425.01
2020-04-09,65.6,48.6,58.1,0,0,10.8,43536.29
2020-04-10,68.7,40,56.3,0,0,10.6,43426.94
2020-04-11,68.7,39.9,57.2,0,0,12.4,42409.12
2020-04-12,60.4,42.3,52.6,0.004,1,19.4,42600.76
2020-04-13,52,29.8,42.6,0,0,19.6,44259.92
2020-04-14,50.4,25,39.6,0,0,11,44400.44
2020-04-15,62.7,30.6,49.8,0.016,2,15.1,35401.11
2020-04-16,58.7,38.7,48.2,0.02,4,19.3,24639.83
2020-04-17,57.5,30.5,45.7,0,0,11.3,44816.05
2020-04-18,63.9,41.4,52.3,0,0,16.1,26595.12
2020-04-19,66.6,38.8,55.3,0.012,2,9.4,43511.15
2020-04-20,66.1,47.1,57.5,0,0,7.1,45220.64
2020-04-21,67.6,46.2,57.8,0.008,1,13.6,44249.74
2020-04-22,68.9,44,58.3,0,0,17.8,45367.98
2020-04-23,70.5,46.2,59.5,0,0,20.9,43473.25
2020-04-24,66.1,42.8,56.3,0,0,10.2,45476.11
2020-04-25,71.2,44,59.7,0,0,7.5,43879.95
2020-04-26,78.7,49.8,65.7,0,0,12.9,41201.89
2020-04-27,83.2,48.5,67.8,0,0,15.2,39690.83
2020-04-28,79,55,68,0,0,17.1,45693.09
2020-04-29,82.2,54.3,70.3,0,0,9.9,45840.98
2020-04-30,87.8,54.3,73.7,0,0,19.2,41130.99
2020-05-01,87.8,56.1,74.4,0,0,18.8,46000.92
2020-05-02,81.9,58.9,70.2,0,0,14.7,45909.15
2020-05-03,82.7,51.9,69.1,0,0,20.3,46130.74
2020-05-04,72,50.3,63.1,0,0,15.7,46265.77
2020-05-05,75,47,64,0,0,11,46577.02
2020-05-06,84.1,50.6,69.4,0,0,9.6,46643.45
2020-05-07,74.2,54.9,65.3,0,0,17.8,46892.13
2020-05-08,74,47.4,62.4,0,0,14.8,47056.91
2020-05-09,74.9,51.8,64.7,0,0,17.5,47127.28
2020-05-10,84,48.9,69.9,0,0,11.4,42102.79
2020-05-11,79.1,64.6,71.4,0.091,4,16.1,39711.58
2020-05-12,80.7,55.7,70.5,0,0,22.7,47647.03
2020-05-13,77.2,56,68.8,0.004,1,16.1,40652.23
2020-05-14,79.4,52.5,69.1,0,0,13.5,42588.09
2020-05-15,78.1,56.1,69.2,0,0,13.8,44930.46
2020-05-16,79.4,56,69.2,0,0,12,44607.86
2020-05-17,89.1,57.9,75.1,0,0,18.4,48101.93
2020-05-18,89.5,62.7,77.8,0,0,18.7,48430.72
2020-05-19,87.1,59.7,75.5,0,0,25.1,48521.11
2020-05-20,69.1,51.4,62,0.008,2,19.8,48587.22
2020-05-21,73.2,45.8,61.5,0,0,7.6,48626.02
2020-05-22,82,48.9,68.7,0,0,18.6,48663.27
2020-05-23,73.2,51.5,62.6,0,0,19.5,48698.96
2020-05-24,70.5,44.4,58.5,0,0,14.7,48733.06
2020-05-25,74.2,45.5,63,0,0,12,48765.56
2020-05-26,81.7,52.4,70.1,0,0,5.7,48796.43
2020-05-27,89.4,62,78.2,0,0,11.2,48748.85
2020-05-28,91.2,65.6,80,0,0,9.8,48853.2
2020-05-29,96.3,70.2,84.6,0.004,1,9,48879.06
2020-05-30,93.5,68.7,83.6,0,0,16.8,46863.89
2020-05-31,92.3,71.6,82.9,0,0,19.7,48517.48
2020-06-01,94.1,71.4,83.8,0,0,16.8,48988.42
2020-06-02,93.2,65,81.2,0,0,10.4,48965.14
2020-06-03,93.1,68.2,83.6,0,0,11.2,48290.61
2020-06-04,94.8,66.3,84,0,0,15.2,48996.93
2020-06-05,97.9,66,84.1,0.035,2,21.3,34628.77
2020-06-06,77.7,61.9,69.5,0.543,7,26.4,28901.2
2020-06-07,80.7,51.5,66.2,0,0,25.6,49199.3
2020-06-08,62.2,43.8,53.5,0.004,1,19.8,38386.38
2020-06-09,68.9,39.8,56.8,0,0,8.4,49216.81
2020-06-10,79.7,49.3,66.9,0,0,8.6,49296.2
2020-06-11,88.7,56.8,75.1,0,0,7.8,49301.76
2020-06-12,95.3,60.9,81.4,0,0,18.8,48793.73
2020-06-13,93.9,72.6,83.2,0,0,22.9,49049.65
2020-06-14,87.1,58.4,76.7,0,0,17.7,49387.24
2020-06-15,92.5,63,79.3,0,0,18,49468.55
2020-06-16,90.9,67.6,81.3,0,0,24.6,49467.36
2020-06-17,80.4,64.5,73.3,0,0,21,49379.86
2020-06-18,81.3,49.1,68.1,0,0,12.2,49459.32
2020-06-19,82.2,54.6,71.6,0,0,9.3,49538.96
2020-06-20,89.4,56.9,76.8,0,0,11,46074.33
2020-06-21,95.4,67.2,83.5,0,0,16.3,48990.9
2020-06-22,95.2,67.3,83.4,0,0,17.3,49422.41
2020-06-23,95.4,64.5,82,0,0,10.9,49497.37
2020-06-24,96.9,67.2,84.2,0,0,14.7,48945.61
2020-06-25,99.3,70.3,86.4,0,0,20.3,49115.58
2020-06-26,93.1,69.3,80.9,0,0,21.3,39811.69
2020-06-27,95.3,63.3,81.1,0,0,13.5,46800
2020-06-28,94.3,74.8,85.4,0,0,25,47509.3
2020-06-29,84,60.8,75,0,0,27.8,46992.3
2020-06-30,80.7,55,69.3,0.004,1,14.3,48898.45
2020-07-01,89.5,54.6,75.1,0,0,11.6,49316.55
2020-07-02,91.7,67.1,80.9,0,0,17.7,49285.88
2020-07-03,91.1,68.7,81.4,0,0,13.6,48988.99
2020-07-04,92.6,68,82.2,0.039,2,10,49044.72
2020-07-05,97.1,68.2,85,0,0,9.4,49184.76
2020-07-06,99.6,69.6,87.5,0,0,14.9,48740.38
2020-07-07,96.1,73.8,86.3,0,0,19.3,49110.34
2020-07-08,95.7,66.7,84.5,0,0,12.6,48987.25
2020-07-09,95.7,66.2,85,0,0,12,49030.81
2020-07-10,97.9,66.9,86.1,0,0,10.6,48907.82
2020-07-11,101.1,66.9,87.1,0,0,10.5,48547.06
2020-07-12,101.7,78.2,91.2,0,0,13.2,45818.61
2020-07-13,102,77.7,89.8,0,0,22.5,47653.65
2020-07-14,99.6,75.9,88.9,0,0,13.1,44366.13
2020-07-15,98.8,74.1,87.9,0,0,10.6,47939.89
2020-07-16,93.9,74.8,85.6,0.004,1,17.7,42422.97
2020-07-17,95.5,69,84,0,0,18.4,47351.34
2020-07-18,97.5,70.5,86.8,0,0,12.8,47834.07
2020-07-19,98.6,69,86.3,0,0,13,47636.75
2020-07-20,98.4,70.2,87,0,0,13.3,47765.16
2020-07-21,97,73.7,87.5,0,0,15.4,47456.49
2020-07-22,85.1,70.9,79.1,0.008,2,14,31222.27
2020-07-23,88.4,63.2,75.8,0.118,6,16.7,42778.8
2020-07-24,86,66.9,76.8,0.071,3,7.3,42143.62
2020-07-25,88,68,79.2,0,0,12,46800
2020-07-26,94,64.8,82.3,0,0,7.6,47141.24
2020-07-27,92.8,72.8,83,0,0,22.4,36253.7
2020-07-28,93.7,69.1,82.7,0,0,10.4,47049.81
2020-07-29,98,67.9,84.8,0,0,10.8,47120.32
2020-07-30,96.9,71,86.3,0,0,10.5,47039.96
2020-07-31,101.1,69.7,87.1,0,0,10.4,47033.96
2020-08-01,100.9,70.3,88.7,0,0,9.2,46962.06
2020-08-02,100.6,73.4,89.6,0,0,11.9,46957.93
2020-08-03,101.9,78.7,90.6,0,0,15.8,46780.23
2020-08-04,99.4,75.4,89.1,0,0,11.8,46720.46
2020-08-05,96.1,71.1,86.2,0,0,16.8,46708.63
2020-08-06,94.9,74.3,85.1,0,0,17.9,46594.16
2020-08-07,93,68.7,82.3,0,0,15.4,46527.71
2020-08-08,94.9,65,82.5,0,0,11.1,46421.53
2020-08-09,94.7,68.8,83.5,0,0,9.3,46355.26
2020-08-10,96.8,69.1,84.3,0,0,11.1,46287.04
2020-08-11,95.1,70.3,84.6,0,0,19.4,46210.34
2020-08-12,96.3,69.6,84.9,0,0,12.9,46138.12
2020-08-13,96.8,68,84.3,0,0,9.1,46064.89
2020-08-14,97.6,68.1,85.9,0,0,11.1,45990.74
2020-08-15,97,66.8,85.3,0,0,8.5,45915.72
2020-08-16,98.5,68.7,85.8,0,0,9.5,45805.48
2020-08-17,99.8,72.7,86.3,0,0,7.1,45678.14
2020-08-18,101,70.4,87.4,0,0,7.8,45550.22
2020-08-19,101.9,70.3,88.4,0,0,10.8,45421.8
2020-08-20,100.1,72.8,89.2,0,0,15.2,45292.97
2020-08-21,98.3,70.3,86.5,0,0,9.1,45163.13
2020-08-22,99.8,69.6,88.1,0,0,9.2,45031.76
2020-08-23,99.5,74.6,88.3,0,0,9.4,44898.93
2020-08-24,98.3,74.7,87.1,0,0,11.2,42499.54
2020-08-25,98.5,70.1,88,0,0,14.5,44031.61
2020-08-26,96.9,76.4,87.5,0,0,7.1,44456.19
2020-08-27,99.4,70.4,87.2,0,0,16.2,44011.46
2020-08-28,95.3,74.8,87,0,0,11.9,42889.43
2020-08-29,91.6,69.4,82.7,0.004,1,15.7,39692.35
2020-08-30,92.1,61.5,80,0,0,13.4,43876.86
2020-08-31,93,66,80.2,0,0,22.5,35518.87
2020-09-01,78.7,55.5,69.5,0.024,2,11.3,43589.27
2020-09-02,88.4,58.7,74.4,0,0,7.7,43304.42
2020-09-03,92,63.3,78.7,0,0,6.4,43124.45
2020-09-04,95.8,63.5,81.3,0,0,6.5,42950.61
2020-09-05,97.8,66.2,84.2,0,0,5.4,42783.42
2020-09-06,99.3,64.2,84.1,0,0,10.6,42477.8
2020-09-07,94.8,68.2,82.1,0,0,10.5,42337.87
2020-09-08,77.2,39.2,52.3,0.291,13,25.5,12035.39
2020-09-09,58.7,39.8,48.4,0.004,1,17.8,30679.22
2020-09-10,58.4,43.6,49.5,0.008,2,12.3,22182.92
2020-09-11,70.6,39.3,55.8,0,0,6.9,41877.46
2020-09-12,78.1,46.2,63.3,0,0,5.7,41792.03
2020-09-13,83.7,46.3,68.6,0,0,4.2,41735.38
2020-09-14,86.3,55.3,72.3,0,0,8.7,41683.06
2020-09-15,88,51.6,73.3,0,0,7.3,41630.59
2020-09-16,89.3,58.4,76.1,0,0,7.5,41488.43
2020-09-17,87.9,53.8,75.4,0,0,5.2,41338.79
2020-09-18,88.9,54.6,75.3,0,0,7.9,36499.15
2020-09-19,87.4,69.6,78.6,0,0,20.9,41002.07
2020-09-20,86.7,56.9,74,0,0,8,40887.32
2020-09-21,87.5,57.4,74.8,0,0,7.8,40736.28
2020-09-22,84.7,60.3,73.4,0,0,11.4,38926.76
2020-09-23,85.6,55,73.1,0,0,4.9,40433.9
2020-09-24,89.9,54.4,75.5,0,0,10.8,40282.76
2020-09-25,90.2,61.3,77.3,0,0,12.8,40131.76
2020-09-26,88.5,62.4,76,0,0,11.3,39981.01
2020-09-27,76.6,59.8,68.8,0,0,22.9,39830.6
2020-09-28,70.9,51.7,60.7,0,0,17.6,39502.36
2020-09-29,74.7,48.3,61.6,0,0,7.7,39531.16
2020-09-30,80.8,45.4,66.5,0,0,7.6,39363.43
2020-10-01,82.3,50.9,68,0,0,14.1,39148.39
2020-10-02,81,45.6,65.8,0,0,5,37303.05
2020-10-03,80,47.5,66.4,0,0,9.8,38644.94
2020-10-04,82,51.8,67.7,0,0,7.4,38364.04
2020-10-05,82,46.1,67.7,0,0,6.1,38331.06
2020-10-06,81.3,46.6,66.5,0,0,5.9,38139.33
2020-10-07,80.2,46.8,65.9,0,0,3.9,37953.49
2020-10-08,80.7,45.9,67,0,0,6.1,37276.63
2020-10-09,82.1,49.2,69,0,0,6.6,36367.2
2020-10-10,81.8,52.6,69,0,0,16.5,36211.27
2020-10-11,71,49.2,62.5,0,0,23.5,37164.21
2020-10-12,72,36.4,55.6,0,0,6.6,36989.56
2020-10-13,77.8,41.2,61.1,0,0,9,36733.16
2020-10-14,81.3,49.4,66.3,0,0,11.1,36504.23
2020-10-15,67.7,51,59.9,0,0,15.3,36029.73
2020-10-16,66.6,39.8,53.7,0,0,10.5,36288.91
2020-10-17,77.9,41.6,60.5,0,0,10.5,36156.43
2020-10-18,77.7,50.4,64.3,0,0,6.4,36089.36
2020-10-19,76.6,46.8,63.5,0,0,6.8,36000
2020-10-20,75.3,48.5,62.6,0,0,7.1,36002.75
2020-10-21,78,42.8,63.1,0,0,12.5,35971.31
2020-10-22,78,54.4,65.1,0,0,14.3,35872.23
2020-10-23,58.8,39.1,50.5,0,0,11.7,35806.2
2020-10-24,73.5,34.5,56,0,0,15.7,35739.62
2020-10-25,60.9,23.8,45.5,0.476,10,21.8,19203.06
2020-10-26,33.6,16.1,24.6,0,0,18.5,35470.85
2020-10-27,42.6,19.4,31.4,0,0,14.1,35324.36
2020-10-28,53.3,27.8,39.8,0,0,9.5,35178.43
2020-10-29,57.5,29.7,44.9,0,0,6.1,35033.21
2020-10-30,58.6,31,46.8,0,0,4.8,34888.84
2020-10-31,62.4,31.1,48.6,0,0,5.8,34745.48
2020-11-01,64,36.8,49.9,0,0,5.2,34603.28
2020-11-02,64.4,39.9,52.9,0,0,3,34462.4
2020-11-03,65.2,38.4,53.6,0,0,5,34323
2020-11-04,67,43.1,55.2,0,0,5.5,34185.24
2020-11-05,68.7,40.2,55.2,0,0,4.2,34049.3
2020-11-06,67.9,39.1,55.9,0,0,18.4,8113.27
2020-11-07,69.9,47.7,61.1,0.047,4,25.9,32319.71
2020-11-08,49.1,34.7,42.4,0.11,7,20,31241.16
2020-11-09,43.2,31.5,36.2,0.071,6,14,30820.91
2020-11-10,40.6,24.7,31.9,0,0,8.5,33399.78
2020-11-11,47.1,21.7,33.1,0,0,9.4,33273.9
2020-11-12,45.3,26.2,34.7,0,0,8.9,33149.06
2020-11-13,49.8,21.5,36.6,0.02,2,14.3,33025.42
2020-11-14,48.3,32.6,40,0.028,5,17.4,32850.76
2020-11-15,50.2,23.3,35.7,0,0,8.6,32782.34
2020-11-16,52.7,26.9,38.8,0,0,7.1,32663.23
2020-11-17,53.9,30.8,41.3,0,0,7,32545.96
2020-11-18,68.7,32.9,52.8,0,0,17.5,31588.7
2020-11-19,62,42.4,53,0,0,11.6,32317.6
2020-11-20,54.2,33.9,45,0,0,8.3,30561.65
2020-11-21,54.8,36.3,45.1,0.02,3,11.5,32098.66
2020-11-22,49.8,25.6,39.9,0.02,1,12.1,30114.67
2020-11-23,52.4,28.1,41,0.012,2,9.7,30046.85
2020-11-24,45.7,31.6,39.3,0.173,5,7.4,27807.91
2020-11-25,48.7,25.2,35.2,0,0,7.2,31694.86
2020-11-26,43.5,26.2,34.7,0,0,11.8,30878.66
2020-11-27,42.6,21.4,33.3,0,0,11.9,31402.53
2020-11-28,40.2,20.4,32,0,0,3.8,31345.02
2020-11-29,44.6,18.3,32.3,0,0,7.3,31211.54
2020-11-30,41.6,22.8,31.9,0,0,8.2,31087.03
2020-12-01,42.1,23,32.2,0,0,10.3,30971.85
2020-12-02,39.1,24.9,31.1,0,0,20.7,30738.91
2020-12-03,37,16.1,26.1,0,0,6.5,30829.79
2020-12-04,40,17.1,27.9,0,0,5.6,30739.79
2020-12-05,42,22.9,32.3,0,0,5,30660.29
2020-12-06,42.6,23.3,32.3,0,0,4.5,30591.58
2020-12-07,42.2,21.2,33,0,0,3.6,30533.88
2020-12-08,41.6,24.6,33.1,0,0,3.9,30521.97
2020-12-09,42.1,22.7,32,0,0,6,30481.86
2020-12-10,37.7,20.9,30,0,0,5.9,6106.6
2020-12-11,41.4,24.1,31.3,0,0,11.2,30435.92
2020-12-12,31.3,22.9,27.4,0.087,7,8,3105.64
2020-12-13,31.9,15,23.5,0,0,8.5,29982.39
2020-12-14,28.2,21,24.4,0.071,12,7.3,551.29
2020-12-15,34.5,18.8,26.7,0,0,6.2,30476.12
2020-12-16,36.8,16.5,26.1,0,0,5.8,30454.36
2020-12-17,32.4,17.1,25.6,0.016,3,5.9,1985.71
2020-12-18,38.6,23.5,29.2,0.016,3,6,30038.74
2020-12-19,38.5,19.1,27.6,0,0,8.1,30416.05
2020-12-20,37.2,14.7,25.9,0,0,6.4,30412.37
2020-12-21,41.9,20.9,30.4,0,0,6.2,30412.98
2020-12-22,49,21.7,33.2,0,0,18.8,30417.84
2020-12-23,33.8,23,27.2,0,0,14.1,30426.89
2020-12-24,33,11.6,22.6,0,0,8.6,30440.08
2020-12-25,31.6,14,23.4,0,0,5.7,30457.39
2020-12-26,35.4,15.5,25.3,0,0,9.4,30478.73
2020-12-27,37,20.1,28.4,0,0,7.3,22327.01
2020-12-28,38.5,27.4,31.4,0.205,15,12.1,18000
2020-12-29,34.9,23.5,29,0.059,7,6.5,16993.27
2020-12-30,30.3,12.9,21.7,0,0,6.3,30603.51
2020-12-31,29.7,15.2,22.3,0,0,5.7,26433.38
2021-01-01,37.1,18.1,26.9,0,0,7,30688.67
2021-01-02,32.7,12.3,22.9,0,0,6.7,30736.73
2021-01-03,33.6,14.8,23.6,0,0,6.8,29524.53
2021-01-04,36.3,16.9,26.1,0,0,6.7,30843.44
2021-01-05,41.8,21,30,0,0,15,30901.96
2021-01-06,37.8,15.3,26.3,0,0,5.9,30963.84
2021-01-07,36.3,18.1,26.8,0,0,6.4,31028.99
2021-01-08,35.9,15.6,25.3,0,0,5.7,31098.02
2021-01-09,36.9,19.1,27.8,0.004,1,13.2,31171.31
2021-01-10,34.2,19.8,26.7,0,0,7.6,31248.65
2021-01-11,34,12.6,22.8,0,0,7.1,31329.88
2021-01-12,31.8,13.6,23.2,0,0,4.9,31414.8
2021-01-13,36.1,16,25.3,0,0,8.6,31503.26
2021-01-14,41,16.8,29.6,0,0,8.1,31595.06
2021-01-15,39.6,14.9,27.2,0,0,6.7,31690.04
2021-01-16,44.3,24,33,0,0,7.3,31788.02
2021-01-17,45.5,27.7,34.8,0,0,6.8,31888.84
2021-01-18,45,22.8,33.6,0,0,18.5,30663.82
2021-01-19,40.8,28.6,33.3,0.004,1,17,19401.53
2021-01-20,41.2,22.4,31.7,0,0,6.8,32206.6
2021-01-21,42.8,20.7,31.9,0,0,7.3,32317.08
2021-01-22,42.3,26.3,34.7,0.11,5,7.4,19490.62
2021-01-23,44.8,32.4,38.1,0.067,6,18.4,32400
2021-01-24,39.2,26.4,31.9,0.102,10,5.7,20812.4
2021-01-25,39,25.5,31.6,0.035,6,10.1,32271.17
2021-01-26,35.5,24.8,29.4,0.024,4,8,32438.86
2021-01-27,37.4,20.2,28.4,0,0,13.9,32407.28
2021-01-28,41.8,23.1,31.4,0,0,5.7,32204.38
2021-01-29,53.4,24.8,36.3,0.055,4,17.7,30714.8
2021-01-30,43.6,28.8,35.6,0.008,2,8.9,32677.53
2021-01-31,42.9,22.3,31.1,0,0,7,32885.7
2021-02-01,41.6,24.4,32.1,0,0,5.4,15158.55
2021-02-02,47.3,26.9,36.5,0,0,6.5,32650.02
2021-02-03,57.1,32.2,43,0.193,7,17.8,31529.14
2021-02-04,40.3,28,33.1,0,0,13.2,33517.57
2021-02-05,46,24.1,33.9,0,0,14.2,32834.47
2021-02-06,49.3,27.5,37,0,0,12.3,33893.16
2021-02-07,54.9,29.6,41.2,0,0,11.8,34100.4
2021-02-08,56.7,30.1,42.8,0,0,11.4,33612.82
2021-02-09,53.7,41.2,45.9,0,0,9.1,12078.1
2021-02-10,52,36.1,43.3,0.028,5,6.9,33831.81
2021-02-11,54.4,31.2,43.4,0,0,8,31650.49
2021-02-12,51.3,37.4,44.8,0.028,5,10.3,23953.98
2021-02-13,41.7,32.3,37.3,0.409,15,12.3,0
2021-02-14,35.2,19.9,25.3,0.138,10,18.6,30520.11
2021-02-15,36.7,16.1,26.1,0.012,1,7.8,28946.02
2021-02-16,42.1,25.5,32.5,0,0,14,35074.26
2021-02-17,36.6,25.2,30.4,0.051,7,9.9,33256.62
2021-02-18,36.2,20.2,27.5,0,0,6.7,36087.02
2021-02-19,45.3,22,33.3,0,0,5.5,35922.72
2021-02-20,47.4,23.7,34,0,0,13.5,27615.66
2021-02-21,42.8,25.5,33,0,0,11.9,36537.95
2021-02-22,46,24,34.3,0,0,7,36690.32
2021-02-23,50,23.5,36.5,0,0,7.4,34418.98
2021-02-24,49.6,24.4,36.2,0.016,4,16.2,36997.32
2021-02-25,41.7,26,33.3,0,0,14.9,37151.68
2021-02-26,51,23.5,37.9,0,0,13.2,37306.45
2021-02-27,38.9,24.1,32.9,0,0,14.7,35252.98
2021-02-28,37.8,17.8,28.8,0,0,12.6,37616.73
2021-03-01,45.2,20.6,33.8,0,0,6.9,37771.98
2021-03-02,51.8,21.3,37,0,0,6.5,37927.16
2021-03-03,60.1,28,43.2,0.004,1,10.6,38082.16
2021-03-04,51.2,37.5,45.2,0.024,4,12.7,38236.84
2021-03-05,60.4,29.9,45.9,0,0,7.5,38391.11
2021-03-06,64.3,30.7,48.9,0,0,19,38544.84
2021-03-07,68.9,35.9,53.2,0,0,10.8,38697.93
2021-03-08,68.7,45.4,57.4,0,0,20.2,29437.12
2021-03-09,62.4,44.4,52.8,0.024,3,18.4,32273.54
2021-03-10,51.1,35.5,44,0.004,1,15,39154.61
2021-03-11,47,34.5,41.2,0.02,4,15.3,21061.21
2021-03-12,51.9,32.1,41.1,0.075,10,14.5,36745.77
2021-03-13,42.6,33.9,37.2,0.236,23,6.8,8514.08
2021-03-14,47.7,33.9,39.6,0.055,8,17.7,18708.07
2021-03-15,55.7,29.5,41.6,0,0,12,35942.38
2021-03-16,50.1,35.4,42.2,0.114,7,11.6,37898.19
2021-03-17,53.1,30.1,41.6,0,0,10.3,39638.28
2021-03-18,58.8,29.1,45.5,0,0,4.9,39600
2021-03-19,69,34.5,50.8,0,0,11,39754.22
2021-03-20,68.2,44,54.6,0.008,1,25.4,36000
2021-03-21,53,35.2,43.5,0.008,1,13.3,39761.8
2021-03-22,53.3,28.4,42,0,0,10.8,40085.37
2021-03-23,49.7,36.6,42.9,0.039,9,22.2,30083.52
2021-03-24,53.3,36.6,43.9,0.016,3,22.9,39600
2021-03-25,53.1,35.8,43.5,0.02,4,18.1,28389.88
2021-03-26,51.4,34.8,43.1,0.083,11,11.5,39940.71
2021-03-27,54.4,30,43.6,0,0,9.6,40836.25
2021-03-28,67,33.6,50.9,0,0,12.5,41425.9
2021-03-29,71,43.6,56.4,0.031,2,22.7,41453.98
2021-03-30,48,29.7,40.2,0.012,2,16.7,41775.74
2021-03-31,53.9,26.4,40.6,0,0,9.1,41959.85
2021-04-01,65.4,32.5,49.1,0,0,10.9,42067.21
2021-04-02,74.1,41.5,60.1,0,0,6.8,42173.29
2021-04-03,78.1,41.8,63,0,0,8.5,42189.14
2021-04-04,80.7,46,65.1,0,0,10.5,40800.48
2021-04-05,80.4,52.7,67.9,0,0,20.8,41963.29
2021-04-06,57.7,40.7,49.6,0,0,22,42878.21
2021-04-07,64.3,34.2,50.7,0,0,8.5,42784.44
2021-04-08,72.8,41,58.3,0,0,17.9,43402.78
2021-04-09,62.5,39.7,53.1,0,0,16.9,43661.18
2021-04-10,71.3,34.9,55.9,0,0,8.8,43734.43
2021-04-11,70.4,45.5,59.1,0,0,13.8,43947.58
2021-04-12,66.4,38.1,54.5,0,0,16.5,43270.98
2021-04-13,62.6,40.6,51,0.028,4,16.2,14449.11
2021-04-14,70.5,42.6,56.3,0,0,24.5,43334.77
2021-04-15,52.5,40.6,46,0.154,11,11.7,31634.32
2021-04-16,54.3,36.4,44.5,0.012,2,15.9,44644.46
2021-04-17,55.9,31.3,44.6,0,0,17.2,44779.75
2021-04-18,62,31.2,48.4,0,0,13,44913.75
2021-04-19,71.1,38,54.5,0,0,26.1,38240.23
2021-04-20,54.4,31.6,44.1,0,0,19.1,45180.58
2021-04-21,63.9,41.1,52.4,0,0,14.6,33288.91
2021-04-22,65.5,41.2,54.7,0,0,12.2,45354.68
2021-04-23,68,42.5,56.5,0,0,14.6,45409.32
2021-04-24,75,41.3,61.5,0,0,22.4,39469.33
2021-04-25,77.6,54.4,67.3,0,0,24.9,43739.05
2021-04-26,68.9,54.3,62.2,0,0,24.9,19136.53
2021-04-27,55.1,44.7,49.7,0.126,15,12.1,27965.69
2021-04-28,69.3,39.6,55.2,0.024,2,19.4,44759.43
2021-04-29,76.2,45.3,62.1,0,0,11.9,45828.79
2021-04-30,82.9,56.4,70.2,0,0,6.6,45884.21
2021-05-01,87.8,58.4,73.5,0,0,17.6,38120.26
2021-05-02,74.5,55.3,65.1,0,0,15.2,33785.47
2021-05-03,64.2,49.6,55.8,0.039,6,18.2,41665.12
2021-05-04,71.4,42.8,58.9,0,0,12.4,46331.14
2021-05-05,74.1,50.3,64.2,0,0,10.8,46307.16
2021-05-06,83.8,49.7,68.9,0,0,7.3,46713.12
2021-05-07,85.7,55.6,73.4,0,0,22.5,46506.34
2021-05-08,72.7,55.1,64.2,0,0,19.9,46656.46
2021-05-09,65.3,42.5,56.3,0,0,12.7,47105.32
2021-05-10,64.3,47.8,55.7,0.043,4,11.4,35512.52
2021-05-11,65.6,43.5,56.1,0,0,11.9,47448.7
2021-05-12,74,44.4,61,0,0,11.9,47626.39
2021-05-13,84.1,48.2,68.9,0,0,15.3,47807.62
2021-05-14,87.2,58.5,74.5,0,0,13.2,47323.41
2021-05-15,85.2,60.1,73.6,0,0,17.5,46813.68
2021-05-16,83.9,59.8,72.9,0,0,15.2,48222.87
2021-05-17,78.4,60.3,70.3,0,0,9.6,45946.85
2021-05-18,84,56.2,70.6,0,0,14.8,46717.12
2021-05-19,86.2,54.5,72.9,0,0,12.5,46535.42
2021-05-20,84.5,62.9,75.9,0,0,24.3,48579.41
2021-05-21,74.1,61.6,66.9,0.118,7,28.2,35685.73
2021-05-22,70.5,45.8,60.4,0.004,1,21.2,39923.65
2021-05-23,68.3,47.2,58.5,0,0,16.2,48693.85
2021-05-24,70.8,43.8,58.9,0,0,8.8,48728.64
2021-05-25,78.7,49.5,66.9,0,0,9.2,48761.68
2021-05-26,82,61.4,72.4,0,0,19.1,30552.04
2021-05-27,83.4,55.1,71.3,0,0,7.8,48822.38
2021-05-28,89.3,56,75.1,0,0,13,48852.66
2021-05-29,87.7,58.9,76.4,0,0,18.5,46032.37
2021-05-30,84.9,63.9,75.2,0,0,20.3,48244.45
2021-05-31,83.3,59.2,73.9,0,0,14.8,48921.39
2021-06-01,86.2,55.9,74,0,0,9,48941.52
2021-06-02,89.9,60.6,78.6,0,0,6.8,48984.24
2021-06-03,93.5,63.6,81.3,0,0,7.9,48976.42
2021-06-04,96.1,69,84.6,0,0,10.2,49030.87
2021-06-05,97.3,71.4,86.6,0,0,16.5,49004.36
2021-06-06,96.4,68,84.8,0,0,14.5,49116.88
2021-06-07,93.5,72,83.4,0,0,15.7,49025.55
2021-06-08,89,67.3,79.3,0,0,18.8,49274.21
2021-06-09,92.5,61.8,79.9,0,0,16.1,46832.09
2021-06-10,89.7,66.9,79.2,0,0,23.4,49293.59
2021-06-11,85.7,54.1,72.3,0,0,12.8,49375.68
2021-06-12,96.3,56.6,80.3,0,0,9.1,49459.32
2021-06-13,101,63.8,84.4,0,0,13.9,49307.87
2021-06-14,101.4,70.9,87.1,0,0,9.4,49469.44
2021-06-15,103.2,72.5,89.3,0,0,8.5,49226.69
2021-06-16,103.2,73.3,90.6,0,0,10.5,49223.15
2021-06-17,103.6,74.6,93,0,0,11.7,49038.18
2021-06-18,100,77.6,90.2,0,0,12,45633.75
2021-06-19,97.6,76,88.3,0.004,1,21,48072.21
2021-06-20,100.4,70.3,87.3,0,0,18.4,49450.35
2021-06-21,97.9,71.3,85.5,0,0,13.4,49352.16
2021-06-22,98.9,72.3,87.9,0,0,15.2,49514.69
2021-06-23,89.5,73.2,81.3,0,0,17.8,24157.34
2021-06-24,86.5,67.9,77.2,0.004,1,13.2,47552.51
2021-06-25,84.6,62,73.8,0,0,15.3,48929
2021-06-26,86.1,62.4,75.3,0,0,20.5,45308.09
2021-06-27,88.4,65.1,76.1,0,0,22,49334.34
2021-06-28,88.4,64.6,77.1,0,0,14.7,48731.87
2021-06-29,82.1,69.6,76.1,0,0,14.5,48230.76
2021-06-30,88.2,66.4,78,0,0,10.8,49079.94
2021-07-01,91.6,69.8,81.6,0,0,6.5,48799.09
2021-07-02,96.9,71.2,84.8,0,0,12.2,49113.3
2021-07-03,97.5,71.9,86.8,0,0,9,49171.98
2021-07-04,100.7,74.5,90.4,0,0,12.3,48811.88
2021-07-05,99.2,75,88.6,0,0,17.8,48238.03
2021-07-06,97.5,75.1,88.1,0,0,12.9,49073.97
2021-07-07,98.9,71.5,87.7,0,0,10.1,49039.07
2021-07-08,103.7,78.3,92.3,0,0,14.2,48665.64
2021-07-09,106.1,76.2,93.5,0,0,12.3,48327.69
2021-07-10,101.4,75.9,91.4,0,0,13.9,48841.91
2021-07-11,102.2,71.7,89.6,0,0,13.4,48721.23
2021-07-12,101.6,73.2,89.7,0,0,11.9,48759.11
2021-07-13,96.8,81.6,88.7,0.004,1,15.2,40731.12
2021-07-14,85.5,70.5,78.7,0.031,2,16.6,39600
2021-07-15,92.7,64.3,81,0,0,8.1,47955.49
2021-07-16,94.2,72.2,84.8,0,0,14.6,47780.38
2021-07-17,97,74.3,86.9,0,0,11.8,47444.99
2021-07-18,98.8,74.7,89.2,0,0,8.9,47379.62
2021-07-19,96.4,78.6,88.5,0,0,16.2,44751.53
2021-07-20,97.3,75.8,86.8,0.008,1,17.4,46748.09
2021-07-21,97,74.5,86.2,0,0,13.6,43557.69
2021-07-22,96.4,75,85.9,0.016,1,16.2,39600
2021-07-23,93.7,73.5,85.3,0,0,15.2,46617.43
2021-07-24,93.9,75,84.2,0,0,17.5,46183.62
2021-07-25,92.7,73.7,83.6,0,0,10.7,46800
2021-07-26,90,70.5,82.5,0.012,2,12.6,41995.91
2021-07-27,92.1,72.3,83,0,0,13.3,46972.51
2021-07-28,91,72,81.5,0.031,3,16.3,40888.56
2021-07-29,94.4,72.1,83.2,0,0,16.5,39694.57
2021-07-30,86.7,65.1,79.1,0.004,1,5.8,46895.96
2021-07-31,90.8,70,81.3,0,0,10.1,45311.74
2021-08-01,87.2,68.4,78.9,0.016,1,8.4,43897.1
2021-08-02,87.6,66.9,78.2,0.012,3,7.3,46800
2021-08-03,91.4,66.2,79.8,0,0,8.9,46790.89
2021-08-04,93.9,70.3,83.4,0,0,11.9,46786.24
2021-08-05,97.2,67.7,84.2,0,0,10.3,46720.52
2021-08-06,98.4,72.8,87.4,0,0,19.4,46605.59
2021-08-07,89.3,65.7,78.9,0,0,15.6,46539.87
2021-08-08,95.8,63.7,82.2,0,0,9.3,46433.69
2021-08-09,96.7,69.7,85.1,0,0,10,46368.59
2021-08-10,96.4,70.3,84.8,0,0,11.7,46296.44
2021-08-11,95.8,70.5,84.2,0,0,11.6,46226.66
2021-08-12,96.9,67.7,83.6,0,0,10.5,46155.98
2021-08-13,99.3,70.7,85.8,0,0,6.8,46084.45
2021-08-14,97.5,73,87.4,0,0,13.5,46012.13
2021-08-15,98.1,74.9,87.7,0,0,11.1,45939.07
2021-08-16,93.1,72.5,84.1,0,0,12.2,45842.68
2021-08-17,96.7,71.3,85.4,0,0,14.8,40695.61
2021-08-18,85,68.8,78.3,0.035,5,23.5,35877.41
2021-08-19,71.4,60.3,65.1,0.874,16,20.6,27271.34
2021-08-20,74.1,52.5,62.7,0,0,6.8,45328.77
2021-08-21,83.1,55.2,67.9,0,0,15.3,45196.78
2021-08-22,86.7,62.2,74.1,0,0,12.8,45063.57
2021-08-23,90.3,60.2,77,0,0,18.3,44929.27
2021-08-24,90.7,64.3,78.2,0,0,15,44793.95
2021-08-25,94.4,59.7,78.9,0,0,11.7,44657.72
2021-08-26,93.6,68.1,81.3,0,0,12,44226.63
2021-08-27,95.4,63.3,80.8,0,0,9.3,44382.93
2021-08-28,94.8,69.3,83.4,0,0,7.7,44244.55
2021-08-29,94.4,63.4,82.5,0,0,9.3,44105.62
2021-08-30,94.6,63.1,81.7,0,0,9.3,43966.25
2021-08-31,93.3,67.8,82.2,0,0,12.8,42416.99
2021-09-01,80.3,63,67.8,0.76,21,10.5,7200
2021-09-02,76.4,61.7,67.8,0.154,8,4.3,33744.68
2021-09-03,81.2,59.2,70,0.008,2,5.4,42964.02
2021-09-04,83.1,56.6,70.4,0,0,6.7,42972.5
2021-09-05,83.6,53.9,69.7,0,0,5.9,42725.2
2021-09-06,87.6,52.5,73,0,0,3.9,42570.71
2021-09-07,91.3,58.7,75.2,0,0,8.8,42423.95
2021-09-08,93,56.1,78.3,0,0,3.8,42285.66
2021-09-09,94.8,60.3,80,0,0,5,42101.29
2021-09-10,96.7,60.6,80.9,0,0,12,41989.91
2021-09-11,92.6,64.6,79.8,0,0,16.6,40578.53
2021-09-12,89.7,60.6,76.4,0,0,8.1,41803.87
2021-09-13,92.5,66,80.2,0,0,8.8,41748.17
2021-09-14,89.9,65.6,77.8,0,0,11.5,41695.98
2021-09-15,89.8,60.4,75.8,0,0,7.1,41643.61
2021-09-16,89.2,61.5,76.8,0,0,17.2,41518.79
2021-09-17,88.7,60.5,75.1,0,0,8.6,41369.34
2021-09-18,87.3,61.3,71.8,0.161,5,20.1,30685.35
2021-09-19,83.3,58,71.3,0,0,21.9,41070.14
2021-09-20,70.3,53.4,62.5,0,0,16,40920.56
2021-09-21,71.8,50.9,61.8,0,0,15.8,40771.12
2021-09-22,78.8,44.4,64.4,0,0,5.6,40621.9
2021-09-23,81.2,51.1,67.7,0,0,7.6,40472.99
2021-09-24,82.8,55.9,69.2,0,0,8.6,40324.49
2021-09-25,85.2,51.9,71.5,0,0,6.8,40175.68
2021-09-26,82.9,57.5,71.9,0,0,8.8,34958.96
2021-09-27,82.7,61.3,72.6,0,0,15.3,38915.98
2021-09-28,77.5,61,67.7,0.087,5,14.2,36741.98
2021-09-29,65.1,51.3,57.8,0.122,5,14.1,36622.92
2021-09-30,61.6,46.4,54.9,0,0,5.2,20533
2021-10-01,68.5,50.6,59,0,0,5.4,38343.23
2021-10-02,72.3,46.8,61.1,0,0,6.3,38695.33
2021-10-03,74.3,47,61.8,0,0,4.9,38582.61
2021-10-04,77,47.6,63.4,0,0,6.6,38385.57
2021-10-05,68.7,50.5,59.4,0.02,4,11.7,32296.99
2021-10-06,69.2,51.6,59.3,0.185,9,9,37617.21
2021-10-07,70.2,47,59.8,0,0,5.3,34119.37
2021-10-08,61.5,49,56.4,0.409,11,12,3174.78
2021-10-09,59.8,44.4,53,0.043,5,11.3,37487.39
2021-10-10,59.3,39.1,49.1,0,0,6.9,37375.27
2021-10-11,65.4,38.3,52.6,0.004,1,20.9,36676.29
2021-10-12,49.1,40.8,44.9,0.201,12,18.7,32400
2021-10-13,51.6,36.3,43.6,0,0,7.2,36330.77
2021-10-14,52.3,34.8,43.1,0.012,1,14.5,36243.46
2021-10-15,50,29.8,39.7,0,0,8.9,36379.79
2021-10-16,55.2,32.2,44.4,0,0,6.2,36230.21
2021-10-17,63,35.6,49.3,0,0,6.5,36000
2021-10-18,68.2,43.8,54.1,0.213,6,19.7,33048.98
2021-10-19,51.7,38,45.1,0,0,11.3,33690.31
2021-10-20,56,31.1,43.4,0,0,6.3,36000
2021-10-21,59,34.3,46.3,0,0,5.1,34376.95
2021-10-22,63,35.2,50.4,0,0,3.9,35886.04
2021-10-23,63.9,37.5,51.6,0.114,5,15,16414.12
2021-10-24,67.3,37.8,52.7,0,0,12.8,35753.23
2021-10-25,76.5,50.6,63.7,0,0,21.4,35645.7
2021-10-26,64,39.8,48.8,0.614,9,22,15571.85
2021-10-27,54.5,32.9,43.6,0,0,11.5,35351.37
2021-10-28,57.9,32.7,44.8,0,0,7.4,35205.69
2021-10-29,58,37.6,48.5,0,0,4,35061.2
2021-10-30,60.8,35.1,49,0,0,3.7,34918.04
2021-10-31,62,38.6,50,0,0,5.5,26363.16
2021-11-01,65.1,39.2,52.8,0,0,4.2,34636.35
2021-11-02,64.9,46.2,54.6,0,0,12,34498.15
2021-11-03,60,37.2,48.3,0,0,6.8,34361.95
2021-11-04,59.6,35.1,48,0,0,4.5,34227.16
2021-11-05,63,33.4,48.8,0,0,5.1,34092.8
2021-11-06,68,33.1,51.5,0,0,8.6,33958.96
2021-11-07,72.2,44.1,56.8,0,0,15.4,33825.79
2021-11-08,64.5,44.7,54.1,0,0,10.1,19188.21
2021-11-09,61.5,37.7,47.3,0.087,4,12.8,8971.08
2021-11-10,55.9,36,45.7,0.004,1,13.7,33431.76
2021-11-11,56.1,31.8,44.4,0,0,6.5,33302.76
2021-11-12,57.9,30.8,45.9,0,0,6.8,33175.21
2021-11-13,59.8,30.9,45.8,0,0,7.1,33049.28
2021-11-14,59.6,29.3,44.9,0,0,5.5,32925.13
2021-11-15,60,33.2,46.9,0,0,5.9,32802.93
2021-11-16,61.2,39.1,49.1,0,0,6.5,23914.65
2021-11-17,51.6,33,42.1,0,0,10.1,32565.13
2021-11-18,48,25.1,36.4,0,0,6.3,30996.07
2021-11-19,55.7,33.9,44.2,0,0,6.9,30557.11
2021-11-20,53.2,30.1,43.2,0.051,2,10.9,31380.63
2021-11-21,51.3,32.3,40.9,0,0,10.4,32121.11
2021-11-22,46.1,28.7,36.9,0,0,5.5,32017.8
2021-11-23,44.2,23.8,34.3,0,0,7.9,15115.94
2021-11-24,47,29.5,36.1,0,0,14,31821.38
2021-11-25,43.1,25.4,33.6,0,0,10.4,31726.99
2021-11-26,43.1,24.5,33.4,0,0,3.8,31481.11
2021-11-27,46.6,23.6,35.9,0,0,4.8,30258.71
2021-11-28,50.5,30.4,39.5,0,0,5.8,31117.8
2021-11-29,50.2,29.4,39.4,0,0,6.5,31073.18
2021-11-30,50.8,26.9,39.2,0,0,6.3,30955.16
2021-12-01,51.8,29.4,39.8,0,0,5.6,30846.77
2021-12-02,52,35.8,43.2,0,0,4.5,30748.28
2021-12-03,51.5,27.8,41.4,0,0,3.8,30660.02
2021-12-04,51.2,28.9,40.4,0,0,7.3,30582.3
2021-12-05,54,27,39.5,0,0,8,30565.47
2021-12-06,48.9,30.6,39.1,0.024,3,7.2,23424.14
2021-12-07,47.8,32.8,39.8,0.083,6,5.2,26947.29
2021-12-08,43.5,28,34.9,0.024,4,7.6,3600
2021-12-09,45.1,36.3,41.8,0.169,16,16.6,0
2021-12-10,40.4,22.1,30.9,0.051,2,18.9,30415.61
2021-12-11,32.2,15.8,24,0,0,6.6,30449.59
2021-12-12,36.7,15.6,25,0,0,6.9,30436.32
2021-12-13,41.5,17.7,28,0,0,6.8,29592.65
2021-12-14,52.8,28.5,42.9,0,0,26.9,19954.54
2021-12-15,47.2,26.9,35.4,0.059,4,24.7,30467.66
2021-12-16,39.2,21.3,29.4,0,0,7.6,29198
2021-12-17,37.1,22,28.6,0,0,12.2,30445.35
2021-12-18,35.1,17.4,25.5,0,0,6.8,30432.51
2021-12-19,34.5,16.2,24.7,0,0,6.1,30423.7
2021-12-20,35.7,17.3,25.9,0,0,6.2,30418.92
2021-12-21,38.1,17.9,27.1,0,0,6.3,30418.15
2021-12-22,38.2,16.6,27.2,0,0,6.7,30421.38
2021-12-23,45.2,25.5,33.6,0.114,4,13.2,5817.23
2021-12-24,47.5,39.7,44,0.102,9,18.6,9374.27
2021-12-25,48.9,36.5,41.4,0,0,16.6,30455.01
2021-12-26,44.2,28.7,38.4,0.051,8,25.7,28476.4
2021-12-27,42.8,26.6,35.3,0,0,19.5,26787.08
2021-12-28,38.7,28.4,32.6,0.055,5,13.2,14877.99
2021-12-29,37.5,27.5,31.8,0.087,8,17.3,23125.57
2021-12-30,42,32.2,37,0.012,2,20.9,22031.8
2021-12-31,39.4,26.6,35.4,0.323,10,19.5,0
2022-01-01,26.1,16.2,22.5,0.028,5,11.1,30670.3
2022-01-02,24.2,10.2,16.9,0,0,6.3,30716.3
2022-01-03,24.9,8.8,16.6,0,0,6.6,30766.6
2022-01-04,34.4,14.1,22.9,0,0,8.2,30821.37
2022-01-05,45.6,14.1,29.3,0,0,7.9,30880.44
2022-01-06,50.4,28.6,36.2,0,0,7,30943.63
2022-01-07,47.2,24.2,36,0,0,7.1,31010.82
2022-01-08,44.5,27.5,37.6,0.051,4,11,17058.71
2022-01-09,39.4,22.2,29.6,0,0,6.6,31156.51
2022-01-10,36.1,21.5,28,0,0,3.7,31234.72
2022-01-11,36.7,18,26.9,0,0,5.9,31316.29
2022-01-12,39.4,21.6,30.5,0,0,4.9,31401.08
2022-01-13,40.7,20.1,31.3,0,0,7.8,30694.01
2022-01-14,45.6,23,33.7,0,0,16.2,31579.7
2022-01-15,41,25.6,32.5,0,0,9.3,31673.22
2022-01-16,40.1,18.7,28.7,0,0,6.6,31769.37
2022-01-17,39.4,20.5,30.1,0,0,4.8,28607.97
2022-01-18,41.7,22.5,32.4,0,0,4.8,30655.33
2022-01-19,42.3,24.9,32.6,0,0,8.3,32072.06
2022-01-20,39.6,22.8,31,0,0,6.8,32177.24
2022-01-21,37.4,25.3,31.1,0.043,7,12,14341.52
2022-01-22,43.8,27.4,33.6,0,0,8,32381.43
2022-01-23,41.1,24.5,31.8,0,0,5,32400
2022-01-24,42.6,19.9,31.1,0,0,5.5,32400
2022-01-25,38.7,23.7,30.8,0,0,21.6,32400
2022-01-26,36.3,19.5,27,0,0,4.8,32444.19
2022-01-27,36.8,17.2,26.6,0,0,19.8,28848.36
2022-01-28,36.8,15.1,25.6,0,0,5.9,32566.16
2022-01-29,36.7,19.6,27.6,0,0,5.3,32633.41
2022-01-30,39.3,20.2,28.9,0,0,4.5,32746.63
2022-01-31,42.7,15.9,29.9,0,0,8.1,32773.27
2022-02-01,38.1,22.4,29.2,0,0,12.7,32774.29
2022-02-02,30.9,15.9,23.1,0,0,18,32546.74
2022-02-03,29.1,13.1,21.2,0,0,10.6,33180.91
2022-02-04,34.6,13.5,24.2,0,0,9.5,33300.75
2022-02-05,37.3,12.7,25.2,0,0,6.7,33492.14
2022-02-06,42.3,17,29.4,0,0,13.8,33626.24
2022-02-07,43.7,20.6,31.5,0,0,6.8,33936.24
2022-02-08,45.4,19.2,32.6,0,0,8.1,34164.26
2022-02-09,48.4,25.6,36.8,0,0,8.9,32457.78
2022-02-10,49.8,27,37.8,0,0,9.5,34337.27
2022-02-11,53.5,24,38.9,0,0,25.8,34797.58
2022-02-12,44.2,26.8,34.8,0,0,14.2,34896.67
2022-02-13,49,20.6,35.1,0,0,6.1,35295.17
2022-02-14,50.9,25.1,37.2,0,0,6.6,34354.44
2022-02-15,57.8,28.9,43.4,0,0,19.2,26324.98
2022-02-16,46.3,31.7,37.9,0.063,5,18.7,30056.57
2022-02-17,40,24.8,32.5,0,0,13.4,35898.31
2022-02-18,46.2,22.2,34.9,0,0,6.6,36049.03
2022-02-19,51.9,27,37.1,0,0,5.8,36200.62
2022-02-20,58.7,24.3,41.5,0,0,16.1,36352.97
2022-02-21,53.1,33.8,44.8,0.047,3,18.7,14032.8
2022-02-22,40,25.3,32.8,0.346,13,12.9,22320.72
2022-02-23,31.8,14.7,23.9,0.232,8,9.1,18221.52
2022-02-24,29.3,8.3,19.4,0,0,7.5,36967.05
2022-02-25,32.5,10.2,20.2,0,0,7.6,37121.09
2022-02-26,31.7,6.9,21,0,0,7.7,37275.1
2022-02-27,39.9,17.3,28,0,0,4.3,37428.94
2022-02-28,48.3,23.7,35.5,0,0,7.3,37582.49
2022-03-01,56.9,25.8,39.3,0,0,6.7,37735.64
2022-03-02,61.4,30.2,44.8,0,0,4.8,37888.28
2022-03-03,63.3,34.7,48,0,0,7.7,36719.47
2022-03-04,61.6,36.3,48.5,0.039,3,19.7,31004.73
2022-03-05,50.6,35.4,42.5,0.15,7,18,35362.86
2022-03-06,46.4,29.2,36.9,0.031,6,14.5,35108.81
2022-03-07,36.5,25.4,30.4,0.039,6,10.1,38651.38
2022-03-08,41.6,20.6,30.8,0,0,8.1,38805.74
2022-03-09,48.8,26.1,37.8,0.055,4,16.4,36849.03
2022-03-10,35.5,22.1,29.6,0,0,21.1,31648.09
2022-03-11,40.1,17.5,29,0,0,8.8,39270.95
2022-03-12,49.9,22,35.9,0,0,5.9,39416.38
2022-03-13,56.8,26.6,41.7,0.008,1,17.7,28780.15
2022-03-14,52.7,29.4,42.7,0,0,9.2,39537.55
2022-03-15,63.4,29.1,46.6,0,0,8.6,39597.66
2022-03-16,50,40.6,45.5,0.028,5,7,816.74
2022-03-17,50.9,34.3,41.9,0.016,2,16.4,36761.2
2022-03-18,55.9,29.4,42.9,0,0,8.7,39600
2022-03-19,63.9,29.3,48.4,0,0,16,36000
2022-03-20,62.7,40.1,52.9,0.035,3,20.3,3213.72
2022-03-21,52.5,38.3,43.6,0,0,22.3,38967.14
2022-03-22,51.2,31.9,41,0,0,19.8,39841.35
2022-03-23,57.9,26.4,43.5,0,0,7.8,40138.33
2022-03-24,68.3,33,51,0,0,7.4,40334.21
2022-03-25,75.9,40.3,58.4,0,0,7.2,40165.24
2022-03-26,80.6,44.3,63.9,0,0,10.7,40023.87
2022-03-27,80.4,48.2,65.4,0,0,17.9,40699.78
2022-03-28,70,49.5,60.1,0.059,4,19.9,17643.23
2022-03-29,56.7,43.5,49.9,0.173,8,10.4,36000
2022-03-30,59.1,41.7,48.8,0.087,12,7.9,41331.39
2022-03-31,61.2,36.8,47.6,0.075,3,11.6,39917.17
2022-04-01,58.7,36.8,48,0,0,10,41962.3
2022-04-02,70.8,34.5,53.5,0,0,12.8,41567.44
2022-04-03,63.2,45.7,54.9,0.004,1,14.8,33835.25
2022-04-04,70.6,39.9,56.9,0,0,19.5,41751.61
2022-04-05,62.6,42.6,55.1,0,0,20.5,42559.57
2022-04-06,53.4,29.3,42.9,0,0,12.4,42858.01
2022-04-07,61.5,31.9,48.2,0,0,9.8,42965.81
2022-04-08,69.3,34.3,55,0,0,7.2,43174.39
2022-04-09,78.3,40.8,61.6,0.008,2,18.5,33162.79
2022-04-10,51.7,36.4,46,0,0,14.9,33481.42
2022-04-11,69.9,30.3,54.3,0,0,28.5,42489.82
2022-04-12,54.2,32.8,40,0.169,7,23.6,33859.19
2022-04-13,49.7,26.4,37.9,0,0,18.2,44190.54
2022-04-14,61.6,25,45.9,0,0,13.4,42953
2022-04-15,71.3,47,59.7,0,0,16.2,43994.59
2022-04-16,72.4,48.7,59.3,0,0,25.5,32849.28
2022-04-17,72.2,40.7,58.9,0,0,18.3,44741.38
2022-04-18,80.1,42.7,63.1,0,0,15.4,44878.07
2022-04-19,82.6,55.2,69,0,0,26.2,43035.14
2022-04-20,72.7,46.8,61.4,0,0,12.3,44067.89
2022-04-21,80.9,53.4,68.9,0,0,23.1,45284.14
2022-04-22,67.9,45.2,58.4,0.094,7,23.2,27343.51
2022-04-23,57.6,40.4,48.6,0,0,15.1,41352.52
2022-04-24,57.8,36.5,47.9,0.004,1,10.5,44889.39
2022-04-25,61.8,36.2,51.2,0,0,6.5,45507.07
2022-04-26,76.8,38.3,60.6,0,0,16.1,44593.13
2022-04-27,79.4,55,68.6,0,0,19.1,43874.8
2022-04-28,77.3,51.6,67.2,0,0,21,45669.18
2022-04-29,62.9,48,55.5,0,0,18,45759.89
2022-04-30,67.5,37.8,54.8,0,0,8.4,45307.61
2022-05-01,77.6,48,61.1,0,0,24.8,34530.23
2022-05-02,72.7,43.5,59.5,0,0,17.4,45634.12
2022-05-03,62.6,45.9,57.1,0.071,4,21.3,36293.87
2022-05-04,62,37.2,50.2,0,0,8.6,45643.19
2022-05-05,73.6,44.6,60.3,0,0,8.8,45194.59
2022-05-06,86,55,73.9,0,0,15.9,45905.99
2022-05-07,85,64.3,75.3,0,0,23.1,40033.68
2022-05-08,78.2,53,67.8,0,0,27.9,46737.26
2022-05-09,69.7,47.6,58.5,0,0,27.1,46896.59
2022-05-10,78.6,49.7,66.2,0,0,22.7,43802.41
2022-05-11,82.3,54.8,69.6,0,0,29,46355.89
2022-05-12,66,44.6,57.1,0,0,19.4,47190.36
2022-05-13,73.2,44.3,61,0,0,7.4,47577.86
2022-05-14,83.9,49.4,68.8,0,0,8.1,47535.59
2022-05-15,88.1,54.8,73.9,0,0,11.2,47826.55
2022-05-16,90.5,62.3,77.4,0,0,15.9,42480.56
2022-05-17,88.2,60.2,76.1,0,0,20.7,46099.22
2022-05-18,84.9,58.8,74,0,0,11,48022.52
2022-05-19,91.5,59,77.3,0,0,25,47718.42
2022-05-20,66.1,49.2,54.2,0,0,19.5,36103.95
2022-05-21,65.7,39.9,54.2,0,0,17.2,48611.8
2022-05-22,78.3,45.5,62.7,0,0,13,47019.56
2022-05-23,67.3,50.7,60,0,0,10.8,46495.36
2022-05-24,73.3,48.9,62.7,0,0,21.1,48720.16
2022-05-25,77.3,48.2,65.3,0,0,8.6,48752.73
2022-05-26,89.8,55,75.3,0,0,12.9,48783.57
2022-05-27,91.4,65.9,81.1,0,0,16.7,48475.14
2022-05-28,85.8,66,75.6,0.016,2,23.2,30526.17
2022-05-29,66.7,51.8,60.7,0.165,8,17,41923.81
2022-05-30,65.8,43.8,55.5,0.008,1,11.8,48889.8
2022-05-31,69.9,42.3,58.7,0,0,15,48912.15
2022-06-01,78.3,48.9,66,0,0,14.1,48932.82
2022-06-02,85,54.9,72.1,0,0,11.9,48993.62
2022-06-03,89.4,59.3,76,0,0,16.3,44728.23
2022-06-04,89.3,62.9,77.8,0,0,17.1,43095.36
2022-06-05,89.8,66.7,79.1,0,0,15.6,48393.38
2022-06-06,89.1,63.9,78.2,0,0,12.9,48717.96
2022-06-07,89.9,63.2,78.6,0,0,13.2,49057.12
2022-06-08,92.9,65.3,81,0,0,10.6,49031.82
2022-06-09,97.5,71.2,86.7,0,0,15.3,49039.57
2022-06-10,100.4,73.2,88.5,0,0,9,49220.23
2022-06-11,101.2,72.8,89.6,0,0,12.8,49050.36
2022-06-12,97.5,76.3,88.4,0,0,22.5,49306.89
2022-06-13,92.7,69.5,81.9,0,0,27.1,49232.2
2022-06-14,77.2,57.4,67.4,0,0,18.7,49311.5
2022-06-15,84.9,52.7,71.5,0,0,10,49391.48
2022-06-16,98.6,59.2,80.6,0,0,12.8,49389.64
2022-06-17,97.9,72.6,88.4,0,0,24.9,48841.62
2022-06-18,94.3,71.6,80.5,0.055,2,29.5,42834.91
2022-06-19,86.4,66,74.9,0.02,2,25.2,49371.58
2022-06-20,78.6,52.9,67.4,0,0,11.8,49361.68
2022-06-21,89.5,57,74.9,0,0,11.8,49349.95
2022-06-22,85,66.7,76,0.004,1,16.2,27470.49
2022-06-23,85.4,63.3,74.4,0.055,1,15.6,49140.6
2022-06-24,88.3,59.5,76.6,0,0,15.7,49126.11
2022-06-25,92.1,61.6,79.4,0,0,20.6,48927.82
2022-06-26,85.2,72.1,77.9,0.055,2,17.8,45447.32
2022-06-27,90.2,61.3,77.1,0,0,13.9,49245.89
2022-06-28,95.3,68.6,83.3,0,0,13.9,48864.38
2022-06-29,96.1,70.6,84.9,0.024,2,16.3,46533.41
2022-06-30,91.3,71,81.2,0.004,1,15.8,41125.94
2022-07-01,93.1,66.8,80.6,0,0,21,47951.97
2022-07-02,93.9,68.9,82.8,0.012,1,13.5,48659.12
2022-07-03,94.1,73.4,82.9,0.028,2,25.5,48959.35
2022-07-04,96.3,71.6,84,0,0,22.1,48685.23
2022-07-05,92.3,74.4,83.1,0.024,3,15.4,41121.21
2022-07-06,94.2,67.2,81.7,0,0,15,48489.27
2022-07-07,96.7,67.6,83,0,0,12.9,48607.9
2022-07-08,99.2,68.1,86,0,0,11.2,48925.89
2022-07-09,103.8,72.4,90.3,0,0,13.2,48249.01
2022-07-10,100.7,79.5,89.6,0.039,1,15.2,48153.63
2022-07-11,99.1,71.1,87.4,0,0,9.7,48184.27
2022-07-12,98.4,75,88.7,0,0,17.9,47641.12
2022-07-13,98.3,76.6,88.6,0,0,17.9,46292.4
2022-07-14,99.1,74.3,89.3,0,0,16.2,43902.96
2022-07-15,91.8,72.1,81.5,0.055,3,12.2,36396.57
2022-07-16,96.4,68.6,84.1,0,0,12,47639.25
2022-07-17,102.4,73.2,89.2,0,0,14,47710.32
2022-07-18,101.1,78.6,90.3,0,0,18.4,46832.86
2022-07-19,99.7,73.3,88.5,0,0,14.6,47478.39
2022-07-20,99,74.2,88.2,0,0,14.1,47405.28
2022-07-21,100,73.3,88.7,0,0,13.3,47460.49
2022-07-22,103.1,74.7,90.7,0,0,14.9,47353.95
2022-07-23,102.5,84.7,92.7,0,0,16,46800
2022-07-24,92.5,79.6,84,0.083,3,20.6,35492.74
2022-07-25,93.2,70.8,83.8,0,0,12.1,46544.75
2022-07-26,93.3,75.9,82.9,0.165,3,18.2,43286.55
2022-07-27,90.4,71.3,81.4,0.02,1,14.8,43200
2022-07-28,82.3,72.1,76.6,0.043,4,11.6,22416.03
2022-07-29,83,64.4,75,0,0,9.7,46894.19
2022-07-30,83.3,66.6,75.1,0.02,1,9,46800
2022-07-31,88.9,65.2,78,0,0,8.6,46826.41
2022-08-01,94.1,71.2,82.8,0,0,12.6,46830.23
2022-08-02,95.5,68.1,83.1,0,0,15,46800
2022-08-03,95.7,70.6,84.8,0,0,9.2,46767.29
2022-08-04,99.9,72.8,87.7,0,0,14.6,46706.54
2022-08-05,95.4,77.5,86.7,0,0,14.9,46644.61
2022-08-06,95.7,74.6,85.7,0,0,15.8,46581.55
2022-08-07,94,69.6,82.9,0,0,12.7,46517.4
2022-08-08,96.2,73.6,85.4,0,0,13.2,46452.22
2022-08-09,97.5,71.3,86.4,0,0,12.5,46386.04
2022-08-10,96.2,76.2,87.2,0,0,15.6,46318.92
2022-08-11,95.6,74.4,85.4,0,0,15.1,44932.38
2022-08-12,93.4,70.1,84,0,0,9.6,46180.15
2022-08-13,94.5,71.5,84.2,0,0,12.9,46108.31
2022-08-14,92.1,71.8,81.8,0.154,4,14.1,44450.42
2022-08-15,88.3,68.6,77.2,0.031,3,15.2,39767.82
2022-08-16,86.6,67.6,76.1,0.016,2,9.6,42130.73
2022-08-17,91,65.8,79.3,0,0,11.2,45746.39
2022-08-18,93.4,67.4,82,0,0,9.7,43089.06
2022-08-19,80.6,68.5,74.6,0,0,16.9,11566.52
2022-08-20,85.9,63.9,73.6,0.063,3,10.8,39387.45
2022-08-21,84.8,61.3,74.6,0,0,11.9,45222.9
2022-08-22,90.3,63.5,78.4,0,0,11.5,45089.62
2022-08-23,92.4,64,81.3,0,0,8.1,44955.57
2022-08-24,94.8,67.8,83.5,0,0,16.1,43208.07
2022-08-25,84.9,73.5,80.2,0.075,2,14.3,42454.48
2022-08-26,84.7,68,75.3,0.039,3,8.3,43368.91
2022-08-27,86.6,59.2,73.4,0,0,9.2,43558.5
2022-08-28,90.8,62.1,78,0.008,1,16.5,44203.07
2022-08-29,92.6,60,77.9,0,0,8.3,44140.4
2022-08-30,95.4,67.3,83,0,0,5.5,44003.57
2022-08-31,97.3,67.3,83.5,0,0,7.8,43829
2022-09-01,96.3,64.4,83.3,0,0,6.5,43532.67
2022-09-02,98.7,65.5,85.2,0,0,7,43347.31
2022-09-03,97.7,66.2,84.2,0,0,8.6,42982.43
2022-09-04,96.8,71,84.4,0,0,16.1,42905.68
2022-09-05,100.5,66,85.8,0,0,8.9,42661.19
2022-09-06,101.1,69.3,87.1,0,0,10.9,42511.52
2022-09-07,99.9,66.9,86.1,0,0,9.9,42299.9
2022-09-08,97.8,71.4,85.6,0,0,10.2,42046.5
2022-09-09,94.6,66.5,83.1,0,0,10.7,42114.59
2022-09-10,84.7,60.5,73.9,0,0,15.6,42002.46
2022-09-11,88.2,57.4,75.2,0,0,9.4,41863.62
2022-09-12,89.6,58.6,77,0,0,10.5,41811.77
2022-09-13,77.2,67.1,72.8,0.098,3,15.7,34526.6
2022-09-14,77.4,59.6,67.5,0.098,6,13.2,41707.57
2022-09-15,78.1,53.3,65.2,0.039,6,8.1,41655.21
2022-09-16,76.3,52.6,65.7,0,0,6.4,40668.05
2022-09-17,81.1,53.9,66.9,0,0,13.9,41404.95
2022-09-18,85.9,57.9,71.7,0,0,13.5,41257.64
2022-09-19,88.5,55.8,73.5,0,0,12.4,41110.62
2022-09-20,82,58.8,69.6,0.012,2,12.7,25541.98
2022-09-21,72.6,56.1,63.1,0.154,6,9.4,20165.23
2022-09-22,79.7,56.3,66.9,0.059,6,13.3,40665.45
2022-09-23,76.1,51.8,64.2,0,0,7.9,40515.36
2022-09-24,77.4,44.7,62.4,0,0,6.5,40364.55
2022-09-25,80.7,51.4,65.5,0,0,6.2,40213.15
2022-09-26,83.1,48.9,68.6,0,0,6.7,40010.52
2022-09-27,85.8,53.9,71.5,0,0,12.6,39784.5
2022-09-28,86.1,57.2,72.7,0,0,12.6,39154.1
2022-09-29,85.4,60.1,73.4,0,0,14.1,39343.88
2022-09-30,74.9,56.5,65.1,0.091,4,15.1,36632.05
2022-10-01,67.8,50.4,58.7,0.094,2,13.3,37482.55
2022-10-02,68.8,50.6,58.2,0.157,7,9.9,35650.53
2022-10-03,67.9,48.9,57.7,0.028,3,5.9,38168.63
2022-10-04,69.4,46.1,58.3,0,0,7.2,38239.82
2022-10-05,72.7,47.1,59.2,0,0,11.4,38216.54
2022-10-06,72.1,48.2,60.1,0,0,5.2,37955.55
2022-10-07,74.6,44.6,62.5,0,0,4.7,37854.72
2022-10-08,74.1,48.2,62.4,0,0,4.9,37653.81
2022-10-09,74.6,45.7,62,0,0,5.4,37333.59
2022-10-10,75.6,45.6,62.5,0,0,6.7,37231.98
2022-10-11,78.6,48.5,64.1,0,0,11.2,37152.09
2022-10-12,75.8,47.1,62.1,0,0,7.8,36964.61
2022-10-13,74.1,45.8,61.3,0,0,11.8,36754.33
2022-10-14,73.4,43.7,60.7,0,0,5.2,36597.27
2022-10-15,73.9,39.8,59.9,0,0,15.4,36420.51
2022-10-16,70.9,52.6,61.5,0,0,17.1,36000
2022-10-17,70,47.5,58.4,0,0,7.7,36154.73
2022-10-18,71,44.5,59.1,0,0,9,36145.12
2022-10-19,72.1,39.7,58,0,0,4.6,36040.29
2022-10-20,72.4,40.8,58.8,0,0,5.4,36039.36
2022-10-21,73.8,47.5,59.5,0,0,12.6,35970.36
2022-10-22,71.5,51.6,61.5,0.146,4,24.5,30076.56
2022-10-23,52.2,36.5,41.6,0.531,18,19.7,13940.78
2022-10-24,46.1,29.7,38,0.016,4,8,35768.2
2022-10-25,49.9,28.8,39,0,0,6.9,35676.12
2022-10-26,54.3,35.5,42.5,0.39,7,9.8,29019.32
2022-10-27,47,30.2,38.4,0.051,6,8.2,34562.42
2022-10-28,47.4,29.3,37.9,0,0,6.5,35242.65
2022-10-29,48.3,28.2,38.7,0,0,6,25585.65
2022-10-30,53.3,28.5,41.3,0,0,6.1,32007.53
2022-10-31,54.9,31.8,44.3,0,0,3.6,34820.78
2022-11-01,60.8,31.5,46.1,0,0,13.4,26320.56
2022-11-02,61.7,43.7,51.9,0.008,1,20.6,30336.15
2022-11-03,47.4,34.5,41.2,0.331,13,11.4,12967.52
2022-11-04,42.6,28.9,35.1,0,0,9.5,34263.45
2022-11-05,52.2,28.1,39.4,0,0,9.7,34125.7
2022-11-06,55,34.8,43.2,0,0,7.4,27435.21
2022-11-07,63.3,35.3,51.7,0,0,21.7,33853.18
2022-11-08,63.3,44.6,53.3,0,0,18.6,33185.52
2022-11-09,53.2,32.1,43.2,0.272,7,20.8,2522.16
2022-11-10,41.8,25.3,33.1,0,0,9,33454.22
2022-11-11,38.3,22.4,29.4,0,0,9.3,33324.53
2022-11-12,37.9,22.5,29.6,0,0,4.9,30522.85
2022-11-13,41.9,21,31.5,0,0,9.4,33071.13
2022-11-14,39.9,24,31.2,0,0,7.7,32947.79
2022-11-15,38.1,23.1,29.8,0,0,14.8,32826.93
2022-11-16,39.4,20.9,29,0,0,9,32708.75
2022-11-17,40.1,16.6,29.2,0,0,7.3,32593.45
2022-11-18,39,24.4,30.3,0,0,18,32481.21
2022-11-19,37.4,16.1,27.1,0,0,8.9,32371.7
2022-11-20,37.9,18,28.3,0,0,5,32263.86
2022-11-21,39.7,16.6,29.9,0,0,4.5,32157.75
2022-11-22,39.6,17.4,29.9,0,0,3.4,31412.49
2022-11-23,42,15.6,29.8,0,0,6.7,27062
2022-11-24,45.7,28.2,35.5,0,0,14.4,31416.6
2022-11-25,44.1,26.2,34.1,0,0,6,31748.56
2022-11-26,43.5,21.9,34.3,0,0,6.7,26521.42
2022-11-27,42.8,25.5,34.7,0,0,7.3,27801.36
2022-11-28,48.9,23.7,38.3,0,0,17.4,21540.61
2022-11-29,35.2,24,29.9,0.004,1,15.3,31082.89
2022-11-30,37.1,16.5,26.1,0,0,7.5,31037.29
2022-12-01,46.9,17.8,34.4,0,0,13.4,20383.96
2022-12-02,46.4,27.8,41.3,0.008,1,19.3,30448.9
2022-12-03,41,27.3,31.9,0,0,7.7,14373.87
2022-12-04,45.3,24.9,33.1,0,0,7.3,24019.58
2022-12-05,50.6,27.6,38.6,0,0,10.5,11954.88
2022-12-06,44.4,30.6,35.6,0,0,7.4,25737.84
2022-12-07,39.9,29.9,34.1,0.146,6,6.4,19045.96
2022-12-08,40.5,25.8,32.3,0.043,2,7.2,30483.21
2022-12-09,41.2,23.5,30,0,0,7.5,27689.21
2022-12-10,40.8,20.7,30.1,0,0,5,28835.04
2022-12-11,50.6,24.6,37,0,0,16.6,27795.15
2022-12-12,45.3,25.1,35.5,0.087,9,18.4,12424.52
2022-12-13,35.4,21.4,28.1,0,0,7.8,28800
2022-12-14,35.1,21.4,27.9,0,0,8.5,30450.2
2022-12-15,33.5,18.4,25.5,0.004,1,12.2,27798.13
2022-12-16,27.8,14.6,21.1,0,0,7.7,30472.28
2022-12-17,28.8,9.2,19.2,0,0,6.5,30453.35
2022-12-18,28.9,10,19.8,0,0,4.3,30438.33
2022-12-19,32.1,9.6,20.8,0,0,6.3,30427.29
2022-12-20,30.9,12.8,22.7,0,0,6.1,15795.17
2022-12-21,39,12.9,25.9,0,0,9.3,30417.16
2022-12-22,33.7,22.4,28.3,0,0,9.5,28591.74
2022-12-23,37.9,24.7,29.6,0,0,5.9,28438.62
2022-12-24,39.9,19.2,29.3,0,0,5.5,30432.31
2022-12-25,42.6,22.5,31.3,0,0,6.3,30445.53
2022-12-26,43,23.2,33,0,0,6.1,26418.8
2022-12-27,46,22.8,32.3,0.165,6,8.5,23007.38
2022-12-28,41.5,27.4,36.2,0.224,12,11,0
2022-12-29,39,21.9,29.4,0.004,1,7.6,30540.06
2022-12-30,38.1,26.8,30.5,0.063,6,6.8,6633.59
2022-12-31,48.2,30.5,42.3,0.012,3,17.5,7523.7
2023-01-01,45.6,38.2,43,0.244,9,17,0
2023-01-02,39.4,33.8,36.2,0.315,20,14.2,0
2023-01-03,37.8,26.3,31.9,0.071,10,7.9,15058.02
2023-01-04,39,23.9,29.6,0,0,7.4,30497.9
2023-01-05,38.5,23.7,30.6,0.012,3,8.9,26140.02
2023-01-06,43.4,30,34.9,0.043,5,8.3,29985.81
2023-01-07,40,24.3,30.8,0,0,5.7,31001.44
2023-01-08,39.2,24.5,31.1,0,0,6.9,30284.18
2023-01-09,38.8,23.5,30.4,0.051,6,8.6,9308.83
2023-01-10,52.2,30.9,41.6,0.051,5,15,24459.41
2023-01-11,44.5,28.2,37.5,0.067,4,15.3,31300.89
2023-01-12,40.8,22.7,30.9,0,0,6.7,31383.36
2023-01-13,39.4,25.1,32,0,0,4.9,30034.75
2023-01-14,36.3,23.9,31.2,0.047,4,7.4,5792.97
2023-01-15,42.9,30.2,36.6,0.374,19,11.2,13668.69
2023-01-16,39.9,30.4,34,0.094,7,8.4,6280.48
2023-01-17,38.9,28.6,33.4,0.48,12,12.3,8485
2023-01-18,33.4,12.7,26.9,0.11,9,10.5,29971.43
2023-01-19,30.8,14.4,23,0,0,5.7,25675.19
2023-01-20,32.8,23.3,26.9,0.031,7,8.8,26944.71
2023-01-21,31.7,18.3,25.1,0,0,7.3,32248.91
2023-01-22,30.3,16.2,23.9,0.012,3,4.5,25007.07
2023-01-23,36.6,22.8,28.8,0.02,4,17.6,32400
2023-01-24,33.3,19.1,26,0,0,9.2,32400
2023-01-25,32.9,22.3,26.5,0.028,3,7,32400
2023-01-26,29.8,16.7,23,0,0,8,32400
2023-01-27,35.4,16.7,24.6,0,0,7.1,32403.72
2023-01-28,36,20.4,28.4,0.024,3,8.3,30366.7
2023-01-29,40.7,21.9,31.4,0.008,1,14.9,32400
2023-01-30,36.5,23.7,30.2,0.012,3,13.9,23375.97
2023-01-31,28.7,14.7,21.5,0,0,14.3,32768.57
2023-02-01,30.3,12.7,20.9,0,0,5,32792.13
2023-02-02,35.7,17.8,26,0,0,4.9,32956.64
2023-02-03,36.8,16.5,28.3,0,0,5.2,32497.24
2023-02-04,40.5,20.6,30.3,0,0,5.6,33127.25
2023-02-05,48.9,23.5,34.3,0.031,2,14.6,33133.37
2023-02-06,40.6,26.3,32.8,0,0,7.9,33431.75
2023-02-07,39.8,22.3,30.5,0,0,7.4,33729.93
2023-02-08,42.6,20.2,30.8,0.008,2,11.1,33559.72
2023-02-09,36.3,19,27.3,0,0,14.4,34308.43
2023-02-10,36.6,18.4,27,0,0,5.9,34575.76
2023-02-11,37.5,19.8,29.6,0,0,4,28800
2023-02-12,46.2,21.5,32.9,0,0,6.6,34391.09
2023-02-13,37.4,23.7,31.1,0.067,3,7.4,16157.27
2023-02-14,34.9,24.2,29.1,0.11,9,11,1124.21
2023-02-15,27,19.1,23.4,0.106,17,14.3,268.83
2023-02-16,29,9.7,19.7,0,0,9.2,35718.02
2023-02-17,30.1,13.2,21.2,0,0,3.8,35868.7
2023-02-18,35.5,14.3,23.6,0,0,6.7,35192.27
2023-02-19,44.6,19.1,31.1,0,0,8.2,35757.46
2023-02-20,48.7,24.8,35.8,0,0,7.3,34667.51
2023-02-21,51.6,24.7,39.8,0.012,3,19.8,29872.79
2023-02-22,44.4,25.6,35.4,0.193,9,26.6,24187.28
2023-02-23,36.2,23.9,29.8,0.047,4,19.7,36779.55
2023-02-24,40.8,27,33.9,0.047,6,16.2,32188.9
2023-02-25,49.1,24.7,36.1,0,0,10,35689.11
2023-02-26,42.8,28.2,35.6,0.016,4,17.1,23770.97
2023-02-27,42.6,27.7,35.2,0,0,18.5,36052.73
2023-02-28,42.1,29,35.8,0.012,1,21.3,23135.32
2023-03-01,42.5,25.5,32.1,0.276,18,11.6,13756.42
2023-03-02,40.8,25.5,33.5,0.004,1,8.9,37841.68
2023-03-03,43.1,21.8,32.1,0,0,8.3,31997.1
2023-03-04,46.2,22.7,34.3,0,0,17,20921.06
2023-03-05,50,32.1,41.3,0,0,21.4,38305.58
2023-03-06,51.8,32.1,42,0,0,18.6,37650.18
2023-03-07,52.5,29.1,39.5,0,0,13.3,36890.83
2023-03-08,51.6,26.7,39.4,0,0,16.3,33360.34
2023-03-09,51.6,26.7,39.9,0,0,11.5,38928.48
2023-03-10,48.5,37.5,44.5,0.138,11,16.1,0
2023-03-11,52.3,38.9,45.1,0.126,10,12.3,32681.15
2023-03-12,45.5,32.7,39.5,0.268,6,9.9,38660.48
2023-03-13,51.4,30.1,40.2,0.02,3,6.1,38133.76
2023-03-14,55.1,31.6,44.2,0,0,17.8,34137.21
2023-03-15,50.2,40.6,46,0.469,18,15,97.45
2023-03-16,41.9,26.7,36.6,0.008,2,22.3,39600
2023-03-17,41.2,21.8,30.7,0,0,13.8,39638.67
2023-03-18,45.8,22.4,33.3,0,0,7.8,39688.91
2023-03-19,48.9,22.9,36.9,0.016,2,17.2,31729.48
2023-03-20,50.2,34.8,41.8,0.52,17,15.7,29423.62
2023-03-21,40.1,29,34.6,0.193,12,9.8,2112.46
2023-03-22,47.6,32.5,40.3,0.161,8,23.1,33434.68
2023-03-23,47.2,29.5,37.3,0.047,3,9.5,40010.69
2023-03-24,45.6,25.6,34.8,0.201,6,19.3,35413.25
2023-03-25,38.3,22.6,30.3,0.02,3,11.6,40408.54
2023-03-26,38.6,22.3,30.2,0.067,4,13.6,36701.36
2023-03-27,38.2,21,30.6,0,0,9.8,40963.85
2023-03-28,48.8,21,33.6,0,0,12.3,41175.04
2023-03-29,58.1,29.7,44.2,0,0,20.9,36446.08
2023-03-30,49,31.1,42.3,0.244,8,21.5,39948.7
2023-03-31,51,28.9,39.9,0,0,14,36611.22
2023-04-01,60.3,30.9,45.6,0,0,16.3,41862.58
2023-04-02,65,38.7,52.5,0,0,17.3,42047.76
2023-04-03,63.9,37,52.1,0.016,4,27.4,41643
2023-04-04,42,29.2,34.7,0.142,10,18.6,28311.22
2023-04-05,42.2,24.5,33.5,0.02,2,11.1,41748.06
2023-04-06,48.9,23.6,36.4,0,0,8.2,42735.21
2023-04-07,63.8,27.1,46.1,0,0,5.3,41999.95
2023-04-08,67.9,38.1,54.2,0,0,7.1,31846.83
2023-04-09,69.4,38,55.1,0,0,9.8,41164.74
2023-04-10,76.4,40.9,59.4,0,0,9.3,43459.61
2023-04-11,83,42.2,64.1,0,0,14.1,43784.95
2023-04-12,79.8,50.5,67.4,0,0,21.1,36555.17
2023-04-13,70.9,52.6,61,0,0,21.4,18624.5
2023-04-14,61.5,40.3,48.3,0.154,8,19,35414.27
2023-04-15,56,30.6,44.4,0,0,8.6,44433.66
2023-04-16,67.4,31.6,51.3,0,0,9.4,44573.1
2023-04-17,74.8,39.7,58.9,0,0,16.9,44711.79
2023-04-18,71.3,47.4,61.2,0,0,26.5,39530.05
2023-04-19,52.6,36.4,44.3,0,0,17.3,43085.1
2023-04-20,54.4,27.3,40.8,0,0,24.6,44838.04
2023-04-21,63.8,28.4,46.8,0,0,13.5,35982.05
2023-04-22,58.2,40.3,50.2,0,0,13.3,35956.32
2023-04-23,62.6,35.6,51,0,0,9.5,45384
2023-04-24,68.3,43.3,56.4,0.106,3,16.7,42914.29
2023-04-25,56,42,49.3,0.075,5,16.6,40975.87
2023-04-26,67.7,38.2,54.2,0,0,13.8,45546.06
2023-04-27,74.2,43.7,60,0,0,21.2,44020.12
2023-04-28,65.7,41.6,54.4,0,0,21.6,45653.29
2023-04-29,77.1,41.4,61.4,0,0,8.5,45707.02
2023-04-30,82.7,46.2,67.7,0,0,8,45795.77
2023-05-01,85,52.6,71.4,0,0,15.9,44464.11
2023-05-02,78.1,62,69.9,0,0,18.4,42296.02
2023-05-03,81.8,51.7,68.8,0,0,18.1,46088.89
2023-05-04,75.4,57.2,67.5,0.008,1,21.3,45619.31
2023-05-05,68.2,48,58.7,0.004,1,16.2,36265.07
2023-05-06,68.7,43.3,58.2,0.004,1,19.3,46422.48
2023-05-07,71.1,51.1,61.4,0.004,1,12.2,35707.3
2023-05-08,78.9,48,64.4,0,0,19.2,46631.96
2023-05-09,80.3,50.4,67.1,0,0,13.8,46883.87
2023-05-10,72.9,53.3,65,0,0,13.3,34774.02
2023-05-11,75.9,50.1,63.1,0,0,19.6,43865.8
2023-05-12,75.1,54.3,65.8,0,0,18.4,47071.83
2023-05-13,77,55.3,66.5,0,0,15.2,41134.6
2023-05-14,74.6,55.4,64.9,0.087,5,15,42611.58
2023-05-15,79.1,52.9,68.3,0,0,7.8,47245.14
2023-05-16,81.7,54.4,71,0,0,8.1,47645.5
2023-05-17,83.1,57.9,72.9,0,0,11.6,47118.32
2023-05-18,80.3,61.8,71.8,0,0,15.5,46691.09
2023-05-19,81.4,57.7,70.1,0.008,1,14.7,48063.88
2023-05-20,77.1,56.9,68.4,0.016,2,10.5,48000.84
2023-05-21,80.6,57,70.1,0,0,11.8,48024.76
2023-05-22,81.9,61.5,71.7,0,0,17.3,43473.13
2023-05-23,84,57.9,72.1,0.02,1,14.5,48170.95
2023-05-24,85.7,57.4,73.8,0,0,13.3,48699.33
2023-05-25,85.9,56.6,74,0,0,16.7,48742.44
2023-05-26,85.2,61.7,74.3,0,0,19.8,46872.73
2023-05-27,80.4,56.7,70.6,0,0,10.8,48472.39
2023-05-28,86.6,54.6,72.6,0,0,17.3,48832.21
2023-05-29,87,57.7,74.2,0,0,14.9,48858.9
2023-05-30,85.7,60.1,74.5,0,0,13.7,48883.95
2023-05-31,84.3,59.1,73.8,0,0,12.3,44375.23
2023-06-01,75.2,63.1,69.2,0.012,1,19.4,41822.33
2023-06-02,77.6,57.2,68.2,0,0,12.4,43421.78
2023-06-03,81,52.3,68.4,0,0,16.7,48967.67
2023-06-04,84,57.5,73,0,0,9.6,48984.45
2023-06-05,88.5,62.4,76.5,0,0,16.8,48999.54
2023-06-06,86.8,63,73.5,0.098,1,17.2,37812.63
2023-06-07,79.1,61.6,71.6,0,0,13.7,48150.11
2023-06-08,85.2,54.7,71.9,0,0,15.3,49135.91
2023-06-09,84.9,55,72.7,0,0,11.8,48363.61
2023-06-10,85.5,58.1,74.5,0,0,10.9,47807.4
2023-06-11,88.6,59.3,75.7,0,0,18.2,48552.84
2023-06-12,80.9,62.8,72.6,0,0,14.9,49053.18
2023-06-13,80.2,56.4,69.6,0,0,9.9,49230.88
2023-06-14,86.8,58.9,71.7,0.035,1,9.9,45249.33
2023-06-15,82.9,58.8,68.8,0.075,3,18.7,39312.06
2023-06-16,74.7,54,65.1,0.028,2,12.8,43838.96
2023-06-17,80.5,56.5,70.8,0,0,13.8,49036.77
2023-06-18,89.4,62.4,78.7,0,0,21.8,49208.62
2023-06-19,92,67.1,80.9,0,0,22.8,49284.86
2023-06-20,88.6,70.4,80.2,0,0,20.7,49274.86
2023-06-21,90.2,63.8,78.7,0,0,13.2,49350.81
2023-06-22,91.8,64,80.2,0,0,18,48400.75
2023-06-23,84.7,66,76.7,0,0,23.1,49502.4
2023-06-24,86.6,54.2,73.7,0,0,6.3,49309.59
2023-06-25,92.4,58.9,77.9,0,0,18.3,49472.32
2023-06-26,93.9,62.9,81.1,0,0,19.7,49365.05
2023-06-27,91,67.5,81,0,0,18.1,49435.96
2023-06-28,91.2,64.2,79.5,0,0,19.6,48964.91
2023-06-29,88.5,64,76.7,0,0,15.7,49032.05
2023-06-30,87.5,62.7,77.2,0,0,10.6,49097.28
2023-07-01,91.6,62.7,79.7,0,0,8.5,49249.92
2023-07-02,94.4,69.6,83.9,0,0,9.5,49132.09
2023-07-03,99,68.3,86.3,0,0,10.3,48746.27
2023-07-04,101.4,70.8,86.6,0,0,24.9,48556.18
2023-07-05,96.1,67.1,83.1,0,0,10.7,49037.72
2023-07-06,97.5,69.6,85.1,0,0,17.9,49090
2023-07-07,96.3,66.3,83.1,0,0,16.5,48967.66
2023-07-08,95.9,67.8,83.4,0,0,12.4,49015.43
2023-07-09,98.7,65.1,84.9,0,0,17.4,48558.04
2023-07-10,97.4,72.6,87.4,0,0,15.8,48520.59
2023-07-11,98.2,69.6,85.5,0,0,14.8,48650.69
2023-07-12,100,74.1,88.8,0,0,15.9,48253.58
2023-07-13,100,74,88.8,0,0,14.7,48278.13
2023-07-14,98.5,74.2,87.6,0,0,21.3,48338.75
2023-07-15,97.9,67.3,84.9,0,0,12.2,48246.23
2023-07-16,100.4,70.9,87.1,0,0,12,48228.75
2023-07-17,107.4,68.2,91.3,0,0,11.8,47822.88
2023-07-18,102.7,79.2,89.7,0.004,1,17.5,40075.52
2023-07-19,99.2,74.4,87.2,0,0,12.1,47481.37
2023-07-20,96.1,72.1,86.5,0,0,15.2,47509.47
2023-07-21,97.8,74.1,87.4,0,0,13.9,47502.08
2023-07-22,99.8,70.6,88,0,0,9.9,47493.55
2023-07-23,104.5,71.4,90.7,0,0,9,47253.32
2023-07-24,102.3,77.9,91,0,0,19.2,47247
2023-07-25,100.4,74,89.1,0,0,14.5,47150.5
2023-07-26,100.5,73.5,89.1,0,0,15,47058.96
2023-07-27,102.5,72.9,90,0,0,15.7,46888.97
2023-07-28,104,76.9,91.5,0,0,13.9,47052.83
2023-07-29,100.9,78.9,90.8,0,0,16.7,46800
2023-07-30,101.1,78.2,90.1,0,0,18.5,45987.04
2023-07-31,89.4,74.1,83.8,0.035,2,13.6,42974.03
2023-08-01,91.5,69.2,80.6,0.063,2,12.1,46829.54
2023-08-02,94.5,68.6,80.2,0,0,15.6,46800
2023-08-03,91.3,66.9,80.4,0,0,10.8,46819.36
2023-08-04,93,62.2,80.4,0,0,12,46762.16
2023-08-05,95.9,70.5,83.8,0,0,13.1,46703.17
2023-08-06,97.7,68.9,84.1,0,0,19.6,46641.99
2023-08-07,96,64.2,83.4,0,0,16.4,46537.98
2023-08-08,93.9,68.3,82.9,0,0,20.2,46472.46
2023-08-09,92.9,63.6,80.7,0,0,17,46405.32
2023-08-10,93.5,71.2,82.9,0,0,20.3,45100.26
2023-08-11,91.7,68.9,81.6,0,0,9.1,44606.39
2023-08-12,92.4,73.2,83.5,0,0,12.7,46195.1
2023-08-13,93.3,69.4,82.9,0,0,9.3,46122.36
2023-08-14,91.2,73.2,82.9,0,0,19.9,46048.41
2023-08-15,93.2,70,82.5,0,0,15.4,45227.18
2023-08-16,95.1,69.6,85.1,0.012,2,7.6,41310.4
2023-08-17,94.6,73,84.5,0,0,14,40323.87
2023-08-18,90.6,70.6,81.1,0.02,3,11.7,45239.88
2023-08-19,95.3,64.6,80.2,0,0,12.6,45513.49
2023-08-20,97.5,74.6,87.2,0,0,25.1,45383
2023-08-21,96.2,73.1,84.6,0,0,18.9,45251.88
2023-08-22,92.7,66,80.5,0,0,17.3,45120.22
2023-08-23,90.5,66.5,79.4,0.008,1,14.8,43125.06
2023-08-24,80.8,68.9,73.7,0.126,8,9.2,25957.56
2023-08-25,85.8,65.6,75.9,0.004,1,9.4,44722.88
2023-08-26,91,64.8,78.5,0.028,1,13,43507.4
2023-08-27,94.7,66.8,81.2,0,0,14.3,44454.16
2023-08-28,93.9,69.8,82.8,0,0,9.8,44317.75
2023-08-29,94.7,66.1,81.8,0,0,10.4,44180.1
2023-08-30,97.9,65.8,83.9,0,0,14.6,44041.3
2023-08-31,97.5,69.2,84.5,0,0,18.3,43423.88
2023-09-01,90,71,80.9,0.008,2,18.4,38053
2023-09-02,88,66.5,78.5,0,0,10.6,42876.84
2023-09-03,88.2,66,78.2,0,0,17.2,43093.75
2023-09-04,82.2,65.9,72.8,0,0,15.6,41188.34
2023-09-05,84.2,54,70.9,0,0,9.8,42678.01
2023-09-06,91,57.4,75.7,0,0,16.4,42605.05
2023-09-07,89.6,63.9,76.7,0,0,9,42457.03
2023-09-08,92.1,59.6,77.4,0,0,8.4,42252.69
2023-09-09,91.2,59.7,78.4,0,0,8.4,39452.71
2023-09-10,84.9,64.2,74.4,0,0,13,22156.9
2023-09-11,82.8,58.3,72.9,0,0,8.8,41876.31
2023-09-12,82.1,62,72.6,0,0,16.5,36013.34
2023-09-13,79.8,62.7,71.1,0,0,7.9,40948.09
2023-09-14,77.7,55.5,68.1,0.016,2,12.3,40421.3
2023-09-15,77.7,53.9,67.5,0,0,9.4,41667.61
2023-09-16,80.7,52.4,67.4,0,0,5.4,41596.06
2023-09-17,84.8,53.4,70.8,0,0,8.6,41448.48
2023-09-18,82.6,58.4,69.5,0.031,1,10.8,39568.47
2023-09-19,81.3,53.3,68.3,0.012,2,11.9,41150.79
2023-09-20,85.1,53.3,69.3,0,0,19.1,41000.88
2023-09-21,82,59.8,70.7,0,0,20,40850.38
2023-09-22,79.8,56.2,67.9,0,0,18,40699.38
2023-09-23,73.8,51.4,64,0,0,6.5,35461.99
2023-09-24,77.2,52.7,66.7,0,0,4.7,40396.21
2023-09-25,81.2,49.2,67.6,0,0,5.8,40244.24
2023-09-26,83,48.8,69.3,0,0,4.7,40092.12
2023-09-27,86.4,51,71.1,0,0,10.2,39939.97
2023-09-28,84.9,53.7,71.4,0,0,15.8,39787.86
2023-09-29,85.9,58.7,72.4,0,0,15.5,39566.95
2023-09-30,84.9,57.5,73.2,0,0,22.4,38805.62
2023-10-01,71,52.6,62.7,0.134,3,16.6,38132.66
2023-10-02,65.1,48.9,57.3,0.252,5,17,38378.06
2023-10-03,64,42.3,53.2,0,0,10.3,37932.55
2023-10-04,65.1,42.7,55.6,0,0,6.8,38354.09
2023-10-05,69.6,43.7,56.6,0,0,10,38249.7
2023-10-06,74.5,44.4,59.6,0,0,11.8,38065.86
2023-10-07,75.9,44.6,62.3,0,0,7,37961.53
2023-10-08,77.4,43.5,63.2,0,0,5.9,37785.6
2023-10-09,78,43.7,64.2,0,0,6.1,37616.1
2023-10-10,80.9,48.3,65.8,0,0,17.3,35156.79
2023-10-11,71.1,49.6,61.1,0.031,4,18.9,26957.88
2023-10-12,60.8,44.4,51,0,0,16.7,36291.03
2023-10-13,60.4,41.8,51,0,0,14,36544.48
2023-10-14,65.1,36,52.2,0,0,4.6,36602.65
2023-10-15,69.2,37.3,54.5,0,0,6,36387.55
2023-10-16,72.5,42.7,59.1,0,0,4.8,36301.34
2023-10-17,75.8,40.2,60.7,0,0,8.3,36000
2023-10-18,74.8,43.6,62.5,0,0,6.6,36146.91
2023-10-19,78.2,49,63.4,0,0,7.8,36087.58
2023-10-20,76.1,47.1,63.5,0,0,4.1,36079.86
2023-10-21,76.1,42.9,62.8,0,0,4.3,35986.56
2023-10-22,77,41.4,61.7,0,0,7.7,35917.53
2023-10-23,77,50.5,64.3,0.012,2,12,35852.3
2023-10-24,70.1,42.6,58.3,0,0,7,35786.79
2023-10-25,71.4,43.8,58.7,0,0,16.1,35720.51
2023-10-26,65.8,46.2,55.9,0.008,1,24.2,29540.4
2023-10-27,57.6,33.1,47,0.004,1,7.9,35431.39
2023-10-28,59.9,42.6,50.2,0.087,7,15.2,31817.79
2023-10-29,46.5,31.5,39.6,0,0,21.1,35142.57
2023-10-30,44.4,26.1,34.4,0,0,7.2,34998.61
2023-10-31,50.5,21.9,37.9,0,0,5,34855.14
2023-11-01,53.5,28.8,42.1,0,0,6.8,34712.32
2023-11-02,56.8,27.9,44,0,0,6.3,34570.27
2023-11-03,61.6,33.1,47.4,0,0,6.6,34429.16
2023-11-04,64.4,31.9,50.6,0,0,4.5,34289.15
2023-11-05,72.5,34.5,54,0,0,10.7,31432.88
2023-11-06,72.3,46.3,59.6,0,0,18.2,34013.02
2023-11-07,69.3,48,58.6,0,0,22,33877.26
2023-11-08,53,38.3,44.7,0,0,15.5,33743.24
2023-11-09,52.6,29.2,41.2,0,0,15.9,33611.16
2023-11-10,49.4,28.4,38.8,0,0,5.5,33481.19
2023-11-11,51.2,23.7,39.2,0,0,6.5,33353.5
2023-11-12,52.8,29.1,41.1,0,0,5.1,33228.29
2023-11-13,57.9,27.8,44.1,0,0,8.5,33105.75
2023-11-14,60.7,29.3,47,0,0,3.8,32985.44
2023-11-15,60.6,34.4,47.4,0,0,5.7,30634.66
2023-11-16,59.5,40.4,50,0.134,5,7.3,32495.7
2023-11-17,58.2,32.5,47.2,0,0,5.1,32631.97
2023-11-18,53.9,33.7,44.3,0.008,2,6.5,30703.27
2023-11-19,44.9,33.7,40.3,0.547,14,13,9841.24
2023-11-20,51.1,31.8,41.2,0.008,1,15.5,32292.47
2023-11-21,48,28.6,37.9,0,0,7.9,32183.12
2023-11-22,46.9,29.5,38.3,0,0,3.8,31965.34
2023-11-23,44.3,30.9,36.3,0,0,4,16356.75
2023-11-24,37.6,31.9,34.8,0.697,22,9.3,7423.83
2023-11-25,34.2,24,29.8,0.016,4,10.2,28721.66
2023-11-26,32.4,17.8,24.3,0,0,5.3,31599.46
2023-11-27,33.6,15.4,23.8,0,0,5.8,31446.9
2023-11-28,33.2,17.7,24.7,0,0,5,31219.13
2023-11-29,32.7,14.8,24.1,0,0,5.1,30502.52
2023-11-30,36.8,24.3,28.9,0.004,1,4.6,25681.59
2023-12-01,38.1,24.3,29.9,0.039,5,5.3,23263.79
2023-12-02,41.7,23.9,32.1,0,0,11,26763.8
2023-12-03,49.4,30.4,38.2,0,0,9.9,28966.83
2023-12-04,48,29.4,37.9,0,0,6.5,30584.4
2023-12-05,48,26.8,36.8,0,0,5,30567.66
2023-12-06,43.5,26.5,34.7,0,0,4.7,30409.93
2023-12-07,49,26.5,37,0,0,9.8,30495.19
2023-12-08,39.8,26.4,33.4,0.008,1,16.6,30406.28
2023-12-09,35.2,18.8,27.1,0,0,9.6,30448.08
2023-12-10,34.4,16,25.7,0,0,6.2,27704.86
2023-12-11,36.5,19.4,27.4,0,0,5.4,28858.29
2023-12-12,38.8,24.8,31,0,0,4.6,25200
2023-12-13,42.9,25.5,33.1,0.209,4,5.1,24147.27
2023-12-14,43.4,26.9,35.5,0.051,3,4.9,30452.47
2023-12-15,44.2,24,32.4,0,0,6.6,30467.97
2023-12-16,40.9,21.3,30.8,0,0,5.6,30474.64
2023-12-17,39.2,21.1,29.8,0,0,5.2,30453.62
2023-12-18,38.5,22.8,30.3,0,0,5.1,15617.36
2023-12-19,41.5,22.1,30.4,0,0,5.7,30132.69
2023-12-20,42.7,25.5,34.7,0.063,4,4.3,20567.99
2023-12-21,47.3,31,39,0,0,5.1,29161.2
2023-12-22,43.5,27.2,35.9,0.016,4,5.5,24457.7
2023-12-23,42.4,29.6,37.1,0.37,15,13.4,6804.45
2023-12-24,34.5,21.5,27.9,0,0,12.6,30424.87
2023-12-25,31.5,15.5,23.3,0,0,6,30438.64
2023-12-26,31.7,14.1,22.5,0,0,6.4,30456.81
2023-12-27,34.5,15.6,24.4,0,0,7.1,30479.3
2023-12-28,36.4,17.8,27.1,0,0,6.2,30506.03
2023-12-29,38,18.5,29.1,0,0,3.9,30536.92
2023-12-30,38.1,22.1,30.6,0,0,4.4,22172.91
2023-12-31,39.9,25.3,32.3,0,0,3.5,30610.82
2024-01-01,41,21.4,30.7,0,0,4.8,28242.92
2024-01-02,39,20.2,30.6,0,0,4.5,30700.3
2024-01-03,39.9,20.7,30.4,0,0,7.8,29085.1
2024-01-04,43,26,33.2,0.004,1,7,27606.9
2024-01-05,37.9,26.1,31.1,0.008,2,6.7,28398.34
2024-01-06,36,20.9,28.6,0.035,3,7.3,30923.03
2024-01-07,33.4,26.2,29.6,0.161,18,11.4,18270.17
2024-01-08,32,19.4,25.6,0,0,13,31054.77
2024-01-09,29.5,15,21.6,0,0,5.8,30580.33
2024-01-10,38.6,15.9,27.8,0,0,18.1,31199.07
2024-01-11,34,19.1,27.6,0.02,3,15.5,31185.62
2024-01-12,36,13.4,24.8,0,0,15.7,31355.17
2024-01-13,42.7,23.3,32.7,0,0,11.5,25793.86
2024-01-14,47.1,30.2,37.7,0.008,1,10.3,30701.43
2024-01-15,44.4,19.4,30.9,0,0,18.7,31615.79
2024-01-16,34.1,12.8,22.7,0,0,6.6,31710.13
2024-01-17,35.7,18.5,26,0.043,3,5.9,17617.68
2024-01-18,43.4,23.4,31.4,0,0,7.8,30455.93
2024-01-19,44.5,22.8,33.2,0,0,4,32012.96
2024-01-20,42.8,27.5,34.6,0.004,1,5.8,17118.06
2024-01-21,44.3,31.7,37.3,0.087,12,3.7,14146.51
2024-01-22,45.3,34.4,39.4,0.102,11,6.1,26003.35
2024-01-23,45.1,28.4,36.5,0,0,5.6,30916.08
2024-01-24,46.5,28,37.6,0,0,5.1,32400
2024-01-25,42.3,29.2,35.9,0.118,7,4.3,16113.85
2024-01-26,45.9,29.1,36.2,0,0,14.9,32400
2024-01-27,44.4,23.7,33.1,0,0,6.7,32404.23
2024-01-28,47.6,27.3,36.3,0,0,6.5,32400
2024-01-29,50.1,27.8,38.5,0,0,5.7,32498.05
2024-01-30,51,30.2,40.5,0,0,3.8,32555.96
2024-01-31,51.8,31.2,42,0,0,3,32662.23
2024-02-01,53.2,28.6,41.8,0.02,2,10.3,26533.62
2024-02-02,48.1,36.9,41.5,0.224,15,12.8,21971.84
2024-02-03,45.5,29.3,37.3,0.004,1,9.4,32727.99
2024-02-04,43.5,24.2,33.8,0,0,4.8,32616.58
2024-02-05,47.8,25.7,36.2,0,0,8.2,32564.09
2024-02-06,55.6,31.2,41.9,0.028,4,16.4,7200
2024-02-07,45.3,36.2,41.2,0.047,3,19.4,32400
2024-02-08,43.6,31.8,36.3,0.169,9,12.4,32649.17
2024-02-09,35.9,28.1,32.1,0.417,11,10.1,31954.31
2024-02-10,37.7,22,29.6,0.004,1,10,33176.6
2024-02-11,36.9,18.9,28,0,0,8.4,34655.24
2024-02-12,39.5,19,29.1,0,0,4.9,34848.87
2024-02-13,42.4,21.1,31.8,0,0,6.2,35147.1
2024-02-14,49.4,30.6,39,0,0,9.2,33279.51
2024-02-15,49.1,32.8,40.5,0.008,2,8.3,19711.07
2024-02-16,48.4,27.9,38.9,0,0,8.1,34207.91
2024-02-17,42.8,28.6,35.1,0.016,4,16.3,35838.53
2024-02-18,45.3,24,34,0.004,1,4.9,23549.15
2024-02-19,51.6,24.6,37.9,0,0,7.7,34840.98
2024-02-20,56.8,32.1,44.7,0.008,2,15.9,11316.11
2024-02-21,54,31.5,44.4,0.055,4,9.1,25999.32
2024-02-22,49.2,28.7,39.7,0,0,6.8,36583.41
2024-02-23,50.1,26.9,39.5,0,0,6.4,36733.38
2024-02-24,51.8,25.4,40.8,0,0,5.7,35369.16
2024-02-25,61.3,25.6,45,0,0,12.1,37036.66
2024-02-26,61.6,38.9,51.5,0,0,16.5,37189.71
2024-02-27,50.7,26.8,39.7,0.091,3,21.9,36376.66
2024-02-28,43.6,21.3,32.3,0,0,8.2,37497.95
2024-02-29,54.3,22.4,38.7,0,0,11.5,37652.9
2024-03-01,60.4,36.8,49.1,0,0,20.6,37808.24
2024-03-02,62.1,36.3,50.9,0.094,4,31.8,37963.85
2024-03-03,51.6,30,40.4,0.118,5,24.1,32317.69
2024-03-04,51.6,29,38.4,0.024,2,12.7,31750.31
2024-03-05,49.8,30.2,39.6,0.016,3,7.8,21014.01
2024-03-06,56.5,30,44.1,0,0,8.4,38586.64
2024-03-07,53.6,36.1,44,0,0,9.8,38741.88
2024-03-08,49.5,30.4,39.8,0.02,4,18.5,38569.16
2024-03-09,49.7,26.7,39,0,0,8.1,39050.99
2024-03-10,58.2,26.3,44.2,0,0,7.2,39204.67
2024-03-11,60.9,32.7,47.9,0,0,16.9,28307.34
2024-03-12,57.9,37.2,47,0.012,3,11.8,18000
2024-03-13,49.3,36,42.2,0.063,6,12.8,39509.15
2024-03-14,49.4,27.9,38.8,0,0,15.4,39569.34
2024-03-15,54.8,37.6,44.6,0.122,6,16.8,27797.45
2024-03-16,46.9,37.6,41.7,0.327,20,5.6,4070.91
2024-03-17,55.6,35,44.4,0,0,9.8,37019.77
2024-03-18,57,36.6,47.6,0,0,6.8,39634.25
2024-03-19,60.2,32.5,47.6,0,0,8.1,39691.92
2024-03-20,63.2,38.9,50.4,0,0,7,39760.24
2024-03-21,67,37,52.8,0,0,15,39914.84
2024-03-22,67.3,39.5,55.1,0,0,15.6,36582.45
2024-03-23,66.1,47.1,55,0.008,2,21.9,23392.3
2024-03-24,52.9,35,44.1,0.268,7,18.2,26075.26
2024-03-25,47.1,34,40.1,0.134,7,11.9,38751.58
2024-03-26,49.9,31.7,40.4,0,0,15.7,40145.95
2024-03-27,53.5,29.9,42.4,0,0,11.5,40581.58
2024-03-28,63.3,32.1,50,0,0,20.6,38211.59
2024-03-29,59,39.9,48.3,0.012,2,10.4,29171.29
2024-03-30,68.2,41.3,54.8,0.012,3,24.1,33108.2
2024-03-31,52.3,41.5,48.1,0.102,6,21.4,19907.14
2024-04-01,54.3,33.6,44.7,0.008,2,15,41686.95
2024-04-02,59.7,37.2,49.6,0,0,16.2,42120.18
2024-04-03,68.2,34.4,53.1,0,0,5.4,42309.08
2024-04-04,75,38.2,59.2,0,0,21.3,41853.9
2024-04-05,68.2,47.2,57.6,0.004,1,32.9,42223.45
2024-04-06,50.1,35.1,42.5,0,0,22.3,41827.75
2024-04-07,54,31.8,43.6,0,0,11.1,42301.92
2024-04-08,57.9,35.8,47.2,0.02,2,14.1,43221.36
2024-04-09,60.3,32.3,48.6,0,0,15.2,43434.44
2024-04-10,64.8,38.7,53.3,0,0,9.7,43651.16
2024-04-11,69.5,40.3,56,0,0,8.4,43981.62
2024-04-12,79.4,42.8,62.6,0,0,16.9,42501.54
2024-04-13,76.7,52.6,65.3,0,0,16.2,44087
2024-04-14,74.9,49.2,63.2,0,0,18.3,44311.26
2024-04-15,58.6,46.8,52.2,0.004,1,18.3,16427.85
2024-04-16,68.3,40.3,55.8,0,0,9.5,44683.47
2024-04-17,75.8,48.8,62.9,0,0,17.2,43361.3
2024-04-18,72.8,48.3,62.4,0,0,13,43182.66
2024-04-19,74.6,48.8,62.3,0,0,15.9,40812.08
2024-04-20,75.9,48.8,63,0,0,18.2,44382.39
2024-04-21,75,48,63.2,0,0,10.1,45314.24
2024-04-22,82.5,52.7,68.8,0,0,16.3,40559.51
2024-04-23,83.8,54.8,70.5,0,0,19.5,45422.73
2024-04-24,81.5,55.2,69.7,0,0,17,44863.37
2024-04-25,74,55.4,64.5,0.055,3,16.7,41191.83
2024-04-26,63.9,50.1,56.6,0.063,5,19.9,33487.34
2024-04-27,60.8,44.5,51.5,0.118,7,15,35522.93
2024-04-28,66.9,43.2,54.2,0.016,3,8.3,45490.73
2024-04-29,72.7,42.1,59,0,0,16.8,36916.85
2024-04-30,74.6,46.7,63,0,0,12.9,43288.39
2024-05-01,71.4,50.9,61.1,0.043,2,21,43594.94
2024-05-02,67.1,41.9,55.4,0,0,12.8,46077.28
2024-05-03,71.5,49.2,61.2,0,0,25.8,46209.76
2024-05-04,77.6,42.9,61.9,0,0,17.6,46267.93
2024-05-05,73.8,44.4,63.9,0.197,5,31.1,22255.5
2024-05-06,61.9,39.8,50.2,0.031,3,17.8,46123.69
2024-05-07,63.5,42.3,51.7,0,0,25.9,46525.57
2024-05-08,57.9,37.2,48.2,0,0,20.7,46743.43
2024-05-09,64.9,44.8,54.8,0,0,17.3,46536.72
2024-05-10,67.3,41.8,56.3,0,0,15.2,46358.23
2024-05-11,66.9,48.4,57,0.012,3,9.8,27249.66
2024-05-12,76.7,45,62.3,0,0,13.9,47218.85
2024-05-13,81.3,51.1,69,0,0,9.1,47389.73
2024-05-14,82.7,55.2,70.1,0,0,20.5,44121.08
2024-05-15,75.3,55,66.5,0,0,15.2,47855.5
2024-05-16,78.8,53.1,68.1,0,0,7.2,48038.23
2024-05-17,86.4,56.8,73.2,0,0,15.3,46742.44
2024-05-18,87.1,57.9,73.7,0.004,1,16,45804.66
2024-05-19,84.5,59.4,73.9,0,0,18.4,46531.56
2024-05-20,81.6,57,69.2,0.02,3,23.6,41389.23
2024-05-21,66,49.5,57.1,0,0,16.6,37630.52
2024-05-22,76.8,42.3,60.9,0,0,18.9,48665.55
2024-05-23,75.9,56.7,64.5,0,0,24,48701.37
2024-05-24,75.6,46.2,61.4,0,0,14.7,42168.59
2024-05-25,76.1,54,63.1,0.008,2,23.6,41429.26
2024-05-26,75.2,44.5,62.8,0,0,9.1,48799.09
2024-05-27,83.5,52.2,70.3,0,0,9.4,48828.34
2024-05-28,88.4,57.9,75,0,0,9.8,48855.9
2024-05-29,89.6,61.5,77,0,0,19.6,48881.72
2024-05-30,83.3,58.9,72.8,0,0,11.5,48905.8
2024-05-31,85.8,57.5,73.6,0.004,1,16.3,45328.09
2024-06-01,92.3,57.5,76.8,0,0,17.1,48948.55
2024-06-02,90.3,65,79,0,0,14.9,48243.55
2024-06-03,92.7,64.3,78.7,0,0,21.8,37673.27
2024-06-04,85.8,60.9,75.2,0,0,14.6,48431.83
2024-06-05,91.5,59.9,78.4,0,0,7.9,49048.7
2024-06-06,95.7,66.1,83.8,0,0,8.2,49122.99
2024-06-07,99.4,70.4,85.9,0,0,16.1,48814.95
2024-06-08,95.6,67.3,83.7,0,0,12.5,49139.91
2024-06-09,97.5,70.7,85,0,0,14.3,45443.81
2024-06-10,93.3,72.3,83.2,0,0,10.9,43765.03
2024-06-11,94.7,67.9,84.1,0,0,11.7,49150.71
2024-06-12,101,68.7,87.2,0,0,20.6,49150.72
2024-06-13,99.6,71.1,86.5,0,0,20.8,49049.85
2024-06-14,89.9,72.6,80.6,0,0,18.7,43298.32
2024-06-15,96.6,63.4,80.9,0,0,14.8,49223.05
2024-06-16,96,70.1,84.6,0,0,21.2,49301.39
2024-06-17,92.5,64.2,80.9,0,0,25,49031.67
2024-06-18,76.9,51.6,66.1,0,0,20.6,49023.66
2024-06-19,91.3,62.3,76.6,0,0,17.4,47152.74
2024-06-20,89.2,67.5,78.8,0,0,30.4,43344.39
2024-06-21,83.3,60.4,71.5,0.248,4,18.1,45153
2024-06-22,85.8,61.3,73.1,0,0,12,49004.24
2024-06-23,92.6,62.8,78.1,0,0,14.6,48962.48
2024-06-24,94,66.9,82.3,0,0,12.2,49035.27
2024-06-25,99.4,66.3,86.3,0,0,8.7,48925.79
2024-06-26,93.6,77.5,85.7,0.016,1,16.2,38630.88
2024-06-27,90.5,68.3,79.4,0.031,3,16.9,40972.53
2024-06-28,93,61,78,0.047,2,15.6,48783
2024-06-29,96.6,66.1,83.3,0,0,22.5,48833.23
2024-06-30,94.7,73.2,84.9,0.02,2,24.7,48357.14
2024-07-01,95.6,74.7,85.1,0,0,22,48753.8
2024-07-02,89.2,67.8,80,0,0,17.2,49105.82
2024-07-03,98.3,65.7,82.1,0,0,21.6,49162.94
2024-07-04,92.7,65.7,80.8,0,0,19,49129.88
2024-07-05,91.2,66.5,79.8,0,0,11.2,49095.54
2024-07-06,95.9,66.2,81.5,0,0,18.5,49060
2024-07-07,96.6,66.4,83.2,0,0,20.5,48938.15
2024-07-08,92.6,68.6,82.5,0,0,17.3,48901.45
2024-07-09,96.8,67.5,84.6,0,0,13.4,48772.75
2024-07-10,99.6,66.3,86.2,0,0,18.4,48375.12
2024-07-11,101.7,71.8,87.9,0,0,10.3,48258.28
2024-07-12,102.4,70.4,89.8,0,0,8.4,48244.71
2024-07-13,103,74.9,90.2,0,0,12.5,47884.59
2024-07-14,102.5,76.1,90.6,0,0,12.4,47762.42
2024-07-15,100.2,75.4,89.5,0,0,13.3,46800
2024-07-16,95.5,76.5,86.4,0.008,1,16.2,47198.97
2024-07-17,97.9,70.2,86.6,0,0,10.1,47598.66
2024-07-18,97.8,74.9,87.5,0,0,13.9,47483.46
2024-07-19,98.1,76.2,88,0,0,15.2,46800
2024-07-20,97.7,74.7,86.9,0,0,15.7,47202.6
2024-07-21,96.5,73.5,85.6,0,0,18.9,47299.55
2024-07-22,95.4,71.5,84.1,0,0,16,47390.39
2024-07-23,96.8,71.1,86,0,0,5.3,47340.84
2024-07-24,100.7,74.8,88.7,0,0,9.9,47241.24
2024-07-25,99.8,75.8,89.6,0,0,18.3,42825.09
2024-07-26,97.3,74.6,87.1,0,0,11.4,46972.62
2024-07-27,98,73.6,87.5,0,0,21.1,46976.52
2024-07-28,96,69.5,84.9,0,0,15.2,47205.95
2024-07-29,97,68.3,84.6,0,0,14.7,47120.11
2024-07-30,96.9,68.5,85.1,0,0,13.2,47039.87
2024-07-31,98.3,70.7,86,0,0,12.4,47033.89
2024-08-01,100.6,68.7,86.9,0,0,10.7,46962.01
2024-08-02,100.8,76.4,89.8,0,0,14.5,46796.69
2024-08-03,99.1,76.8,88.4,0,0,12.7,43197.72
2024-08-04,97.1,76.8,87.5,0.024,1,21.1,45782.21
2024-08-05,99.7,73.4,87.4,0,0,16.6,45282.23
2024-08-06,99.5,73.2,88.7,0,0,12.5,46551.04
2024-08-07,99.7,77.1,89,0,0,17.9,46484.82
2024-08-08,98,71.9,85.5,0,0,15.4,39600
2024-08-09,89,74.7,81.1,0.031,2,20.4,46348.51
2024-08-10,89.3,64.3,77.5,0,0,13,46278.57
2024-08-11,90.7,68.9,76.3,0.276,4,10.1,36000
2024-08-12,91.1,66.3,77.3,0.02,3,17.2,42265.26
2024-08-13,80.7,64.9,72.3,0.244,8,17.6,37665.8
2024-08-14,85.6,61,73.7,0,0,8.8,45988.47
2024-08-15,93.2,62.2,77.9,0,0,14,45913.72
2024-08-16,96.6,64.5,82.4,0,0,10.8,45801.64
2024-08-17,96.1,68.2,82,0.075,2,18.2,45255.73
2024-08-18,87.5,65.4,76.9,0.024,1,10.2,40270.12
2024-08-19,93.3,70.7,82.7,0,0,6.7,42007.77
2024-08-20,97.9,67.7,84.4,0,0,11.7,45290.38
2024-08-21,93.1,70.5,83,0.047,2,22.1,42275.16
2024-08-22,86.3,71.8,78.1,0.067,2,18.6,36519.38
2024-08-23,83.2,65.4,73.3,0.146,7,18.3,41960.79
2024-08-24,83,63.3,73.8,0.012,1,22.1,44759.83
2024-08-25,78.6,63.1,70.5,0.201,6,24.5,44281.98
2024-08-26,82.3,55.2,70,0,0,12.9,44487.03
2024-08-27,87.7,53.2,72.3,0,0,9.2,44349.1
2024-08-28,92.9,59.1,78,0,0,12,43814.23
2024-08-29,90.1,61.6,78.1,0,0,8.7,44070.64
2024-08-30,90.1,58.4,77.6,0,0,8.5,43930.31
2024-08-31,91.4,56.1,77.9,0,0,7.1,43780.23
2024-09-01,92.2,61,78.7,0.004,1,17.9,42396.43
2024-09-02,91.4,63.7,79.3,0,0,10.9,42734.45
2024-09-03,92.9,66.3,80.7,0,0,7.7,42316.64
2024-09-04,90.4,66.4,79.1,0,0,12.7,42610.36
2024-09-05,87.9,61.8,76,0,0,16.3,42543.91
2024-09-06,87.4,61.3,76.2,0,0,7.9,42401.5
2024-09-07,90.3,60,77.4,0,0,5.9,42267.82
2024-09-08,92.2,64.1,79.5,0,0,13.3,41991.76
2024-09-09,91.6,65.3,78.5,0,0,14.1,38340.09
2024-09-10,89,59.9,77.1,0,0,10.2,41888.33
2024-09-11,91.5,63.1,78.2,0,0,20.1,39992.99
2024-09-12,87.2,65.3,77.1,0,0,23.7,41784.53
2024-09-13,80.3,53.5,68.8,0,0,12.7,41732.45
2024-09-14,87.9,55.6,73.5,0,0,9.8,41680.24
2024-09-15,88.5,60.6,75,0.008,2,14.7,41627.88
2024-09-16,83.5,63.2,74,0.004,1,25.6,41481.86
2024-09-17,76.4,59.5,69.1,0.004,1,26.9,41332.12
2024-09-18,78.5,51.1,66.1,0,0,10.1,41181.99
2024-09-19,81.5,51.8,67.9,0,0,11.6,41031.53
2024-09-20,85.7,55.7,71.3,0,0,15.5,40880.84
2024-09-21,76.9,56,67.3,0,0,17.3,35387.48
2024-09-22,75.5,53.7,65.5,0,0,9.6,40410.47
2024-09-23,80.3,50.3,67.8,0,0,7.9,40428.28
2024-09-24,83.1,53.4,70.6,0,0,7.2,39955.68
2024-09-25,88.4,55.8,73.6,0,0,5.6,40127.05
2024-09-26,89.5,59.7,75.8,0,0,7.2,39835.52
2024-09-27,89.8,57.9,75.1,0,0,9.8,39718.72
2024-09-28,89.6,60.9,75.8,0,0,5.4,39399.8
2024-09-29,90.3,59.3,76.6,0,0,6.7,38898.51
2024-09-30,89.4,61.2,76.8,0,0,11.3,38980.88
2024-10-01,86.1,59.4,75.1,0,0,5.8,38961.2
2024-10-02,86.4,50.9,72.1,0,0,5.3,38755.89
2024-10-03,85,52.2,71.4,0,0,7.3,38555.18
2024-10-04,88.5,49.9,72.3,0,0,13.8,38359.47
2024-10-05,83.4,56.7,72.6,0,0,14.6,38169.14
2024-10-06,81,55.3,68.9,0,0,7.7,37984.61
2024-10-07,82.1,51.5,69.4,0,0,8.1,37806.4
2024-10-08,82.1,52,69.9,0,0,5.5,37524.09
2024-10-09,82.2,53.4,69.3,0,0,8.8,37311.73
2024-10-10,84.3,51.7,70.5,0,0,8.7,37074.55
2024-10-11,86.8,54.5,71.7,0,0,11.4,36343.74
2024-10-12,84,53.2,70.6,0,0,8.3,36679.35
2024-10-13,83.5,52.2,68.4,0,0,13.4,36247.46
2024-10-14,80,58,67.4,0.004,1,16.4,29896.3
2024-10-15,76.7,51.2,65,0,0,6.4,36163.34
2024-10-16,75.9,52.4,65.6,0,0,21.7,36000
2024-10-17,73.8,53.9,63.1,0.039,2,22.8,31571.25
2024-10-18,56.7,48.3,51.4,0.803,14,11.2,9657.52
2024-10-19,57.9,45.7,51.7,0.134,6,13.7,29807.55
2024-10-20,59.3,46.9,52.3,0.091,6,9.5,30520.08
2024-10-21,60.6,42.9,50.8,0,0,5.1,35935.87
2024-10-22,62,40.1,52,0,0,5.3,35870.16
2024-10-23,63.6,41.5,53.3,0,0,4.3,35803.9
2024-10-24,65.9,43.9,55.9,0,0,7.3,35737.12
2024-10-25,64.7,37.3,52.5,0,0,5.3,35611.42
2024-10-26,66,41.1,54.9,0,0,4.6,35464.16
2024-10-27,66.9,41.5,54.7,0,0,7.5,34191.94
2024-10-28,67.7,49.8,58.2,0,0,24.2,17705.82
2024-10-29,55.3,39.4,50.5,0.134,9,26.1,35026.07
2024-10-30,48.3,33.9,40.7,0.071,3,7,34456.65
2024-10-31,57.1,27.9,40.3,0,0,14.2,34738.54
2024-11-01,55.5,29,42.3,0,0,4.7,34596.6
2024-11-02,61.6,31.8,45.6,0,0,16,22077.66
2024-11-03,46.8,37.7,41.3,0.331,15,10.5,7895.52
2024-11-04,47.6,31.8,39.2,0,0,12.8,34179.98
2024-11-05,49.3,29.7,36.5,0.004,1,20.1,29045.9
2024-11-06,40.7,26.3,33.8,0.004,1,23.1,26098.69
2024-11-07,45.9,29.1,35.7,0,0,18.6,33780.76
2024-11-08,46,26.9,37,0,0,9.5,24685.7
2024-11-09,53.5,34.8,42.8,0.004,1,6.4,32785.95
2024-11-10,52.5,31.3,42.1,0,0,3.3,33395.88
2024-11-11,55.3,29.5,42.4,0,0,4.9,33269.36
2024-11-12,52.4,36.2,44.5,0.012,3,18.8,30475.9
2024-11-13,49,27.1,37.6,0,0,3.9,33019.86
2024-11-14,52.4,24.6,38.3,0,0,6.4,32897.19
2024-11-15,61.9,29,44.2,0,0,26.3,32776.11
2024-11-16,48.7,32.2,39.8,0,0,7.9,32656.8
2024-11-17,46.7,25.8,35.4,0,0,6.3,32539.44
2024-11-18,50.7,29.1,38.1,0.004,1,13.3,30833.08
2024-11-19,39.8,27.5,33.6,0,0,12.9,32311.19
2024-11-20,42.5,23,31.8,0,0,4.9,32200.66
2024-11-21,45.1,24.1,33.9,0,0,4.9,32092.79
2024-11-22,46.8,24.6,34.7,0,0,3.6,31987.73
2024-11-23,53.7,24.3,39,0,0,7.2,31535.85
2024-11-24,56.4,37.1,47.4,0,0,15.9,29475.69
2024-11-25,44.8,26.1,36.2,0,0,6,26230.95
2024-11-26,38.5,33.7,36.6,0.248,15,6.4,0
2024-11-27,43,28.5,35.9,0.161,6,8,30803.61
2024-11-28,37.9,21.5,28.5,0,0,5.3,31181.52
2024-11-29,36.2,21.4,27.7,0,0,5.2,31056.42
2024-11-30,37.5,21,28.1,0,0,5.2,30940.54
2024-12-01,40.1,19.7,29.1,0,0,3.2,30834.21
2024-12-02,41.7,22.1,31,0,0,2.9,30321.73
2024-12-03,42.8,23.8,32.6,0,0,2.9,29022.03
2024-12-04,43.7,22.3,32.5,0,0,2.7,30629.99
2024-12-05,43.1,23.6,32.2,0,0,2.3,30560.2
2024-12-06,42.7,21,31.6,0,0,3.7,30545.72
2024-12-07,42.1,21.1,31.2,0,0,5.1,30493.04
2024-12-08,42.6,21.7,31.7,0,0,5.2,30411.28
2024-12-09,39.1,25.4,30.4,0.028,4,10.5,24181.44
2024-12-10,35,20.4,27.6,0,0,7.4,30451.53
2024-12-11,37.2,17.3,26,0,0,4.9,30434.31
2024-12-12,37,15,27,0,0,3.6,25584.25
2024-12-13,42.4,23.7,32.1,0,0,6.1,30447.71
2024-12-14,42.6,23.4,31.1,0,0,3.6,23665.04
2024-12-15,46.7,27.6,35.2,0,0,5.7,30473.92
2024-12-16,42.6,22.4,30.9,0,0,4.9,29814.42
2024-12-17,44.4,26.3,33.5,0,0,8,30435.89
2024-12-18,42.7,23.8,32.9,0,0,4.7,29843.13
2024-12-19,43.1,23.7,32.2,0,0,4.1,30416.31
2024-12-20,43.1,22.7,32.1,0,0,5,30412.94
2024-12-21,41.6,22.7,32,0,0,3.8,30413.78
2024-12-22,41.8,21.9,32.9,0,0,4.6,29659.25
2024-12-23,45.8,27.5,35.2,0,0,4.4,30427.95
2024-12-24,43.2,25,33.7,0.008,2,4.2,28517.65
2024-12-25,42.6,30.3,35.4,0.028,2,7.7,30458.51
2024-12-26,41.7,27.3,32,0.075,4,8.5,12804.44
2024-12-27,31.7,23.7,28.2,0.024,3,6.3,9470.01
2024-12-28,38.6,23.1,30.2,0,0,6.9,26039.34
2024-12-29,45.6,22.5,34.2,0,0,6.5,30567.29
2024-12-30,45.1,30,37,0,0,15.9,30604.11
2024-12-31,37.9,23.6,29.4,0,0,7,30644.67
