Date,Year,Month,TempMax_Mean,TempMin_Mean,TempMean,TempRange,TotalPrecipitation,AvgPrecipitation,PrecipDays,PrecipHours,AvgWindSpeed,MaxWindSpeed,TotalSunshine,AvgSunshine,DaysInMonth
1979-01-01,1979,1,27.587096774193547,8.864516129032259,18.85483870967742,18.72258064516129,1.556,0.050193548387096776,18,136,4.54516129032258,13.2,213.7543861111111,6.895302777777778,31
1979-02-01,1979,2,34.79642857142857,14.62142857142857,24.942857142857143,20.175,0.7949999999999999,0.028392857142857136,8,57,5.025,16.9,243.0587944444445,8.68067123015873,28
1979-03-01,1979,3,50.10645161290323,29.40967741935484,39.616129032258065,20.696774193548386,2.327,0.07506451612903227,16,141,8.703225806451613,18.7,305.2596666666666,9.847086021505376,31
1979-04-01,1979,4,62.56,37.22333333333333,50.45666666666666,25.336666666666666,0.649,0.02163333333333333,7,29,12.04,23.5,347.40992222222224,11.580330740740742,30
1979-05-01,1979,5,72.82903225806452,48.10322580645161,61.73225806451613,24.725806451612904,1.0750000000000002,0.034677419354838715,8,52,10.451612903225806,24.2,398.53358888888897,12.855922222222222,31
1979-06-01,1979,6,86.68666666666667,56.74,73.87666666666667,29.946666666666665,0.30000000000000004,0.009999999999999997,4,23,12.356666666666667,22.6,395.51146388888884,13.183715462962963,30
1979-07-01,1979,7,94.70967741935483,67.02903225806452,82.65483870967742,27.68064516129032,0.02,6.45161290322581e-4,3,4,10.958064516129033,18.8,407.8266972222222,13.155699910394265,31
1979-08-01,1979,8,88.40322580645162,62.248387096774195,76.7,26.15483870967742,1.0210000000000001,0.03293548387096775,8,38,10.251612903225807,14.1,386.16048055555564,12.456789695340502,31
1979-09-01,1979,9,86.85333333333334,57.43,73.72666666666666,29.423333333333336,0.036000000000000004,0.0012000000000000003,3,5,9.58,15.7,344.7076833333333,11.49025611111111,30
1979-10-01,1979,10,71.80322580645162,47.483870967741936,60.23870967741936,24.31935483870968,0.205,0.006612903225806453,4,18,9.216129032258065,26.9,304.48596944444444,9.822128046594981,31
1979-11-01,1979,11,43.86333333333334,25.35,34.52333333333333,18.513333333333335,1.034,0.034466666666666666,8,80,6.566666666666666,16.2,247.9294138888889,8.264313796296296,30
1979-12-01,1979,12,40.45483870967742,20.44516129032258,29.92258064516129,20.00967741935484,0.661,0.02132258064516129,7,54,4.083870967741936,11.3,241.53956666666664,7.791598924731183,31
1980-01-01,1980,1,42.061290322580646,25.648387096774194,33.435483870967744,16.412903225806453,1.803,0.05816129032258064,16,135,9.606451612903225,27.8,230.45803611111108,7.434130197132617,31
1980-02-01,1980,2,48.33793103448276,29.151724137931033,38.279310344827586,19.186206896551724,1.8440000000000003,0.06358620689655173,13,110,9.337931034482759,19.6,247.32162499999993,8.528331896551725,29
1980-03-01,1980,3,48.95483870967742,29.67741935483871,38.748387096774195,19.27741935483871,1.945,0.06274193548387097,18,134,11.13225806451613,20.6,307.9594944444444,9.934177240143368,31
1980-04-01,1980,4,61.72,35.38666666666667,49.17666666666667,26.333333333333332,1.3549999999999998,0.04516666666666666,10,65,10.68,23.3,349.61996388888883,11.653998796296296,30
1980-05-01,1980,5,69.8225806451613,45.43225806451613,58.75483870967742,24.39032258064516,1.276,0.041161290322580646,14,71,12.787096774193548,27.8,387.4570444444444,12.498614336917562,31
1980-06-01,1980,6,89.48666666666666,58.74,76.64666666666666,30.746666666666666,0,0,0,0,14.64,21.6,410.8521388888889,13.695071296296296,30
1980-07-01,1980,7,94.68064516129033,66.54193548387097,82.59354838709677,28.138709677419353,0.052000000000000005,0.0016774193548387097,5,7,11.903225806451612,18.8,411.4944527777778,13.274014605734768,31
1980-08-01,1980,8,88.98064516129033,63.09032258064516,77.17096774193548,25.89032258064516,0.9259999999999999,0.029870967741935484,8,46,12.319354838709678,22,387.03440555555557,12.48498082437276,31
1980-09-01,1980,9,79.71333333333334,55.14666666666667,68.02,24.566666666666666,1.788,0.0596,5,49,9.366666666666667,22.1,336.33800277777783,11.21126675925926,30
1980-10-01,1980,10,65.10645161290323,43.29354838709677,54.2,21.81290322580645,1.055,0.03403225806451613,7,58,7.474193548387097,17.1,297.32551944444447,9.591145788530467,31
1980-11-01,1980,11,54.43,32.31333333333333,42.92,22.116666666666667,0.279,0.0093,4,27,6.55,16.7,262.0733027777777,8.73577675925926,30
1980-12-01,1980,12,48.541935483870965,28.21290322580645,37.406451612903226,20.329032258064515,0.768,0.024774193548387096,4,40,5.641935483870967,17.2,252.3558611111112,8.14051164874552,31
1981-01-01,1981,1,47.34193548387097,28.980645161290322,37.54838709677419,18.361290322580647,0.327,0.010548387096774196,7,27,5.625806451612903,18.5,269.32642500000003,8.687949193548388,31
1981-02-01,1981,2,50.31785714285714,27.24642857142857,38.65,23.071428571428573,0.382,0.013642857142857142,2,20,8.289285714285715,23,260.37146666666666,9.298980952380953,28
1981-03-01,1981,3,52.15483870967742,31.74516129032258,41.86774193548387,20.40967741935484,1.5449999999999997,0.04983870967741935,18,111,8.9,22.1,306.26613055555555,9.87955259856631,31
1981-04-01,1981,4,70.62,42.85,57.81333333333333,27.77,0.634,0.02113333333333333,8,36,13.243333333333332,21.4,359.7250833333334,11.990836111111111,30
1981-05-01,1981,5,73.03870967741935,48.7,61.909677419354836,24.338709677419356,0.94,0.030322580645161284,12,53,13.896774193548387,25.1,386.1189222222223,12.455449103942653,31
1981-06-01,1981,6,89.11666666666666,62.236666666666665,77.48,26.88,0.17,0.005666666666666667,6,14,12.126666666666667,19.7,403.6338111111112,13.45446037037037,30
1981-07-01,1981,7,91.79032258064517,66.04193548387097,80.31290322580645,25.748387096774195,0.8400000000000002,0.02709677419354839,10,29,10.796774193548387,20,398.7851694444444,12.864037724014336,31
1981-08-01,1981,8,89.26774193548387,63.39677419354839,77.93548387096774,25.870967741935484,0.43800000000000006,0.014129032258064516,12,32,9.299999999999999,17.5,383.02392222222227,12.355610394265232,31
1981-09-01,1981,9,79.57666666666667,55.39666666666667,68.15666666666667,24.18,2.2929999999999997,0.07643333333333331,8,69,8.8966666666666665,20.2,338.66321111111114,11.288773703703704,30
1981-10-01,1981,10,61.33548387096774,42.44516129032258,51.832258064516125,18.89032258064516,2.2210000000000005,0.07164516129032257,14,89,10.13225806451613,20.8,295.475138888889,9.531456093189965,31
1981-11-01,1981,11,54.56666666666667,32.4,43.276666666666664,22.166666666666668,0.697,0.023233333333333335,6,54,7.5,19.6,244.49655277777777,8.149885092592593,30
1981-12-01,1981,12,44.616129032258065,24.983870967741936,34.1258064516129,19.63225806451613,0.733,0.023645161290322587,6,49,6.183870967741936,14.4,225.3510555555555,7.269388888888889,31
1982-01-01,1982,1,37.63548387096774,15.803225806451612,26.54516129032258,21.83225806451613,1.3780000000000001,0.04445161290322581,11,87,8.76774193548387,20.2,236.46111944444448,7.627778046594982,31
1982-02-01,1982,2,45.07142857142857,22.646428571428572,33.43214285714286,22.425,0.23300000000000004,0.00832142857142857,6,27,6.160714285714286,14.6,256.48325,9.160116071428572,28
1982-03-01,1982,3,53.406451612903226,32.57419354838709,42.729032258064514,20.83225806451613,2.169,0.06996774193548387,18,145,12.27741935483871,26,315.19661388888886,10.16763270609319,31
1982-04-01,1982,4,63.35666666666667,38.11,51.45333333333333,25.246666666666666,0.067,0.0022333333333333337,4,8,14.633333333333333,26.2,358.757911111111,11.958597037037036,30
1982-05-01,1982,5,73.29032258064517,49.093548387096774,62.31290322580645,24.19677419354839,0.45200000000000007,0.014580645161290323,12,34,12.993548387096775,24.4,392.1376027777778,12.649600089605736,31
1982-06-01,1982,6,84.92666666666666,57.54333333333334,73.15666666666667,27.383333333333333,0.09899999999999999,0.003300000000000001,3,8,12.610000000000001,27.3,399.2466999999999,13.308223333333332,30
1982-07-01,1982,7,91.05483870967743,64.8741935483871,79.60322580645162,26.18064516129032,0.22899999999999998,0.007387096774193548,9,20,11.109677419354838,20.8,411.1097,13.261603225806452,31
1982-08-01,1982,8,87.66451612903226,64.38064516129032,77.00322580645161,23.283870967741937,0.927,0.029903225806451612,13,43,8.393548387096775,17.4,369.68726666666663,11.925395698924731,31
1982-09-01,1982,9,78.05,54.38,66.76666666666667,23.669999999999998,1.56,0.052000000000000005,14,64,11.183333333333334,21.9,318.40144166666664,10.61338138888889,30
1982-10-01,1982,10,63.08387096774194,39.30967741935484,51.770967741935486,23.774193548387096,0.248,0.007999999999999997,7,29,9.896774193548387,20.2,289.0846777777777,9.325312186379929,31
1982-11-01,1982,11,48.32,29.333333333333332,38.29666666666667,18.986666666666665,2.0540000000000003,0.06846666666666666,9,91,8.356666666666667,22.4,231.99954722222222,7.733318240740741,30
1982-12-01,1982,12,41.774193548387096,25.206451612903226,32.80967741935484,16.567741935483873,0.91,0.02935483870967742,10,75,6.919354838709678,16.7,234.93606111111103,7.578582616487455,31
1983-01-01,1983,1,41.061290322580646,21.616129032258065,31.135483870967743,19.44516129032258,1.3579999999999999,0.04380645161290323,12,98,4.629032258064516,11.5,226.6738861111111,7.312060842293907,31
1983-02-01,1983,2,46.4,26.87857142857143,36.225,19.521428571428572,1.0920000000000003,0.039,12,81,7.175,16.6,244.45903333333328,8.730679761904762,28
1983-03-01,1983,3,50.60645161290323,32.538709677419355,41.090322580645164,18.06774193548387,3.095,0.09983870967741935,22,202,9.825806451612904,23.1,264.2367194444444,8.523765143369175,31
1983-04-01,1983,4,56.29333333333333,33.32666666666667,45.28666666666667,22.966666666666665,0.631,0.021033333333333334,16,65,11.82,24.7,351.66389444444445,11.722129814814814,30
1983-05-01,1983,5,70.19677419354839,45.403225806451616,58.980645161290326,24.793548387096774,0.627,0.020225806451612902,9,42,12.816129032258065,26.7,396.2176194444445,12.781213530465951,31
1983-06-01,1983,6,81.88666666666667,56.60333333333333,70.71333333333334,25.28333333333333,0.7090000000000001,0.023633333333333333,8,30,12.280000000000001,21.5,380.14051388888885,12.671350462962963,30
1983-07-01,1983,7,88.83225806451613,64.04516129032258,77.47419354838709,24.787096774193547,1.5079999999999998,0.04864516129032258,13,58,10.69032258064516,23.4,402.5820472222222,12.986517652329749,31
1983-08-01,1983,8,89.60967741935484,64.83548387096775,78.39677419354838,24.774193548387096,0.454,0.01464516129032258,11,31,8.383870967741936,14.9,385.65431666666666,12.44046182795699,31
1983-09-01,1983,9,83.06,58.53666666666667,71.52666666666667,24.523333333333333,1.174,0.03913333333333332,11,43,11.383333333333333,21.2,338.09007222222226,11.269669074074073,30
1983-10-01,1983,10,67.54516129032258,44.4741935483871,56.10322580645161,23.070967741935483,0.45299999999999996,0.014612903225806455,4,24,7.922580645161291,19,309.89587777777774,9.996641218637993,31
1983-11-01,1983,11,51.04333333333333,31.083333333333332,41.07666666666667,19.96,1.2850000000000001,0.042833333333333334,15,94,9.513333333333334,21.8,249.41125555555547,8.313708518518519,30
1983-12-01,1983,12,41.9,25.26774193548387,32.92580645161291,16.63225806451613,1.1869999999999998,0.038290322580645166,18,103,8.980645161290322,19.4,226.60954444444448,7.309985304659499,31
1984-01-01,1984,1,38.145161290322584,15.451612903225806,26.29032258064516,22.693548387096776,0.398,0.012838709677419355,3,33,4.887096774193548,14.3,250.0732444444444,8.066878853046594,31
1984-02-01,1984,2,44.16206896551724,24.044827586206896,33.40689655172414,20.117241379310347,0.4570000000000001,0.015758620689655178,8,51,7.375862068965517,17.8,269.28555,9.285708620689654,29
1984-03-01,1984,3,52.15806451612903,30.270967741935483,41.29677419354839,21.887096774193548,1.218,0.039290322580645166,17,98,10.477419354838709,20.8,327.694,10.570774193548386,31
1984-04-01,1984,4,60.3,35.513333333333335,48.556666666666665,24.786666666666665,0.8889999999999999,0.029633333333333328,12,65,12.473333333333333,21.8,348.5119138888889,11.617063796296295,30
1984-05-01,1984,5,79.72258064516129,51.57741935483871,67.26129032258065,28.14516129032258,0.32,0.01032258064516129,10,22,13.05483870967742,21.7,401.4135305555555,12.948823566308244,31
1984-06-01,1984,6,81.41,55.31666666666666,69.54666666666667,26.093333333333334,2.2730000000000006,0.07576666666666666,12,68,11.083333333333334,21.5,378.8566027777777,12.628553425925926,30
1984-07-01,1984,7,90.58064516129032,65.6741935483871,79.22903225806452,24.906451612903226,0.71,0.022903225806451613,15,46,9.04516129032258,20.1,403.9788361111112,13.031575358422938,31
1984-08-01,1984,8,86.60322580645162,63.69032258064516,76.1774193548387,22.912903225806453,1.63,0.052580645161290324,11,72,8.174193548387096,19.2,383.58385555555566,12.373672759856632,31
1984-09-01,1984,9,80.55,54.43666666666667,68.35666666666667,26.113333333333333,0.37100000000000005,0.012366666666666668,5,20,10.813333333333333,24.2,339.4923444444444,11.316411481481483,30
1984-10-01,1984,10,56.36129032258064,37.62258064516129,46.880645161290325,18.738709677419354,3.043,0.09816129032258064,16,123,8.906451612903226,24.9,290.92503611111107,9.384678584229391,31
1984-11-01,1984,11,51.38,31.150000000000002,40.37,20.23,0.364,0.012133333333333335,7,30,9.263333333333334,26.9,252.60261666666665,8.420087222222222,30
1984-12-01,1984,12,40.983870967741936,25.87741935483871,32.86774193548387,15.106451612903225,2.02,0.06516129032258064,12,118,7.858064516129033,19.4,224.92978888888888,7.2557996415770605,31
1985-01-01,1985,1,37,20.59032258064516,28.383870967741935,16.40967741935484,1.1860000000000002,0.03825806451612903,7,65,5.012903225806451,11.4,252.6104833333333,8.148725268817204,31
1985-02-01,1985,2,42.275,22.353571428571428,31.825,19.92142857142857,0.36300000000000004,0.012964285714285715,5,31,8.25,16.1,256.18050277777775,9.14930367063492,28
1985-03-01,1985,3,53.25483870967742,31.551612903225806,42.57096774193548,21.703225806451613,1.536,0.0495483870967742,11,87,12.735483870967741,30.5,305.3103944444444,9.84872240143369,31
1985-04-01,1985,4,65.15333333333334,40.266666666666666,53.4,24.886666666666667,2.2409999999999997,0.0747,10,91,10.516666666666666,20.2,338.15683055555553,11.27189435185185,30
1985-05-01,1985,5,76.1483870967742,49.354838709677416,64.29677419354839,26.793548387096774,0.515,0.016612903225806455,9,36,13.112903225806452,25.1,389.91041111111105,12.577755197132616,31
1985-06-01,1985,6,88.65,60.15,76.50666666666666,28.5,0.154,0.005133333333333332,3,8,11.55,20.8,406.3309916666667,13.544366388888887,30
1985-07-01,1985,7,90.49032258064516,65.10967741935484,79.2,25.380645161290325,0.896,0.02890322580645162,15,51,9.403225806451612,15.7,408.13269166666663,13.165570698924732,31
1985-08-01,1985,8,92.01612903225806,63.751612903225805,79.76451612903226,28.26451612903226,0.047,0.0015161290322580647,3,4,11.138709677419355,20.6,388.9079833333334,12.545418817204302,31
1985-09-01,1985,9,74.23333333333333,51.26,63.32,22.973333333333333,1.5120000000000002,0.05040000000000001,13,59,12.706666666666667,21.2,322.51356944444444,10.750452314814815,30
1985-10-01,1985,10,65.0741935483871,42.541935483870965,54.01935483870968,22.532258064516128,1.3829999999999998,0.04461290322580645,11,83,8.858064516129032,24.5,299.7489472222223,9.669320878136201,31
1985-11-01,1985,11,49.29666666666667,31.39666666666667,40.08,17.9,2.0130000000000003,0.0671,11,98,11.42,25,232.64276666666663,7.7547588888888885,30
1985-12-01,1985,12,39.061290322580646,20.693548387096772,29.593548387096774,18.36774193548387,0.929,0.02996774193548388,5,36,4.064516129032258,9.4,249.7563583333333,8.056656720430109,31
1986-01-01,1986,1,47.78387096774193,27.251612903225805,36.45483870967742,20.532258064516128,0.28,0.009032258064516128,6,24,5.425806451612903,18.3,259.27604166666674,8.363743279569892,31
1986-02-01,1986,2,49.76428571428571,30.92857142857143,40.04642857142857,18.835714285714285,0.8570000000000001,0.030607142857142857,10,67,10.875,26.1,249.89803611111108,8.924929861111112,28
1986-03-01,1986,3,59.97741935483871,35.66451612903226,48.10322580645161,24.31290322580645,1.0619999999999998,0.03425806451612903,10,78,9.45483870967742,21.8,318.8162111111111,10.284393906810035,31
1986-04-01,1986,4,63.35,39.873333333333335,51.92333333333333,23.476666666666667,1.6859999999999995,0.0562,14,92,13.526666666666667,22.6,341.5327444444445,11.384424814814816,30
1986-05-01,1986,5,74.39032258064516,48.49032258064516,63.0258064516129,25.900000000000002,0.6100000000000001,0.019677419354838712,6,46,13.519354838709678,34.4,390.57564166666657,12.599214247311828,31
1986-06-01,1986,6,88.35,60.986666666666665,76.51,27.363333333333333,0.299,0.009966666666666667,3,17,10.936666666666667,19.2,396.7462277777779,13.22487425925926,30
1986-07-01,1986,7,89.15161290322581,63.31290322580645,77.64516129032258,25.838709677419356,0.661,0.02132258064516129,10,43,11.76774193548387,17.9,399.9432666666666,12.90139569892473,31
1986-08-01,1986,8,89.23225806451613,64.47096774193548,78.27741935483871,24.761290322580646,0.714,0.02303225806451612,12,31,9.635483870967743,16.7,381.1242694444444,12.294331272401434,31
1986-09-01,1986,9,74.63,53.46,64.27666666666667,21.169999999999998,2.2180000000000004,0.07393333333333332,16,120,13.95,22.2,313.92545277777776,10.46418175925926,30
1986-10-01,1986,10,60.409677419354836,38.71935483870968,49.061290322580646,21.690322580645162,1.866,0.06019354838709678,13,98,6.887096774193549,17.2,289.91180833333334,9.351993817204301,31
1986-11-01,1986,11,50.416666666666664,30.413333333333334,39.51,20.003333333333334,0.7050000000000002,0.023499999999999997,9,50,7.85,18.3,256.3149916666667,8.543833055555556,30
1986-12-01,1986,12,41.41935483870968,24.26451612903226,32.3,17.15483870967742,0.932,0.030064516129032257,4,52,4.054838709677419,8.2,233.50943055555558,7.532562275985663,31
1987-01-01,1987,1,39.33548387096774,20.14516129032258,29.09032258064516,19.190322580645162,0.8380000000000001,0.027032258064516132,11,71,7.219354838709678,23.1,245.29466944444448,7.912731272401434,31
1987-02-01,1987,2,45.19642857142857,27.439285714285713,35.832142857142856,17.757142857142856,1.302,0.04650000000000001,15,97,6.9071428571428575,15.5,224.4734222222222,8.016907936507936,28
1987-03-01,1987,3,50.60322580645161,28.63225806451613,39.42258064516129,21.970967741935485,1.0950000000000002,0.03532258064516129,13,92,9.661290322580644,22.9,309.86795555555557,9.995740501792115,31
1987-04-01,1987,4,67.55333333333334,38.86666666666667,54.846666666666664,28.686666666666667,0.4810000000000001,0.01603333333333333,8,34,10.01,24.4,353.65794722222216,11.788598240740741,30
1987-05-01,1987,5,74.9258064516129,49.535483870967745,63.63870967741936,25.39032258064516,0.846,0.027290322580645163,13,52,12.158064516129032,21.8,403.5865472222221,13.0189208781362,31
1987-06-01,1987,6,88.35666666666667,60.50333333333333,76.48333333333333,27.85333333333333,0.138,0.0046,3,6,10.626666666666667,20.9,401.1943277777779,13.37314425925926,30
1987-07-01,1987,7,88.8225806451613,62.619354838709675,77.31612903225806,26.203225806451613,1.7209999999999999,0.055516129032258034,11,51,12.04516129032258,20.7,392.1659833333332,12.650515591397848,31
1987-08-01,1987,8,84.06129032258065,59.13225806451613,72.29677419354839,24.929032258064517,2.339,0.07545161290322581,9,63,8.92258064516129,20.4,380.3095444444444,12.26804982078853,31
1987-09-01,1987,9,80.04,54.55,68.13,25.49,0.22500000000000003,0.0075,4,11,7.653333333333333,13.9,337.9943777777778,11.26647925925926,30
1987-10-01,1987,10,68.48709677419355,46.487096774193546,57.94516129032258,22,2.282,0.07361290322580645,9,96,6.138709677419355,14.8,293.92940555555555,9.481593727598566,31
1987-11-01,1987,11,48.35,30.31,38.906666666666666,18.04,2.0399999999999996,0.068,13,89,6.676666666666667,15.6,253.6721805555555,8.455739351851852,30
1987-12-01,1987,12,38.16451612903226,22.309677419354838,29.716129032258063,15.85483870967742,0.9720000000000002,0.03135483870967742,12,73,7.158064516129032,18.7,223.61929722222217,7.213525716845878,31
1988-01-01,1988,1,31.129032258064516,10.493548387096775,21.358064516129033,20.635483870967743,1.524,0.049161290322580646,11,96,4.829032258064516,14.5,237.44449722222225,7.659499910394265,31
1988-02-01,1988,2,42.65862068965517,20.06206896551724,31.16896551724138,22.59655172413793,0.6540000000000001,0.022551724137931033,7,57,5.510344827586207,16.9,268.18546388888893,9.247774616858237,29
1988-03-01,1988,3,49.71612903225807,27.732258064516127,38.71290322580645,21.983870967741936,0.997,0.032161290322580645,14,98,10.42258064516129,22.8,317.10223888888885,10.229104480286738,31
1988-04-01,1988,4,63.47333333333333,38.126666666666665,51.65,25.346666666666668,1.452,0.0484,12,78,10.373333333333333,22,345.50384722222225,11.516794907407409,30
1988-05-01,1988,5,75.08709677419354,47.696774193548386,62.73548387096774,27.39032258064516,0.516,0.01664516129032258,8,31,13.335483870967742,27.8,405.51374166666665,13.081088440860215,31
1988-06-01,1988,6,89.48666666666666,61.59,77.44333333333333,27.896666666666665,0.30000000000000004,0.009999999999999995,7,18,10.756666666666666,21,398.8380444444444,13.29460148148148,30
1988-07-01,1988,7,93.9,67.0741935483871,82.33225806451613,26.825806451612902,0.134,0.00432258064516129,7,12,10.819354838709678,17.9,410.7788305555555,13.250930017921146,31
1988-08-01,1988,8,89.02903225806452,64.38709677419355,77.64516129032258,24.641935483870967,0.669,0.021580645161290324,8,28,9.341935483870968,15.8,381.85633611111115,12.317946326164874,31
1988-09-01,1988,9,78.51,52.593333333333334,66.25333333333333,25.916666666666668,1.233,0.0411,8,41,10.043333333333333,19.6,339.9196805555556,11.330656018518518,30
1988-10-01,1988,10,73.31290322580645,48.85806451612903,61.49354838709677,24.45483870967742,0.271,0.008741935483870967,4,17,7.216129032258064,14,308.67651944444435,9.957307078853045,31
1988-11-01,1988,11,52.53333333333333,33.916666666666664,42.79666666666667,18.616666666666667,0.5670000000000001,0.0189,9,40,10.846666666666668,23.1,256.90286388888893,8.563428796296296,30
1988-12-01,1988,12,42.4258064516129,24.325806451612902,32.70645161290322,18.099999999999998,0.484,0.015612903225806453,7,49,7.02258064516129,17.7,245.76048055555555,7.927757437275986,31
1989-01-01,1989,1,37.36774193548387,15.087096774193549,26.048387096774192,22.280645161290323,0.6820000000000002,0.022000000000000002,6,50,5.861290322580645,16.6,252.99941944444444,8.161271594982079,31
1989-02-01,1989,2,39.27857142857143,17.660714285714285,28.58214285714286,21.617857142857144,1.058,0.03778571428571428,7,61,8.071428571428571,24.3,257.08747777777785,9.181695634920636,28
1989-03-01,1989,3,60.958064516129035,34.97741935483871,48.08387096774194,25.980645161290322,0.5750000000000001,0.018548387096774192,8,41,12.964516129032258,26.4,324.06697777777777,10.45377347670251,31
1989-04-01,1989,4,71.34333333333333,46.13333333333333,59.736666666666665,25.21,0.044,0.0014666666666666665,2,6,14.186666666666667,22.3,361.05608333333333,12.035202777777778,30
1989-05-01,1989,5,77.4258064516129,52.22258064516129,66.06129032258065,25.203225806451613,0.339,0.010935483870967743,6,28,13.95483870967742,24.8,403.1686611111111,13.005440681003584,31
1989-06-01,1989,6,86.21,58.94,74.35333333333334,27.27,0.047,0.0015666666666666663,3,4,12.443333333333333,22.9,401.2449777777777,13.374832592592593,30
1989-07-01,1989,7,93.56451612903226,66.47096774193548,81.95483870967742,27.093548387096774,0.26,0.008387096774193546,8,14,9.958064516129033,20,409.46172777777775,13.20844283154122,31
1989-08-01,1989,8,88.19354838709677,61.387096774193544,76.3225806451613,26.806451612903228,0.327,0.010548387096774196,6,21,11.570967741935483,19.1,389.8136444444445,12.574633691756272,31
1989-09-01,1989,9,81.79,54.95333333333333,69.43666666666667,26.836666666666666,0.7669999999999999,0.025566666666666665,5,30,11.056666666666667,20.4,341.3875361111111,11.379584537037037,30
1989-10-01,1989,10,68.72903225806452,43.76129032258064,56.829032258064515,24.967741935483872,0.29600000000000004,0.009548387096774195,6,21,9.790322580645162,23.2,312.87999444444443,10.092903046594982,31
1989-11-01,1989,11,55.22,34.43333333333333,44.69,20.786666666666665,0.047,0.001566666666666666,1,6,7.696666666666666,29.2,264.12432222222225,8.804144074074074,30
1989-12-01,1989,12,44.16451612903226,25.748387096774195,34.47741935483871,18.416129032258066,0.16900000000000004,0.005451612903225806,5,19,5.535483870967742,11.3,256.18286111111115,8.263963261648746,31
1990-01-01,1990,1,39.57096774193548,16.509677419354837,27.28709677419355,23.061290322580646,1.074,0.034645161290322586,10,94,6.951612903225806,18.4,245.37764444444448,7.91540788530466,31
1990-02-01,1990,2,45.14642857142857,23.760714285714286,34.30357142857143,21.385714285714286,0.8540000000000001,0.030500000000000003,11,78,8.846428571428572,24.1,254.34105277777778,9.083609027777777,28
1990-03-01,1990,3,57.329032258064515,34.12258064516129,45.83870967741935,23.206451612903226,0.689,0.022225806451612904,11,78,10.480645161290322,21.7,307.2358833333334,9.910834946236559,31
1990-04-01,1990,4,68.03333333333333,42.94,56.63333333333333,25.093333333333334,0.635,0.02116666666666667,12,58,11.776666666666667,26.6,347.9427305555555,11.598091018518518,30
1990-05-01,1990,5,75.28709677419354,48.403225806451616,63.47096774193548,26.883870967741935,0.386,0.012451612903225807,7,27,14.86774193548387,28,403.45026388888886,13.014524641577061,31
1990-06-01,1990,6,90.87666666666667,62.013333333333335,78.58333333333333,28.863333333333333,0.158,0.005266666666666665,2,6,14.176666666666666,23,408.1582333333333,13.605274444444444,30
1990-07-01,1990,7,90.83548387096774,65.75483870967741,79.68064516129033,25.080645161290324,0.736,0.02374193548387096,11,35,11.412903225806451,18.8,406.3400555555555,13.107743727598566,31
1990-08-01,1990,8,88.88064516129032,62.28709677419355,77.27096774193548,26.593548387096774,0.6960000000000001,0.022451612903225806,6,34,11.30967741935484,18.5,386.58488888888894,12.470480286738352,31
1990-09-01,1990,9,82.41,57.9,71.20666666666666,24.509999999999998,0.7250000000000001,0.024166666666666666,10,35,8.006666666666666,13.8,315.67796111111124,10.522598703703704,30
1990-10-01,1990,10,67.30322580645161,41.91612903225806,54.72258064516129,25.387096774193548,1.137,0.03667741935483871,7,52,9.293548387096774,19.8,306.5050944444444,9.88726111111111,31
1990-11-01,1990,11,52.56,30.183333333333334,41.21333333333333,22.376666666666665,1.067,0.03556666666666667,8,62,8.006666666666666,24,252.72366388888895,8.42412212962963,30
1990-12-01,1990,12,33.95161290322581,13.087096774193547,23.44516129032258,20.864516129032257,0.6579999999999999,0.021225806451612903,8,50,7.661290322580645,22,253.29088055555553,8.170673566308244,31
1991-01-01,1991,1,29.674193548387095,8.612903225806452,19.480645161290322,21.061290322580646,0.8570000000000001,0.02764516129032259,5,39,4.196774193548387,12.7,253.08559722222216,8.164051523297491,31
1991-02-01,1991,2,47.121428571428574,24.71785714285714,35.39642857142857,22.40357142857143,0.31899999999999995,0.011392857142857139,3,22,5.460714285714285,13,256.13591666666673,9.14771130952381,28
1991-03-01,1991,3,52.04838709677419,30.251612903225805,41.151612903225804,21.796774193548387,1.351,0.04358064516129032,16,95,13.051612903225806,30.4,299.6091611111112,9.66481164874552,31
1991-04-01,1991,4,61.836666666666666,36.75333333333333,49.986666666666665,25.083333333333332,0.21300000000000002,0.0070999999999999995,9,24,13.563333333333333,26.8,358.43456666666674,11.94781888888889,30
1991-05-01,1991,5,75.33870967741936,48.83870967741935,63.48064516129032,26.5,0.166,0.00535483870967742,7,16,16.980645161290322,28.8,394.46320833333334,12.724619623655913,31
1991-06-01,1991,6,85.96000000000001,58.016666666666666,73.96333333333334,27.943333333333335,0.627,0.0209,6,30,13.863333333333333,23,397.2145861111111,13.240486203703703,30
1991-07-01,1991,7,91.53870967741935,65.66774193548387,80.45483870967742,25.870967741935484,0.15300000000000002,0.004935483870967742,6,14,9.941935483870967,16,406.43781666666655,13.110897311827957,31
1991-08-01,1991,8,89.4258064516129,64.5,78.27741935483871,24.925806451612903,0.34900000000000003,0.011258064516129032,12,22,9.248387096774193,15.9,377.217175,12.168295967741937,31
1991-09-01,1991,9,78.72,54.82333333333333,67.45,23.89666666666667,1.4579999999999997,0.0486,12,73,8.486666666666666,16.9,340.29,11.343,30
1991-10-01,1991,10,68.77741935483871,46.12903225806452,58.07741935483871,22.648387096774194,0.9799999999999999,0.031612903225806455,7,66,9.229032258064516,20.4,292.1622527777778,9.424588799283153,31
1991-11-01,1991,11,48.96666666666667,30.553333333333335,39.45,18.413333333333334,1.3699999999999999,0.04566666666666667,8,66,7.296666666666667,14,256.537725,8.5512575,30
1991-12-01,1991,12,39.9741935483871,23.85483870967742,31.36774193548387,16.119354838709675,0.7080000000000001,0.022838709677419355,7,62,3.9806451612903224,10,233.48298611111107,7.531709229390681,31
1992-01-01,1992,1,34.270967741935486,13.535483870967742,23.648387096774194,20.73548387096774,0.543,0.01751612903225806,4,30,4.041935483870968,6.9,246.72289444444453,7.958803046594982,31
1992-02-01,1992,2,46.84137931034483,28.051724137931036,36.97931034482759,18.78965517241379,1.122,0.0386896551724138,12,73,6.775862068965517,17.2,243.89701666666662,8.41024195402299,29
1992-03-01,1992,3,56.174193548387095,33.61290322580645,44.79032258064516,22.561290322580646,1.7859999999999998,0.05761290322580645,17,110,8.606451612903225,15.7,310.21715,10.007004838709678,31
1992-04-01,1992,4,71.75,44.56666666666666,59.28333333333333,27.183333333333334,0.23600000000000002,0.00786666666666667,5,20,11.553333333333333,20.7,359.5091194444445,11.983637314814816,30
1992-05-01,1992,5,77.04516129032258,52.035483870967745,65.43870967741935,25.00967741935484,1.2389999999999999,0.03996774193548387,14,49,10.387096774193548,19.1,383.71220000000005,12.377812903225806,31
1992-06-01,1992,6,85.83333333333333,58.68333333333334,74.14666666666666,27.150000000000002,0.08800000000000001,0.002933333333333334,7,8,12.373333333333333,23.8,404.69404166666664,13.489801388888889,30
1992-07-01,1992,7,88.86451612903225,63.23225806451613,77.36129032258064,25.63225806451613,0.6120000000000001,0.01974193548387097,9,26,11.86774193548387,21.6,390.05489722222217,12.582416039426523,31
1992-08-01,1992,8,89.37741935483871,63.616129032258065,77.73548387096774,25.761290322580646,0.31200000000000006,0.010064516129032258,9,18,11.509677419354839,17.1,372.61380833333334,12.019800268817205,31
1992-09-01,1992,9,81.13666666666667,55.85666666666667,69.44,25.28,0.7440000000000001,0.024800000000000006,4,14,10.26,19.6,338.5573555555555,11.285245185185184,30
1992-10-01,1992,10,70.62903225806451,47.12258064516129,59.37096774193548,23.506451612903227,1.15,0.03709677419354838,7,65,8.983870967741936,22.2,297.8202138888888,9.607103673835125,31
1992-11-01,1992,11,43.406666666666666,26.81,34.88666666666667,16.596666666666668,0.964,0.03213333333333333,10,54,6.273333333333333,20.1,250.44861111111115,8.348287037037037,30
1992-12-01,1992,12,32.71935483870968,11.925806451612903,22.52258064516129,20.793548387096774,1.2760000000000002,0.041161290322580646,9,75,6.009677419354839,18.8,231.17908611111108,7.4573898745519704,31
1993-01-01,1993,1,38.516129032258064,21.36774193548387,29.758064516129032,17.148387096774194,3.119,0.10061290322580645,16,180,6.041935483870968,19.8,205.42361388888887,6.626568189964158,31
1993-02-01,1993,2,43.964285714285715,28.235714285714284,35.68928571428572,15.728571428571428,1.8849999999999996,0.06732142857142857,18,144,9.20357142857143,24.3,241.1147222222222,8.61124007936508,28
1993-03-01,1993,3,56.10967741935484,34.03548387096774,45.18387096774194,22.074193548387097,0.922,0.029741935483870975,9,63,9.087096774193547,17.5,319.61469166666666,10.310151344086021,31
1993-04-01,1993,4,63.123333333333335,38.82666666666667,51.63333333333333,24.296666666666667,0.8700000000000001,0.028999999999999998,12,69,12.77,24.9,349.1045194444445,11.636817314814815,30
1993-05-01,1993,5,75.46451612903226,48.541935483870965,63.10322580645161,26.92258064516129,1.689,0.05448387096774194,14,75,11.654838709677419,18.3,390.49803333333324,12.596710752688171,31
1993-06-01,1993,6,84.27333333333334,57.843333333333334,72.67,26.43,0.161,0.005366666666666667,6,12,13.79,25.7,402.66553333333337,13.422184444444445,30
1993-07-01,1993,7,91.16129032258064,64.15161290322581,79.43225806451613,27.009677419354837,0.122,0.0039354838709677415,4,6,13.645161290322582,20.6,407.1506833333334,13.133893010752688,31
1993-08-01,1993,8,88.0741935483871,62.52903225806452,76.3225806451613,25.545161290322582,0.47,0.015161290322580644,13,28,11.835483870967742,20.4,378.1570583333334,12.198614784946235,31
1993-09-01,1993,9,81.58,53.62,68.94,27.96,0.05500000000000001,0.0018333333333333342,3,8,10.766666666666667,19.8,344.1043277777778,11.470144259259259,30
1993-10-01,1993,10,61.63225806451613,42.093548387096774,52.05161290322581,19.538709677419355,2.2359999999999998,0.07212903225806451,12,99,6.474193548387097,19.1,299.5783277777778,9.663817025089605,31
1993-11-01,1993,11,46.17,26.826666666666668,36.18666666666667,19.343333333333334,0.4730000000000001,0.015766666666666665,6,39,7.116666666666667,15.9,260.92673888888885,8.697557962962962,30
1993-12-01,1993,12,41.08387096774194,22.135483870967743,31.206451612903226,18.948387096774194,0.24,0.007741935483870968,5,32,6.554838709677419,19.5,242.73244999999997,7.830079032258064,31
1994-01-01,1994,1,43.71612903225807,23.232258064516127,33.13870967741936,20.483870967741936,0.6140000000000001,0.019806451612903224,6,53,5.583870967741936,14,254.05959166666668,8.195470698924732,31
1994-02-01,1994,2,43.714285714285715,21.325,32.3,22.389285714285712,0.7559999999999999,0.027,11,62,8.917857142857143,18.1,248.13613888888892,8.86200496031746,28
1994-03-01,1994,3,60.670967741935485,34.18709677419355,48.10322580645161,26.483870967741936,0.182,0.005870967741935484,5,20,10.3,24.7,326.90274999999986,10.545250000000001,31
1994-04-01,1994,4,65.13333333333333,40.85,53.88666666666667,24.28333333333333,1.2710000000000001,0.04236666666666667,14,98,11.57,21.8,344.39015277777787,11.47967175925926,30
1994-05-01,1994,5,78.89677419354838,51.07096774193548,66.53870967741935,27.825806451612902,0.375,0.012096774193548385,8,18,12.793548387096774,23.8,392.0693972222222,12.647399910394265,31
1994-06-01,1994,6,92.89,65.38333333333333,81.2,27.506666666666668,0.036000000000000004,0.0012000000000000003,2,2,13.81,23.8,408.21073333333317,13.607024444444445,30
1994-07-01,1994,7,95.71290322580646,68.03225806451613,83.9483870967742,27.68064516129032,0.087,0.002806451612903226,3,5,11.629032258064516,19.1,410.45664444444446,13.240536917562725,31
1994-08-01,1994,8,93.37096774193549,67.48387096774194,81.99032258064516,25.887096774193548,0.16200000000000003,0.005225806451612902,9,18,9.919354838709678,17.2,381.9064333333334,12.319562365591397,31
1994-09-01,1994,9,82.76,57.50333333333333,71.23,25.256666666666668,0.65,0.021666666666666667,9,35,10.576666666666666,20,338.9814,11.299380000000001,30
1994-10-01,1994,10,63.79354838709678,41.00322580645161,52.91935483870968,22.79032258064516,0.9470000000000001,0.03054838709677419,9,52,8.848387096774193,19.4,286.36073055555556,9.237442921146954,31
1994-11-01,1994,11,47.20666666666666,28.403333333333332,37.483333333333334,18.803333333333335,0.9220000000000002,0.030733333333333335,9,66,9.8533333333333335,20.1,233.8869694444445,7.796232314814814,30
1994-12-01,1994,12,42.16451612903226,25.070967741935483,32.935483870967744,17.093548387096774,1.1260000000000001,0.036322580645161286,10,73,5.035483870967742,12.3,231.02769999999998,7.452506451612904,31
1995-01-01,1995,1,41.667741935483875,25.70967741935484,33.20322580645161,15.958064516129033,0.773,0.024935483870967744,11,59,6.164516129032258,17.7,238.95688611111112,7.70828664874552,31
1995-02-01,1995,2,55.09642857142857,31.553571428571427,43.33571428571429,23.542857142857144,0.468,0.01671428571428572,7,38,8.653571428571428,30.3,263.85749166666665,9.423481845238095,28
1995-03-01,1995,3,54.980645161290326,33.45161290322581,44.34193548387097,21.529032258064518,1.9300000000000002,0.062258064516129044,17,109,11.119354838709677,25.8,313.05806666666666,10.098647311827957,31
1995-04-01,1995,4,62.303333333333335,38.47,51.266666666666666,23.833333333333332,0.6569999999999999,0.0219,11,65,12.959999999999999,23.4,352.7253388888888,11.757511296296297,30
1995-05-01,1995,5,70.11612903225806,45.9741935483871,58.987096774193546,24.141935483870967,1.1039999999999999,0.03561290322580645,17,68,12.7,22.6,377.1062777777778,12.164718637992832,31
1995-06-01,1995,6,82.05333333333333,55.64333333333333,70.25666666666666,26.41,0.776,0.025866666666666663,7,34,12.53,23.9,382.9833500000002,12.766111666666667,30
1995-07-01,1995,7,91.72903225806452,62.99677419354839,79.1774193548387,28.732258064516127,0.5469999999999999,0.017645161290322592,3,19,11.274193548387096,19.9,408.3478833333333,13.172512365591398,31
1995-08-01,1995,8,93.65483870967742,66.4,81.67096774193548,27.25483870967742,0.28700000000000003,0.009258064516129032,9,25,11.103225806451613,21.7,391.18928611111113,12.61900922939068,31
1995-09-01,1995,9,80.79,56.24,69.26666666666667,24.55,1.485,0.0495,7,43,9.49,16.6,344.53482222222215,11.484494074074075,30
1995-10-01,1995,10,67.47096774193548,41.03548387096774,54.66451612903226,26.435483870967744,0.11000000000000001,0.003548387096774194,4,14,8.770967741935484,22,313.04944444444453,10.098369175627239,31
1995-11-01,1995,11,57.53333333333333,34.806666666666665,46.12,22.726666666666667,0.158,0.005266666666666666,4,16,7.109999999999999,20.2,269.5975305555556,8.986584351851851,30
1995-12-01,1995,12,46.45161290322581,29.10322580645161,37.37741935483871,17.348387096774193,0.17700000000000002,0.005709677419354839,4,20,6.04516129032258,17,247.25818611111114,7.976070519713262,31
1996-01-01,1996,1,44.21290322580645,24.996774193548386,34.10967741935484,19.216129032258063,0.7809999999999999,0.025193548387096774,11,76,9.387096774193548,20.8,248.40013055555553,8.012907437275986,31
1996-02-01,1996,2,51.172413793103445,29.093103448275862,40.04827586206896,22.079310344827586,0.691,0.02382758620689655,10,69,9.906896551724138,25.2,261.2495916666666,9.008606609195402,29
1996-03-01,1996,3,56.958064516129035,32.11290322580645,44.95161290322581,24.84516129032258,0.686,0.022129032258064518,11,70,10.890322580645162,21.6,334.5742166666666,10.792716666666667,31
1996-04-01,1996,4,65.39666666666666,39.81,53.233333333333334,25.586666666666666,0.944,0.031466666666666664,9,61,12.703333333333333,26.2,350.8098638888888,11.69366212962963,30
1996-05-01,1996,5,80,55.36774193548387,68.72258064516129,24.63225806451613,0.42500000000000004,0.013709677419354837,6,34,14.148387096774194,23.5,397.83455833333335,12.833372849462366,31
1996-06-01,1996,6,89.35,62.29,77.57666666666667,27.06,0.5680000000000001,0.01893333333333333,8,24,12.393333333333333,20.9,404.1688527777779,13.472295092592592,30
1996-07-01,1996,7,95.35161290322581,69.73548387096774,83.94193548387096,25.616129032258065,0.08700000000000001,0.0028064516129032257,6,17,9.729032258064516,15.8,405.2956444444444,13.074053046594981,31
1996-08-01,1996,8,92.27096774193548,66.07741935483871,80.84838709677419,26.193548387096776,0.09499999999999999,0.0030645161290322573,7,17,10.293548387096774,21.5,391.56478611111106,12.631122132616488,31
1996-09-01,1996,9,75.34,52.14666666666667,64.44,23.19333333333333,1.8539999999999999,0.0618,12,98,8.8966666666666665,20.3,333.12623333333335,11.104207777777779,30
1996-10-01,1996,10,63.58064516129032,40.94516129032258,52.45483870967742,22.63548387096774,1.2939999999999998,0.04174193548387097,12,87,9.151612903225805,24.2,294.0243472222222,9.484656362007168,31
1996-11-01,1996,11,49.06,30.316666666666666,39.156666666666666,18.743333333333332,1.464,0.048799999999999996,8,93,6.1033333333333335,17,232.70157500000002,7.756719166666667,30
1996-12-01,1996,12,41.76129032258064,23.83225806451613,32.041935483870965,17.929032258064517,0.8970000000000001,0.02893548387096774,11,73,8.016129032258064,18.2,238.2175638888889,7.684437544802868,31
1997-01-01,1997,1,35.70322580645161,19.038709677419355,27.670967741935485,16.664516129032258,1.804,0.058193548387096776,13,108,6.458064516129032,16.4,228.87476944444447,7.383057078853047,31
1997-02-01,1997,2,40.832142857142856,23.364285714285714,31.567857142857143,17.46785714285714,1.1460000000000001,0.04092857142857143,10,90,6.821428571428572,17.3,244.47781666666663,8.731350595238094,28
1997-03-01,1997,3,57.71612903225807,29.60967741935484,43.906451612903226,28.106451612903225,0.107,0.0034516129032258064,7,18,9.419354838709678,23.4,336.57820555555554,10.85736146953405,31
1997-04-01,1997,4,58.83,35.5,48.10333333333333,23.33,1.169,0.03896666666666666,14,74,11.546666666666667,17.7,348.37099722222223,11.612366574074073,30
1997-05-01,1997,5,77.31935483870967,50.78387096774193,65.36451612903225,26.53548387096774,0.744,0.023999999999999997,5,29,11.832258064516129,21.9,389.2599861111111,12.556773745519713,31
1997-06-01,1997,6,87.41666666666667,60.48,75.71333333333334,26.936666666666667,0.28300000000000003,0.009433333333333335,4,23,13.303333333333333,20.1,402.12291944444445,13.404097314814814,30
1997-07-01,1997,7,89.95806451612903,63.76774193548387,78.81935483870967,26.190322580645162,0.811,0.026161290322580653,5,24,10.374193548387096,21,397.39780833333344,12.819284139784946,31
1997-08-01,1997,8,87.24193548387098,62.87741935483871,76.11612903225806,24.364516129032257,1.4919999999999998,0.04812903225806451,12,59,9.041935483870969,14.5,375.24036388888885,12.104527867383513,31
1997-09-01,1997,9,78.49666666666667,57.48,68.24666666666667,21.016666666666666,2.233,0.07443333333333332,15,78,9.11,19.8,330.2688888888889,11.008962962962963,30
1997-10-01,1997,10,64.84516129032258,39.89354838709677,52.47096774193548,24.951612903225804,0.633,0.020419354838709675,9,36,9.883870967741936,26.3,309.9706027777778,9.999051702508961,31
1997-11-01,1997,11,51.126666666666665,31.236666666666668,41.07,19.89,0.166,0.005533333333333333,5,19,6.696666666666666,19.9,262.56841666666674,8.752280555555556,30
1997-12-01,1997,12,39.561290322580646,22.374193548387098,30.24516129032258,17.18709677419355,0.335,0.010806451612903228,3,21,5.890322580645162,16.1,245.30941388888886,7.913206899641577,31
1998-01-01,1998,1,43.351612903225806,23.670967741935485,32.79354838709678,19.68064516129032,0.676,0.02180645161290322,8,46,6.145161290322581,19.2,254.75792777777778,8.217997670250897,31
1998-02-01,1998,2,42.67142857142857,25.97142857142857,33.714285714285715,16.7,1.412,0.05042857142857143,11,90,7.642857142857143,25.9,212.80155000000002,7.600055357142858,28
1998-03-01,1998,3,51.70967741935484,28.80322580645161,40.23870967741936,22.906451612903226,1.043,0.03364516129032258,12,81,9.067741935483872,20.5,328.0560333333334,10.582452688172042,31
1998-04-01,1998,4,60.45333333333333,36.50666666666667,49.339999999999996,23.946666666666665,0.536,0.017866666666666666,15,68,11.473333333333333,23.7,351.19060555555546,11.706353518518519,30
1998-05-01,1998,5,75.9,49.94838709677419,64.56451612903226,25.951612903225808,0.15800000000000003,0.0050967741935483875,4,8,15.780645161290323,25.5,400.3025555555556,12.912985663082438,31
1998-06-01,1998,6,82.77333333333333,57.17,71.24,25.60333333333333,0.375,0.0125,5,15,14.24,23.6,403.1093527777777,13.436978425925926,30
1998-07-01,1998,7,94.41935483870968,67.47419354838709,82.74516129032259,26.94516129032258,0.131,0.004225806451612904,7,9,10.212903225806452,19.3,414.0837777777777,13.357541218637992,31
1998-08-01,1998,8,91.30645161290323,65.36129032258064,80.15161290322581,25.94516129032258,0.051000000000000004,0.0016451612903225807,2,5,10.112903225806452,18.3,378.4160194444444,12.206968369175627,31
1998-09-01,1998,9,82.49,58.42666666666667,71.00666666666666,24.063333333333333,0.632,0.021066666666666668,9,37,10.026666666666667,20.1,333.98709999999994,11.132903333333333,30
1998-10-01,1998,10,64.72258064516129,42.84516129032258,53.8741935483871,21.87741935483871,1.6460000000000001,0.05309677419354838,13,93,8.461290322580645,21.5,294.35293333333334,9.495255913978493,31
1998-11-01,1998,11,50.17666666666667,30.926666666666666,39.73,19.25,0.798,0.026599999999999995,8,62,6.53,17.4,245.49784722222225,8.183261574074074,30
1998-12-01,1998,12,39.60645161290323,19.251612903225805,28.806451612903224,20.35483870967742,0.45200000000000007,0.014580645161290325,6,53,5.577419354838709,19.1,248.88186111111114,8.028447132616487,31
1999-01-01,1999,1,45.090322580645164,25.20967741935484,34.42580645161291,19.88064516129032,0.35400000000000004,0.01141935483870968,7,24,7.129032258064516,20.6,244.4580861111111,7.885744713261649,31
1999-02-01,1999,2,50.09642857142857,26.92142857142857,37.88214285714286,23.175,0.543,0.019392857142857135,5,29,9.97857142857143,21.7,253.92895,9.06889107142857,28
1999-03-01,1999,3,62.20967741935484,35.35806451612903,49.438709677419354,26.851612903225806,0.059,0.001903225806451613,4,8,12.5,25.5,329.6387416666667,10.633507795698925,31
1999-04-01,1999,4,58.45666666666666,35.92333333333333,47.92333333333333,22.53333333333333,1.6739999999999997,0.05580000000000001,15,112,12.996666666666666,21.5,326.2440888888889,10.874802962962963,30
1999-05-01,1999,5,73.5516129032258,46.7,61.7,26.851612903225806,0.406,0.013096774193548386,10,23,13.574193548387097,24.6,398.87341388888876,12.866884318996416,31
1999-06-01,1999,6,86.17,58.626666666666665,74.13666666666667,27.543333333333333,0.42200000000000004,0.014066666666666665,6,24,13.46,24.4,403.1292222222221,13.437640740740742,30
1999-07-01,1999,7,92.02903225806452,67.59677419354838,81.23225806451613,24.43225806451613,0.38300000000000006,0.01235483870967742,11,22,10.86774193548387,20.4,409.2739,13.202383870967742,31
1999-08-01,1999,8,86.22903225806452,62.403225806451616,75.3741935483871,23.825806451612902,0.8180000000000003,0.02638709677419355,16,58,8.883870967741936,19,383.920025,12.384516935483871,31
1999-09-01,1999,9,77.58666666666667,52.78333333333333,66.09333333333333,24.803333333333335,0.513,0.017099999999999997,8,31,9.053333333333333,17.2,339.30905277777765,11.310301759259259,30
1999-10-01,1999,10,70.60967741935484,42.7,57.538709677419355,27.90967741935484,0.024,7.74193548387097e-4,2,4,7.793548387096774,20.9,317.09981111111114,10.229026164874552,31
1999-11-01,1999,11,58.266666666666666,33.63666666666667,45.76,24.63,0.135,0.004499999999999999,4,15,5.406666666666667,19,263.57332499999995,8.7857775,30
1999-12-01,1999,12,41.55161290322581,21.961290322580645,31.183870967741935,19.59032258064516,0.218,0.007032258064516129,5,24,6.17741935483871,17,249.45849444444443,8.047048207885306,31
2000-01-01,2000,1,44.23870967741936,25.593548387096774,34.12903225806452,18.64516129032258,0.8699999999999999,0.028064516129032255,7,75,6.174193548387097,12,237.37602222222222,7.657291039426523,31
2000-02-01,2000,2,50.08275862068965,29.193103448275863,39.1551724137931,20.889655172413793,0.748,0.02579310344827586,9,56,8.848275862068965,21.3,244.03467777777777,8.414988888888889,29
2000-03-01,2000,3,53.18709677419355,31.051612903225806,42.15806451612903,22.135483870967743,1.259,0.04061290322580645,12,85,10.483870967741936,22.2,292.81668888888885,9.445699641577061,31
2000-04-01,2000,4,71.02333333333333,42.63,58.589999999999996,28.39333333333333,0.052,0.0017333333333333335,7,9,13.336666666666668,28.1,362.9359944444445,12.097866481481482,30
2000-05-01,2000,5,81.36774193548388,54.49032258064516,69.30967741935484,26.87741935483871,0.37,0.011935483870967743,4,15,14.522580645161291,28.1,398.4111444444444,12.851972401433692,31
2000-06-01,2000,6,88.88666666666667,60.556666666666665,76.95666666666666,28.33,0.15000000000000002,0.004999999999999998,4,11,12.743333333333334,22.2,407.46162499999997,13.582054166666667,30
2000-07-01,2000,7,95.50967741935484,66.57741935483871,83.56129032258065,28.93225806451613,0.024,7.741935483870969e-4,1,2,10.94516129032258,20.4,411.6089305555555,13.277707437275986,31
2000-08-01,2000,8,92.30322580645162,66.86774193548388,81.23225806451613,25.435483870967744,0.446,0.014387096774193546,12,25,9.9,14.3,389.8177944444445,12.574767562724015,31
2000-09-01,2000,9,82.44333333333333,54.29666666666667,69.87666666666667,28.146666666666665,0.35900000000000004,0.011966666666666667,6,21,11.583333333333334,24,337.3483722222223,11.24494574074074,30
2000-10-01,2000,10,65.15483870967742,44.35806451612903,54.99677419354838,20.796774193548387,2.363,0.076225806451612907,11,120,8.748387096774193,17.3,294.89551388888884,9.512758512544805,31
2000-11-01,2000,11,43.016666666666666,26.35,34.28,16.666666666666668,0.24099999999999996,0.008033333333333332,7,29,6.976666666666667,14.5,268.55915555555566,8.951971851851852,30
2000-12-01,2000,12,42.58064516129032,23.8,32.196774193548386,18.780645161290323,0.519,0.016741935483870967,6,38,5.987096774193549,18,241.99922222222222,7.806426523297491,31
2001-01-01,2001,1,38.31935483870968,18.8,28.190322580645162,19.519354838709678,0.756,0.02438709677419355,9,71,5.393548387096774,15,241.67460833333337,7.795955107526882,31
2001-02-01,2001,2,44.10357142857143,22.92142857142857,33.11071428571429,21.182142857142857,1.2140000000000002,0.04335714285714286,15,92,8.028571428571428,20,244.83429999999996,8.744082142857142,28
2001-03-01,2001,3,54.596774193548384,32.92580645161291,43.68387096774194,21.670967741935485,1.2239999999999998,0.03948387096774194,12,85,8.803225806451612,25.8,321.51366388888886,10.371408512544804,31
2001-04-01,2001,4,66.38666666666667,41.196666666666665,54.83,25.19,0.606,0.0202,12,47,13.763333333333334,29.1,343.44276666666667,11.448092222222222,30
2001-05-01,2001,5,78.95161290322581,53.27741935483871,67.45161290322581,25.674193548387095,0.4580000000000001,0.014774193548387092,6,41,11.490322580645161,19.1,402.5350277777777,12.985000896057349,31
2001-06-01,2001,6,89.18,60.42666666666667,77.20666666666666,28.753333333333334,0.051000000000000004,0.0017000000000000001,2,7,12.236666666666666,23.9,406.6593305555556,13.555311018518518,30
2001-07-01,2001,7,93.3516129032258,67.04838709677419,81.88709677419355,26.303225806451614,0.15000000000000002,0.004838709677419355,9,16,11.938709677419356,20.4,406.64984444444445,13.117736917562725,31
2001-08-01,2001,8,89.0741935483871,62.87741935483871,77.2258064516129,26.19677419354839,0.8590000000000001,0.027709677419354838,11,38,8.580645161290322,14.3,380.57792222222207,12.276707168458781,31
2001-09-01,2001,9,84.59,54.516666666666666,71.19666666666667,30.073333333333334,0.248,0.008266666666666665,3,13,8.4,19.8,345.31896111111115,11.510632037037036,30
2001-10-01,2001,10,69.93548387096774,44.6,58.167741935483875,25.335483870967742,0.20500000000000002,0.006612903225806452,4,14,9.461290322580645,18.2,305.2158694444445,9.845673207885303,31
2001-11-01,2001,11,54.446666666666665,35.346666666666664,44.85333333333333,19.1,0.7680000000000001,0.025599999999999998,12,65,6.973333333333334,19,252.35877500000007,8.411959166666666,30
2001-12-01,2001,12,37.25483870967742,18.045161290322582,27.26774193548387,19.20967741935484,0.44200000000000006,0.014258064516129034,7,38,5.309677419354839,13,232.73653333333334,7.507630107526881,31
2002-01-01,2002,1,39.53225806451613,20.35483870967742,29.38064516129032,19.177419354838708,0.217,0.006999999999999999,5,25,6.774193548387097,21.4,251.9171694444444,8.126360304659498,31
2002-02-01,2002,2,45.24285714285714,22.25,33.285714285714285,22.992857142857144,0.07900000000000001,0.0028214285714285715,4,10,8.5,19.2,265.18498333333326,9.470892261904762,28
2002-03-01,2002,3,54.21290322580645,29.596774193548388,42.17741935483871,24.616129032258065,0.245,0.007903225806451612,6,18,10.958064516129031,24.7,332.2037333333334,10.71624946236559,31
2002-04-01,2002,4,71.49333333333334,45.016666666666666,59.42666666666667,26.476666666666667,0.143,0.004766666666666667,8,20,14.7,30,358.59441666666663,11.953147222222222,30
2002-05-01,2002,5,78.1741935483871,50.303225806451614,66.43548387096774,27.870967741935484,0.024,7.741935483870969e-4,3,3,12.664516129032258,25.2,402.57290277777776,12.986222670250896,31
2002-06-01,2002,6,92.08333333333333,62.14333333333333,79.76,29.94,0.059,0.0019666666666666673,1,3,12.84,28.1,404.99071666666674,13.499690555555555,30
2002-07-01,2002,7,96.51612903225806,68.55806451612904,84.89032258064516,27.95806451612903,0.068,0.002193548387096774,6,8,9.480645161290322,16.9,409.6555166666666,13.214694086021506,31
2002-08-01,2002,8,91.47419354838709,64.5516129032258,79.67096774193548,26.92258064516129,0.186,0.006,7,22,12.022580645161291,20.1,384.5049694444445,12.403386111111113,31
2002-09-01,2002,9,77.42333333333333,54.403333333333336,66.26333333333334,23.02,2.379,0.0793,13,92,9.573333333333334,19.6,324.36862222222226,10.812287407407407,30
2002-10-01,2002,10,62.70322580645161,40.725806451612904,52.04838709677419,21.97741935483871,1.444,0.04658064516129032,12,96,6.651612903225806,16.8,309.4703722222222,9.98291523297491,31
2002-11-01,2002,11,48.23,29.526666666666667,38.696666666666665,18.703333333333333,0.406,0.013533333333333331,7,34,6.333333333333333,18.9,256.2721638888889,8.542405462962963,30
2002-12-01,2002,12,42.25483870967742,25.112903225806452,33.064516129032256,17.141935483870967,0.3330000000000001,0.010741935483870969,9,37,5.829032258064516,18.2,244.83364444444445,7.897859498207885,31
2003-01-01,2003,1,46.97096774193548,26.151612903225807,36.05161290322581,20.81935483870968,0.315,0.010161290322580644,5,22,4.332258064516129,11.3,261.6964555555556,8.441821146953405,31
2003-02-01,2003,2,44.18928571428572,26.371428571428574,34.89642857142857,17.817857142857143,1.7229999999999999,0.06153571428571429,12,115,8.29642857142857,23.9,229.1978722222222,8.185638293650793,28
2003-03-01,2003,3,53.23225806451613,28.887096774193548,41.090322580645164,24.34516129032258,1.346,0.04341935483870967,9,79,9.670967741935485,19.5,302.7950777777778,9.767583154121864,31
2003-04-01,2003,4,65.81666666666666,39.45333333333333,53.77,26.363333333333333,0.17800000000000002,0.005933333333333334,9,15,14.476666666666667,27.8,357.91538055555554,11.930512685185185,30
2003-05-01,2003,5,78.51612903225806,51.061290322580646,66.70645161290322,27.454838709677418,0.29600000000000004,0.009548387096774195,6,27,11.261290322580646,26.7,403.13099722222216,13.004225716845877,31
2003-06-01,2003,6,87.28,60.343333333333334,75.86333333333333,26.936666666666667,0.02,6.666666666666666e-4,3,3,12.013333333333334,22.9,408.6198138888889,13.620660462962963,30
2003-07-01,2003,7,98.47741935483872,70.29354838709678,86.73548387096774,28.183870967741935,0.107,0.0034516129032258064,5,7,10.138709677419355,16.5,414.2857916666667,13.364057795698924,31
2003-08-01,2003,8,91.46451612903226,66.82903225806452,80.77096774193548,24.635483870967743,0.33199999999999996,0.010709677419354838,10,26,9.383870967741936,14.4,385.50050833333336,12.435500268817204,31
2003-09-01,2003,9,80.46666666666667,54.71333333333333,68.74333333333334,25.753333333333334,1.1300000000000001,0.037666666666666675,5,29,8.92,23.5,338.10216944444437,11.270072314814815,30
2003-10-01,2003,10,72.63548387096775,46.83548387096774,60.39354838709677,25.8,0.24900000000000003,0.00803225806451613,5,25,8.783870967741935,27.6,312.23989166666655,10.072254569892474,31
2003-11-01,2003,11,47.56333333333333,30.343333333333334,38.4,17.220000000000002,1.093,0.03643333333333334,11,67,9.023333333333333,19.4,245.03285277777778,8.167761759259259,30
2003-12-01,2003,12,41,22.10967741935484,31.106451612903225,18.89032258064516,0.6890000000000001,0.022225806451612904,9,48,6.480645161290322,22.5,236.59548055555558,7.632112275985663,31
2004-01-01,2004,1,36.33225806451613,15.64516129032258,26.058064516129033,20.68709677419355,0.654,0.02109677419354839,6,48,5.1,15.1,246.94424166666673,7.965943279569892,31
2004-02-01,2004,2,39.94137931034483,19.679310344827588,29.493103448275864,20.26206896551724,1.2839999999999998,0.04427586206896552,10,94,6.706896551724138,14.5,247.2817027777778,8.526955268199233,29
2004-03-01,2004,3,63.05483870967742,36.16129032258065,49.95806451612903,26.893548387096775,0.024,7.741935483870968e-4,4,5,10.012903225806452,23.8,338.1523,10.90813870967742,31
2004-04-01,2004,4,64.55,41.44,53.85666666666667,23.11,1.556,0.051866666666666665,15,100,12.863333333333333,25.5,342.7266138888889,11.424220462962962,30
2004-05-01,2004,5,78.07741935483871,51.78387096774193,66.48387096774194,26.293548387096774,0.10200000000000001,0.003290322580645161,4,10,14.403225806451614,22.4,397.4520388888889,12.821033512544801,31
2004-06-01,2004,6,88.17999999999999,60.7,76.65333333333334,27.48,0.052000000000000005,0.0017333333333333335,5,7,12.083333333333334,22.6,406.0482222222223,13.53494074074074,30
2004-07-01,2004,7,93.49677419354839,66.69032258064516,82.18387096774194,26.806451612903224,0.10300000000000001,0.00332258064516129,8,11,11.154838709677419,16.7,411.8267083333332,13.28473252688172,31
2004-08-01,2004,8,88.9483870967742,63.75806451612903,78.02903225806452,25.190322580645162,0.10300000000000001,0.00332258064516129,5,9,10.638709677419355,18.1,386.25335833333344,12.459785752688171,31
2004-09-01,2004,9,77.11666666666666,52.06,65.64666666666666,25.056666666666665,1.689,0.056299999999999996,11,77,11.346666666666666,23.3,330.1204194444444,11.004013981481481,30
2004-10-01,2004,10,64.34193548387097,43.33225806451613,54.15806451612903,21.009677419354837,1.418,0.045741935483870975,9,75,10.670967741935485,20.7,281.6821472222221,9.0865208781362,31
2004-11-01,2004,11,46.88666666666667,29.75,38.086666666666666,17.136666666666667,1.442,0.04806666666666667,12,98,5.8133333333333335,16.4,248.50149444444443,8.283383148148149,30
2004-12-01,2004,12,39.21612903225807,20.45806451612903,29.370967741935484,18.758064516129032,0.6960000000000001,0.0224516129032258,6,35,5.538709677419355,17.1,230.61765555555556,7.439279211469534,31
2005-01-01,2005,1,44.21935483870968,26.429032258064517,34.82258064516129,17.79032258064516,2.5470000000000006,0.08216129032258064,16,141,7.296774193548387,17.3,237.97215000000003,7.6765209677419355,31
2005-02-01,2005,2,46.135714285714286,29.821428571428573,37.32142857142857,16.314285714285713,1.2830000000000001,0.045821428571428575,11,90,6.807142857142857,15.3,240.28895555555556,8.581748412698412,28
2005-03-01,2005,3,52.60645161290323,33.019354838709674,42.70645161290322,19.587096774193547,1.162,0.03748387096774194,14,86,10.861290322580643,20.9,321.82462777777766,10.381439605734766,31
2005-04-01,2005,4,65.09,39.56333333333333,53.18333333333333,25.526666666666667,0.7010000000000001,0.02336666666666667,9,40,12.686666666666667,25.6,350.27058888888894,11.675686296296297,30
2005-05-01,2005,5,77.67096774193548,52.254838709677415,66.37096774193549,25.416129032258063,0.14700000000000002,0.0047419354838709685,9,15,12.235483870967743,23.8,394.0776305555556,12.712181630824373,31
2005-06-01,2005,6,84.69,57.39666666666667,72.51333333333334,27.293333333333333,0.38300000000000006,0.012766666666666664,9,28,14.23,22.3,391.6973527777778,13.056578425925926,30
2005-07-01,2005,7,97.53548387096774,67.61935483870968,85.28064516129032,29.916129032258066,0.02,6.451612903225809e-4,2,3,9.661290322580646,18.4,415.6729888888889,13.408806093189964,31
2005-08-01,2005,8,87.61612903225806,63.31935483870968,76.80645161290323,24.296774193548387,0.631,0.020354838709677425,10,41,9.329032258064515,16.5,376.8879527777778,12.157675896057347,31
2005-09-01,2005,9,80.86666666666666,55.82,68.93666666666667,25.046666666666667,1.13,0.03766666666666667,6,39,11.073333333333334,18.7,339.9997750000001,11.333325833333333,30
2005-10-01,2005,10,65.34193548387097,43.4,54.62903225806452,21.941935483870967,1.394,0.044967741935483876,9,54,8.245161290322581,24.3,297.36436666666674,9.592398924731183,31
2005-11-01,2005,11,53.593333333333334,33.46,43.236666666666665,20.133333333333333,0.346,0.01153333333333333,3,18,7.963333333333334,21.1,246.02188055555553,8.200729351851852,30
2005-12-01,2005,12,42.15483870967742,23.835483870967742,32.45161290322581,18.31935483870968,0.536,0.017290322580645157,8,26,6.570967741935483,14.9,250.1230777777778,8.068486379928316,31
2006-01-01,2006,1,44.20645161290322,24.81290322580645,34.25483870967742,19.393548387096775,0.35900000000000004,0.011580645161290324,8,30,7.712903225806452,17.7,266.59832222222224,8.5999458781362,31
2006-02-01,2006,2,48.06428571428572,25.475,36.792857142857144,22.589285714285715,0.06,0.0021428571428571425,3,8,8.514285714285714,30.4,263.1512666666666,9.398259523809523,28
2006-03-01,2006,3,51.04838709677419,28.33225806451613,40.145161290322584,22.716129032258063,1.7360000000000002,0.056,16,112,10.63225806451613,19.1,305.90594999999996,9.867933870967741,31
2006-04-01,2006,4,68.81,40.96,56.21,27.85,0.47200000000000003,0.01573333333333334,7,26,14.033333333333333,31.7,358.21485277777776,11.940495092592593,30
2006-05-01,2006,5,80.86129032258064,53.6,69.28387096774193,27.261290322580646,0.056,0.0018064516129032255,3,5,11.86774193548387,24.7,404.4480861111111,13.046712455197133,31
2006-06-01,2006,6,91.81333333333333,63.52,79.76666666666667,28.293333333333333,0.268,0.008933333333333335,2,12,12.086666666666666,22.3,403.16629166666667,13.43887638888889,30
2006-07-01,2006,7,94.71935483870968,68.7,83.64516129032258,26.019354838709678,0.327,0.010548387096774194,9,26,10.161290322580646,16.6,402.57076944444447,12.986153853046595,31
2006-08-01,2006,8,89.27741935483871,63.31612903225807,77.90322580645162,25.961290322580645,0.521,0.016806451612903225,11,18,10.106451612903227,17.9,387.4365861111111,12.497954390681002,31
2006-09-01,2006,9,74.77666666666667,51.18666666666667,63.913333333333334,23.59,1.303,0.04343333333333334,8,45,8.183333333333334,21.8,335.28641666666664,11.17621388888889,30
2006-10-01,2006,10,60.803225806451614,41.65483870967742,51.16451612903226,19.148387096774194,3.2759999999999994,0.10567741935483872,14,118,8.216129032258065,20.2,286.21773333333334,9.232830107526881,31
2006-11-01,2006,11,52.31,30.893333333333334,41.43333333333333,21.416666666666668,0.555,0.018499999999999996,6,36,7.6466666666666665,21.8,245.12358333333333,8.170786111111111,30
2006-12-01,2006,12,39.958064516129035,21.351612903225806,29.732258064516127,18.606451612903225,0.44299999999999995,0.01429032258064516,7,40,5.335483870967742,16.8,249.1243138888889,8.036268189964158,31
2007-01-01,2007,1,36.306451612903224,15.219354838709677,25.490322580645163,21.087096774193547,0.71,0.02290322580645162,4,33,6.003225806451613,17.3,267.36095277777775,8.624546863799283,31
2007-02-01,2007,2,48.489285714285714,26.87857142857143,37.075,21.610714285714288,0.6609999999999999,0.023607142857142858,11,63,9.664285714285715,28,252.79683888888883,9.028458531746033,28
2007-03-01,2007,3,59.96774193548387,34.87741935483871,47.96774193548387,25.09032258064516,0.269,0.00867741935483871,9,27,9.57741935483871,24,332.4977194444444,10.72573288530466,31
2007-04-01,2007,4,67.07000000000001,41.88666666666667,55.53,25.183333333333334,0.868,0.028933333333333332,7,43,11.356666666666667,26.4,351.24119444444455,11.708039814814816,30
2007-05-01,2007,5,78.23225806451613,51.145161290322584,66.66774193548387,27.087096774193547,0.17700000000000002,0.005709677419354839,7,17,10.803225806451612,27.7,392.3938194444445,12.657865143369175,31
2007-06-01,2007,6,91.15666666666667,60.516666666666666,78.49333333333334,30.64,0.004,1.3333333333333329e-4,1,1,12.256666666666668,27.1,405.51881666666674,13.51729388888889,30
2007-07-01,2007,7,96.27741935483871,69.58387096774193,84.95161290322581,26.693548387096772,0.225,0.007258064516129033,8,11,9.741935483870968,17.8,409.23647777777774,13.201176702508961,31
2007-08-01,2007,8,91.91935483870968,66.43225806451613,80.73548387096774,25.487096774193546,1,0.03225806451612904,9,36,10.332258064516129,17.5,389.5542027777778,12.566264605734768,31
2007-09-01,2007,9,80.69333333333333,55.20333333333333,68.99,25.49,1.3,0.043333333333333335,9,34,11.78,27.6,340.8712472222223,11.362374907407407,30
2007-10-01,2007,10,66.79677419354839,41.15483870967742,54.36129032258064,25.641935483870967,0.7310000000000002,0.023580645161290322,7,32,9.509677419354839,22.7,307.58257499999996,9.922018548387097,31
2007-11-01,2007,11,56.38333333333333,33.26,45.17666666666667,23.123333333333335,0.5509999999999999,0.018366666666666673,3,18,5.883333333333334,15.1,260.56838611111107,8.68561287037037,30
2007-12-01,2007,12,34.36774193548387,13.541935483870969,24.2,20.825806451612905,1.89,0.06096774193548389,10,74,6.174193548387096,19.1,230.2417944444445,7.427154659498208,31
2008-01-01,2008,1,35.325806451612905,14.925806451612903,24.883870967741935,20.4,0.739,0.023838709677419353,9,63,8.019354838709678,27.4,247.0543722222222,7.9694958781362,31
2008-02-01,2008,2,42.741379310344826,22.055172413793102,32.2,20.686206896551724,1.521,0.05244827586206897,13,104,6.679310344827586,14.1,254.8730722222222,8.78872662835249,29
2008-03-01,2008,3,53.91290322580645,30.46451612903226,42.28709677419355,23.448387096774194,0.167,0.005387096774193548,9,22,11.845161290322581,22,327.99118333333325,10.580360752688174,31
2008-04-01,2008,4,63.06666666666666,35.766666666666666,50.53333333333333,27.3,0.269,0.008966666666666666,5,26,13.306666666666667,27.8,357.2215,11.907383333333334,30
2008-05-01,2008,5,73.19032258064516,46.78709677419355,61.44516129032258,26.403225806451612,0.437,0.014096774193548387,8,40,12.832258064516129,21.6,392.8709027777778,12.673254928315412,31
2008-06-01,2008,6,87.15666666666667,58.41666666666667,75.09666666666666,28.74,0.26,0.00866666666666667,3,20,11.406666666666666,23.2,397.53509722222225,13.251169907407409,30
2008-07-01,2008,7,94.7258064516129,67.90645161290323,83.30322580645161,26.81935483870968,0.23299999999999998,0.007516129032258063,6,14,9.561290322580644,22.2,402.5391138888889,12.985132706093191,31
2008-08-01,2008,8,89.41612903225807,64.21935483870968,78.42258064516129,25.196774193548386,1.58,0.050967741935483854,7,63,9.383870967741935,17,379.57573888888885,12.244378673835126,31
2008-09-01,2008,9,81.59333333333333,55.11,69.71666666666667,26.483333333333334,0.098,0.0032666666666666664,4,11,9.176666666666666,24.1,342.8458,11.428193333333333,30
2008-10-01,2008,10,67.70322580645161,42.15806451612903,55.880645161290325,25.545161290322582,0.445,0.014354838709677424,3,18,8.241935483870968,24.3,304.9309111111111,9.836481003584229,31
2008-11-01,2008,11,55.57666666666667,34.28333333333333,44.88,21.293333333333333,0.7919999999999999,0.026400000000000003,5,39,6.6466666666666665,20.2,248.7464222222222,8.291547407407407,30
2008-12-01,2008,12,37.65806451612903,18.75483870967742,28.1,18.903225806451612,1.035,0.03338709677419355,11,72,7.554838709677419,23.1,232.4812416666667,7.499394892473118,31
2009-01-01,2009,1,41.16129032258065,19.858064516129033,30.093548387096774,21.303225806451614,0.35000000000000003,0.01129032258064516,4,30,5.85483870967742,18.1,268.5536388888888,8.663020609318997,31
2009-02-01,2009,2,49.58571428571428,28.682142857142857,38.47142857142857,20.90357142857143,0.30700000000000005,0.010964285714285715,7,34,9.60357142857143,20.8,257.1366472222223,9.183451686507937,28
2009-03-01,2009,3,58.70967741935484,32.23870967741936,45.92903225806452,26.470967741935485,0.252,0.008129032258064517,6,27,13.987096774193548,29.6,329.79050000000007,10.638403225806451,31
2009-04-01,2009,4,63.33,38.32,51.666666666666664,25.009999999999998,1.0200000000000002,0.033999999999999996,13,63,13.043333333333333,25.5,347.4153305555556,11.580511018518518,30
2009-05-01,2009,5,77.4483870967742,54.012903225806454,67.20645161290322,23.43548387096774,1.477,0.04764516129032258,10,69,10.17741935483871,19.7,383.32207222222235,12.365228136200717,31
2009-06-01,2009,6,83.90333333333334,58.11333333333333,72.76,25.79,0.221,0.007366666666666668,6,10,12.85,25.3,389.54720555555554,12.984906851851852,30
2009-07-01,2009,7,95.16774193548387,67.89032258064516,83.61290322580645,27.27741935483871,0.032,0.0010322580645161289,3,4,11.038709677419355,17.7,405.82154722222225,13.09101765232975,31
2009-08-01,2009,8,91.05806451612904,63.770967741935486,79.37741935483871,27.287096774193547,0.044000000000000004,0.0014193548387096775,4,5,11.093548387096774,21.4,386.57450277777775,12.470145250896058,31
2009-09-01,2009,9,81.50666666666666,56.406666666666666,70.31,25.1,0.626,0.020866666666666662,7,32,9.883333333333333,28.4,342.50512499999996,11.4168375,30
2009-10-01,2009,10,62.09032258064516,40.97096774193548,52.1258064516129,21.11935483870968,0.466,0.015032258064516127,10,36,10.14516129032258,24.1,295.0406194444444,9.517439336917564,31
2009-11-01,2009,11,53.723333333333336,31.773333333333333,42.55,21.95,0.19700000000000004,0.006566666666666668,4,19,6.193333333333333,18.7,264.15950277777773,8.80531675925926,30
2009-12-01,2009,12,28.89032258064516,9.816129032258065,20.029032258064515,19.074193548387097,1.5159999999999998,0.0489032258064516,8,67,4.993548387096774,17.8,224.10558888888892,7.229212544802867,31
2010-01-01,2010,1,33.538709677419355,15.103225806451613,24.483870967741936,18.43548387096774,1.3310000000000002,0.04293548387096774,9,76,4.906451612903226,15.8,241.25619722222217,7.782457974910394,31
2010-02-01,2010,2,37.378571428571426,16.292857142857144,27.310714285714287,21.085714285714285,1.3210000000000002,0.047178571428571424,10,82,4.564285714285714,9.1,233.9883638888889,8.356727281746032,28
2010-03-01,2010,3,50.99677419354839,27.84193548387097,39.329032258064515,23.15483870967742,1.603,0.05170967741935484,12,91,9.561290322580644,24.8,316.55286111111104,10.211382616487455,31
2010-04-01,2010,4,64.15,38.14333333333333,52.223333333333336,26.006666666666664,0.46499999999999997,0.015500000000000002,10,33,14.036666666666667,29.2,353.3124305555556,11.777081018518519,30
2010-05-01,2010,5,72.26129032258065,46.016129032258064,60.693548387096776,26.24516129032258,0.185,0.005967741935483872,5,18,14.919354838709678,27.1,404.99494722222204,13.064353136200715,31
2010-06-01,2010,6,88.70333333333333,61.06333333333333,76.72333333333333,27.64,0.382,0.012733333333333333,3,20,13.343333333333334,26.6,396.6889027777778,13.222963425925926,30
2010-07-01,2010,7,94.11290322580645,68.28709677419354,82.96129032258064,25.825806451612902,0.16999999999999998,0.005483870967741937,4,12,11.625806451612902,18.6,414.0967611111111,13.357960035842293,31
2010-08-01,2010,8,88.60967741935484,63.25806451612903,76.89032258064516,25.351612903225806,0.562,0.018129032258064517,10,27,12.17741935483871,23,374.80709999999993,12.090551612903226,31
2010-09-01,2010,9,83.9,56.14,71.33666666666667,27.759999999999998,0.626,0.02086666666666667,4,21,9.84,22.4,341.9674638888888,11.398915462962963,30
2010-10-01,2010,10,67.92258064516129,46.65483870967742,57.619354838709675,21.267741935483873,0.9860000000000001,0.03180645161290322,11,60,9.106451612903227,19.3,298.20532222222226,9.619526523297491,31
2010-11-01,2010,11,50.4,30.246666666666666,40.013333333333335,20.153333333333332,0.42,0.014,8,40,10.133333333333333,28.2,255.66022777777783,8.522007592592592,30
2010-12-01,2010,12,45.464516129032255,28.916129032258066,36.980645161290326,16.548387096774192,2.024,0.06529032258064518,12,135,6.848387096774194,18.9,202.5394,6.533529032258065,31
2011-01-01,2011,1,31.980645161290322,10.861290322580645,21.212903225806453,21.11935483870968,0.20800000000000002,0.006709677419354839,3,26,4.745161290322581,12.4,268.38883888888887,8.6577044802867391,31
2011-02-01,2011,2,43.575,21.085714285714285,31.932142857142857,22.489285714285714,0.457,0.01632142857142857,9,34,11.382142857142858,23.3,254.51766666666666,9.089916666666667,28
2011-03-01,2011,3,58.13548387096774,33.96774193548387,46.1258064516129,24.16774193548387,0.3710000000000001,0.011967741935483871,10,31,12.825806451612904,29.9,309.9011472222221,9.996811200716847,31
2011-04-01,2011,4,63.08,38.553333333333335,51.72,24.526666666666667,0.469,0.015633333333333332,8,36,15.073333333333334,25.3,335.5450777777778,11.184835925925928,30
2011-05-01,2011,5,71.54838709677419,45.406451612903226,59.87096774193549,26.141935483870967,0.516,0.01664516129032258,9,45,14.883870967741936,29.4,393.7632777777777,12.702041218637993,31
2011-06-01,2011,6,87.35333333333334,58.693333333333335,75.07666666666667,28.66,0.28700000000000003,0.009566666666666668,6,19,14.953333333333333,27.7,400.8356861111112,13.361189537037038,30
2011-07-01,2011,7,93.80967741935484,67.1741935483871,82.30645161290323,26.63548387096774,0.21300000000000002,0.006870967741935483,10,14,11.319354838709677,17.4,411.7567055555556,13.282474372759856,31
2011-08-01,2011,8,94.32903225806452,66.69032258064516,82.68709677419355,27.638709677419353,0.08000000000000002,0.002580645161290322,5,7,10.40967741935484,20.9,392.06092777777775,12.64712670250896,31
2011-09-01,2011,9,80.96333333333334,56.60333333333333,69.72666666666667,24.36,0.786,0.026199999999999998,8,36,7.983333333333333,18.5,335.0357249999999,11.167857499999998,30
2011-10-01,2011,10,66.23225806451613,43.461290322580645,55.487096774193546,22.770967741935483,0.964,0.031096774193548383,8,55,8.348387096774193,20.9,304.27792222222223,9.815416845878136,31
2011-11-01,2011,11,49.81333333333333,29.676666666666666,39.38,20.136666666666667,0.8380000000000001,0.027933333333333338,7,41,8.516666666666667,18.9,250.58265000000003,8.352755,30
2011-12-01,2011,12,38.04516129032258,18.84516129032258,28.10967741935484,19.2,0.394,0.01270967741935484,7,43,5.780645161290322,23.9,247.7910611111111,7.993260035842294,31
2012-01-01,2012,1,44.47741935483871,23.48709677419355,33.729032258064514,20.990322580645163,0.44100000000000006,0.014225806451612904,6,32,6.567741935483871,20.2,261.51879722222225,8.43609023297491,31
2012-02-01,2012,2,46.41724137931035,25.90344827586207,35.51379310344828,20.513793103448275,0.5609999999999999,0.019344827586206894,10,46,9.379310344827585,23.3,262.9282305555556,9.06649070881226,29
2012-03-01,2012,3,61.806451612903224,34.035483870967745,49.058064516129036,27.770967741935483,0.16999999999999998,0.005483870967741935,6,17,12.661290322580646,28.5,331.5200833333334,10.69419623655914,31
2012-04-01,2012,4,69.97,42.873333333333335,57.843333333333334,27.096666666666668,0.248,0.008266666666666665,6,22,13.64,24.9,354.0763333333333,11.802544444444445,30
2012-05-01,2012,5,80.21290322580646,52.829032258064515,68.51612903225806,27.383870967741938,0.04000000000000001,0.0012903225806451613,5,5,12.64516129032258,30.1,404.10212777777775,13.035552508960572,31
2012-06-01,2012,6,92.67333333333333,62.583333333333336,80.37,30.09,0,0,0,0,13.053333333333333,25.2,411.2823,13.709409999999998,30
2012-07-01,2012,7,93.61612903225806,68.22258064516129,82.72258064516129,25.393548387096775,0.41000000000000003,0.013225806451612901,11,22,10.735483870967741,18.4,401.6673194444444,12.957010304659498,31
2012-08-01,2012,8,92.24516129032259,65.95483870967742,80.9483870967742,26.290322580645164,0.44899999999999995,0.014483870967741935,8,32,8.667741935483871,14.1,379.6707777777778,12.247444444444445,31
2012-09-01,2012,9,81.90333333333334,56.07666666666667,70.82666666666667,25.826666666666668,0.24499999999999997,0.008166666666666664,5,24,7.706666666666667,15.8,340.47586111111116,11.34919537037037,30
2012-10-01,2012,10,67.66129032258064,43.02258064516129,56.47096774193548,24.638709677419353,0.413,0.013322580645161291,3,19,8.883870967741936,20.9,312.0992527777777,10.067717831541218,31
2012-11-01,2012,11,55.96666666666667,32.266666666666666,44.41,23.7,0.35900000000000004,0.011966666666666667,5,31,6.466666666666667,23.2,270.6932722222222,9.023109074074075,30
2012-12-01,2012,12,38.35806451612903,18.89032258064516,28.916129032258063,19.467741935483872,1.008,0.03251612903225806,9,59,6.916129032258064,16,224.7377111111111,7.249603584229391,31
2013-01-01,2013,1,30.296774193548387,8.941935483870969,19.5,21.35483870967742,0.5670000000000001,0.018290322580645158,5,40,5.219354838709678,17.7,245.17856944444435,7.908986111111111,31
2013-02-01,2013,2,41.15714285714286,20.975,30.614285714285714,20.182142857142857,0.5760000000000001,0.02057142857142857,8,48,6.5285714285714285,19.6,258.81832499999996,9.243511607142858,28
2013-03-01,2013,3,58.07741935483871,33.21935483870968,46.016129032258064,24.858064516129033,0.44500000000000006,0.014354838709677423,6,42,10.996774193548386,23.1,317.65374166666663,10.246894892473117,31
2013-04-01,2013,4,63.54,39.32333333333333,52.29,24.216666666666665,0.65,0.021666666666666667,11,51,12.206666666666667,23.6,352.27140833333334,11.742380277777778,30
2013-05-01,2013,5,76.28387096774193,50.306451612903224,64.96129032258065,25.97741935483871,0.47000000000000003,0.015161290322580645,8,30,12.987096774193548,23.4,398.09754166666653,12.841856182795699,31
2013-06-01,2013,6,92.62,63.89,80.64333333333333,28.73,0,0,0,0,13.4,26.4,407.83803888888883,13.594601296296297,30
2013-07-01,2013,7,94.70645161290322,69.99354838709678,83.97741935483872,24.712903225806453,0.25,0.008064516129032258,12,23,10.629032258064516,16.9,401.4634416666667,12.950433602150538,31
2013-08-01,2013,8,88.64193548387097,64.43870967741935,78.04193548387097,24.203225806451613,0.8610000000000001,0.027774193548387095,15,56,8.951612903225806,14.9,364.9823694444444,11.77362482078853,31
2013-09-01,2013,9,77.08666666666667,55.71666666666666,66.72666666666667,21.37,3.5240000000000005,0.11746666666666665,13,120,9.64,22.7,325.36679722222226,10.845559907407408,30
2013-10-01,2013,10,62.28387096774193,38.63225806451613,50.883870967741935,23.651612903225807,0.793,0.02558064516129032,6,41,8.961290322580645,22.9,307.79639999999995,9.92891612903226,31
2013-11-01,2013,11,49.55,29.64666666666667,39.50333333333333,19.903333333333332,1.236,0.041199999999999994,7,77,5.73,17.3,226.01260555555558,7.533753518518518,30
2013-12-01,2013,12,29.85483870967742,9.519354838709678,19.65806451612903,20.335483870967742,0.677,0.021838709677419358,5,37,4.448387096774193,11.2,247.598425,7.987045967741935,31
2014-01-01,2014,1,41.483870967741936,22.00967741935484,31.258064516129032,19.474193548387095,0.311,0.010032258064516129,3,23,5.877419354838709,17.4,258.5004305555555,8.338723566308243,31
2014-02-01,2014,2,50.35,27.79285714285714,39.207142857142856,22.557142857142857,0.42100000000000004,0.015035714285714284,8,26,9.378571428571428,21.7,259.6053638888889,9.27162013888889,28
2014-03-01,2014,3,58.39032258064516,33.47096774193548,46.44516129032258,24.91935483870968,0.3320000000000001,0.010709677419354842,7,27,11.94516129032258,30.3,326.31284166666666,10.526220698924732,31
2014-04-01,2014,4,65.60666666666667,40.663333333333334,54.336666666666666,24.943333333333335,0.327,0.010900000000000003,3,23,13.58,24.5,348.3748194444444,11.612493981481482,30
2014-05-01,2014,5,75.33225806451613,49.325806451612905,64.00645161290322,26.006451612903223,0.9620000000000001,0.031032258064516132,7,50,13.90967741935484,24.2,377.736386111111,12.185044713261648,31
2014-06-01,2014,6,88.47333333333333,61.07333333333333,76.94333333333333,27.4,0.004,1.333333333333333e-4,1,1,13.796666666666667,27.1,403.60981111111107,13.45366037037037,30
2014-07-01,2014,7,95.01290322580645,69.7,83.98709677419355,25.31290322580645,0.41000000000000003,0.013225806451612905,6,20,11.335483870967742,18.8,410.76590833333347,13.25051317204301,31
2014-08-01,2014,8,86.14838709677419,62.15806451612903,75.18387096774194,23.99032258064516,1.165,0.03758064516129032,10,55,9.73225806451613,16.2,373.05100555555555,12.033903405017922,31
2014-09-01,2014,9,82.68333333333334,56.72,70.72,25.963333333333335,1.4959999999999998,0.04986666666666667,8,49,8.906666666666666,17.3,334.89087222222224,11.163029074074075,30
2014-10-01,2014,10,69.09032258064516,45.05483870967742,57.58387096774194,24.03548387096774,0.21700000000000003,0.0069999999999999975,5,14,6.9967741935483865,18.2,296.95775000000003,9.579282258064516,31
2014-11-01,2014,11,50.87,29.75,39.99666666666666,21.12,0.445,0.014833333333333332,7,40,8.226666666666667,22.2,268.69303055555565,8.956434351851852,30
2014-12-01,2014,12,42.41935483870968,27.18064516129032,34.4741935483871,15.238709677419354,0.652,0.021032258064516127,11,56,6.112903225806452,17.8,222.42896944444448,7.175128046594982,31
2015-01-01,2015,1,41.3741935483871,22.33225806451613,31.64516129032258,19.04193548387097,0.9369999999999999,0.030225806451612908,6,60,4.635483870967742,13,238.6344638888889,7.697885931899641,31
2015-02-01,2015,2,52.58571428571429,29.525,41.239285714285714,23.060714285714287,0.248,0.008857142857142855,5,28,8.764285714285714,19.8,255.0836861111111,9.110131646825398,28
2015-03-01,2015,3,62.348387096774196,37.05161290322581,50.96774193548387,25.296774193548387,0.319,0.010290322580645161,3,22,8.761290322580646,21.5,320.5006111111111,10.338729390681003,31
2015-04-01,2015,4,65.11333333333333,40.276666666666664,54.00666666666667,24.836666666666666,0.7000000000000001,0.023333333333333334,5,39,12.073333333333334,24.6,355.1021750000001,11.836739166666666,30
2015-05-01,2015,5,73.07741935483871,49.13225806451613,62.42903225806452,23.94516129032258,0.685,0.02209677419354839,14,55,11.287096774193548,19.4,390.2907222222223,12.590023297491038,31
2015-06-01,2015,6,89.88333333333334,61.21,77.95333333333333,28.673333333333336,1.111,0.03703333333333332,6,50,10.893333333333333,19.5,402.26422500000007,13.4088075,30
2015-07-01,2015,7,91.0516129032258,66.07096774193549,80.0741935483871,24.980645161290322,0.28600000000000003,0.009225806451612903,8,19,11.941935483870967,21.5,404.12691666666666,13.036352150537635,31
2015-08-01,2015,8,89.71290322580646,64.7483870967742,78.55483870967741,24.96451612903226,0.985,0.0317741935483871,8,46,10.325806451612904,18,370.10056111111106,11.938727777777776,31
2015-09-01,2015,9,85.05,58.803333333333335,73.62,26.246666666666666,0.33399999999999996,0.011133333333333335,4,22,9.873333333333333,20.7,341.1050305555555,11.370167685185185,30
2015-10-01,2015,10,67.68387096774194,48.65483870967742,58.30967741935484,19.029032258064515,2.2340000000000004,0.07206451612903225,12,106,7.2935483870967746,19.3,293.44340555555556,9.465916308243727,31
2015-11-01,2015,11,48.36,28.94,37.95666666666666,19.419999999999998,0.8900000000000001,0.029666666666666664,10,61,8.733333333333334,24.8,270.64882777777785,9.021627592592592,30
2015-12-01,2015,12,36.561290322580646,18.141935483870967,27.48709677419355,18.419354838709676,1.08,0.03483870967741935,11,82,6.458064516129032,16.3,228.8869777777778,7.383450896057347,31
2016-01-01,2016,1,33.82258064516129,14.996774193548386,24.425806451612903,18.825806451612902,1.0320000000000003,0.033290322580645154,11,76,4.480645161290322,12.7,239.90576388888888,7.7388956093189964,31
2016-02-01,2016,2,43.234482758620686,20.227586206896554,31.662068965517243,23.006896551724136,0.7519999999999999,0.025931034482758616,4,33,6.375862068965517,25.1,265.5515416666667,9.156949712643678,29
2016-03-01,2016,3,58.71935483870968,33.3741935483871,46.57741935483871,25.34516129032258,0.39,0.012580645161290325,7,30,12.493548387096775,25.3,323.8229722222221,10.445902329749105,31
2016-04-01,2016,4,64.87666666666667,40.623333333333335,53.82666666666667,24.253333333333334,1.091,0.03636666666666667,9,84,12.776666666666667,28.3,340.3673194444445,11.345577314814815,30
2016-05-01,2016,5,74.36129032258064,49.23225806451613,63.18387096774194,25.129032258064516,0.491,0.01583870967741936,11,46,12.006451612903225,25.4,403.10727499999996,13.003460483870967,31
2016-06-01,2016,6,94.21333333333334,65.76666666666667,82.24333333333334,28.44666666666667,0.016,5.333333333333331e-4,1,1,11.906666666666666,20.1,405.2212444444444,13.507374814814815,30
2016-07-01,2016,7,94.81290322580645,69.34838709677419,84.11612903225806,25.464516129032255,0.06,0.0019354838709677422,4,7,11.258064516129032,23.2,412.73257777777786,13.3139541218638,31
2016-08-01,2016,8,88.2483870967742,63.151612903225804,77.13225806451612,25.096774193548388,0.7800000000000001,0.02516129032258065,8,27,10.52258064516129,17.7,381.1373333333333,12.294752688172045,31
2016-09-01,2016,9,79.42999999999999,56.443333333333335,68.55666666666667,22.986666666666668,1.237,0.04123333333333333,10,47,10.663333333333334,19.9,327.2340194444445,10.907800648148148,30
2016-10-01,2016,10,70.71935483870968,45.81612903225806,59.096774193548384,24.903225806451612,0.49800000000000005,0.01606451612903226,9,29,10.474193548387097,20.8,309.6599944444445,9.989032078853048,31
2016-11-01,2016,11,54.97666666666667,36.25333333333333,45.473333333333336,18.723333333333333,1.311,0.0437,11,66,7.326666666666667,18.6,248.52845555555544,8.284281851851851,30
2016-12-01,2016,12,38.9,21.651612903225807,30.025806451612905,17.24838709677419,1.012,0.032645161290322584,8,63,6.3354838709677415,25.2,241.49439722222218,7.790141845878137,31
2017-01-01,2017,1,39.00322580645161,23.68064516129032,30.81290322580645,15.32258064516129,1.733,0.05590322580645161,15,128,11.874193548387098,23.6,212.79264999999998,6.8642790322580645,31
2017-02-01,2017,2,52.621428571428574,33.18571428571428,42.26428571428571,19.435714285714283,0.7340000000000001,0.026214285714285714,12,72,14.207142857142857,25.9,222.45248611111114,7.944731646825397,28
2017-03-01,2017,3,64.59032258064516,38.49354838709677,51.75806451612903,26.096774193548388,0.642,0.02070967741935484,8,47,12.893548387096775,26.8,305.31014166666665,9.848714247311829,31
2017-04-01,2017,4,66.39666666666666,41.973333333333336,54.75666666666667,24.423333333333332,0.32100000000000006,0.010699999999999998,12,26,15.15,22.6,347.3309000000001,11.577696666666666,30
2017-05-01,2017,5,76.29032258064517,50.73548387096774,64.75483870967741,25.55483870967742,0.548,0.01767741935483871,10,31,15.335483870967742,24.5,378.2640777777777,12.202067025089606,31
2017-06-01,2017,6,92.59,65.51333333333334,80.91666666666667,27.076666666666668,0.11399999999999999,0.0038000000000000013,2,6,14.856666666666667,30,409.2554972222222,13.641849907407407,30
2017-07-01,2017,7,93.99032258064516,70.02580645161291,83.40322580645162,23.964516129032255,1.269,0.04093548387096774,16,42,12.887096774193548,21.7,394.51263055555563,12.72621388888889,31
2017-08-01,2017,8,91.40645161290323,65.61612903225806,80.36774193548386,25.79032258064516,0.3370000000000001,0.010870967741935484,12,22,12.564516129032258,19.9,383.65303055555546,12.375904211469534,31
2017-09-01,2017,9,81.13333333333333,56,69.81666666666666,25.133333333333333,0.623,0.02076666666666667,10,42,12.113333333333333,23.9,329.06725277777775,10.968908425925926,30
2017-10-01,2017,10,65.76451612903226,39.63548387096774,53.13548387096774,26.129032258064516,0.177,0.005709677419354838,4,15,12.958064516129033,24.2,310.0950944444444,10.003067562724015,31
2017-11-01,2017,11,57.73,33.803333333333335,45.89,23.926666666666666,0.14900000000000002,0.004966666666666667,5,11,10.8,24.5,262.74214166666667,8.758071388888888,30
2017-12-01,2017,12,42.66774193548387,20.664516129032258,31.61935483870968,22.003225806451614,0.492,0.015870967741935492,3,21,8.24516129032258,24.7,237.29658055555555,7.654728405017921,31
2018-01-01,2018,1,44.31612903225806,23.13225806451613,33.54516129032258,21.183870967741935,0.346,0.011161290322580644,7,41,8.229032258064516,19.8,241.17599166666668,7.779870698924731,31
2018-02-01,2018,2,48.825,27.09642857142857,38.13214285714286,21.728571428571428,0.5879999999999999,0.021,10,53,11.685714285714285,25.2,245.45941944444445,8.766407837301587,28
2018-03-01,2018,3,58.35806451612903,34.24193548387097,47.354838709677416,24.116129032258065,0.528,0.017032258064516127,5,37,14.364516129032259,22.6,308.38229166666673,9.947815860215055,31
2018-04-01,2018,4,69.48666666666666,42.913333333333334,57.596666666666664,26.573333333333334,0.29500000000000004,0.009833333333333335,8,19,16.05,27.8,331.9966888888889,11.066556296296296,30
2018-05-01,2018,5,80.52580645161291,53.435483870967744,68.89032258064516,27.09032258064516,0.30300000000000005,0.009774193548387097,6,27,14.725806451612904,24.1,387.2414472222221,12.49165958781362,31
2018-06-01,2018,6,92.06666666666666,64.9,80.58,27.166666666666668,0.043000000000000003,0.0014333333333333333,3,6,15.55,24.4,395.29496111111115,13.176498703703704,30
2018-07-01,2018,7,97.18387096774194,72.96451612903226,86.52580645161291,24.219354838709677,0.07100000000000001,0.0022903225806451617,6,9,14.103225806451613,20.9,403.2365833333334,13.007631720430107,31
2018-08-01,2018,8,93.57741935483871,67.46774193548387,82.1483870967742,26.109677419354842,0.16899999999999998,0.005451612903225805,2,9,13.470967741935484,20.6,381.9445666666667,12.32079247311828,31
2018-09-01,2018,9,86.58,59.31333333333333,74.59666666666666,27.266666666666666,0.012,3.9999999999999996e-4,2,2,13.366666666666667,21.2,339.0264416666667,11.30088138888889,30
2018-10-01,2018,10,59.383870967741935,41.52258064516129,50.11290322580645,17.861290322580647,2.4310000000000005,0.07841935483870968,17,139,10.051612903225806,20.2,257.60822499999995,8.309942741935483,31
2018-11-01,2018,11,47.82666666666667,26.94,37.38,20.886666666666667,0.158,0.005266666666666665,4,15,9.193333333333333,19.7,255.0437472222222,8.50145824074074,30
2018-12-01,2018,12,37.00322580645161,20.625806451612902,28.48709677419355,16.37741935483871,0.8640000000000001,0.027870967741935492,9,46,8.296774193548387,17.8,229.44327222222222,7.401395878136201,31
2019-01-01,2019,1,37.84516129032258,20.42258064516129,28.761290322580646,17.42258064516129,0.7040000000000001,0.022709677419354837,10,61,8.490322580645161,20.9,236.95093611111105,7.643578584229391,31
2019-02-01,2019,2,41.675,23.314285714285713,32.378571428571426,18.360714285714288,1.358,0.0485,15,115,12.792857142857143,22.2,214.08815555555555,7.646005555555555,28
2019-03-01,2019,3,53.748387096774195,32.43225806451613,42.97741935483871,21.316129032258065,2.407,0.07764516129032258,16,123,12.164516129032258,23.1,276.2233833333334,8.910431720430108,31
2019-04-01,2019,4,68.82000000000001,44.300000000000004,57.25,24.52,0.9350000000000002,0.031166666666666665,13,64,14.77,21.7,307.21567777777784,10.240522592592592,30
2019-05-01,2019,5,70.09677419354838,46.76129032258064,59.4258064516129,23.335483870967742,0.934,0.03012903225806452,15,76,14.416129032258064,28.4,364.91538055555554,11.771463888888889,31
2019-06-01,2019,6,86.30333333333333,60.18,74.67333333333333,26.12333333333333,0.138,0.004599999999999999,5,18,14.43,24.5,401.75799444444453,13.391933148148148,30
2019-07-01,2019,7,95.33548387096774,70.46129032258065,84.59354838709677,24.874193548387098,0.07100000000000001,0.0022903225806451613,3,4,13.629032258064516,24,403.1081194444444,13.003487724014338,31
2019-08-01,2019,8,94.61935483870968,68.38709677419355,83.15161290322581,26.23225806451613,0.008,2.5806451612903216e-4,1,2,11.009677419354839,16.5,378.5034555555556,12.209788888888887,31
2019-09-01,2019,9,84.49666666666667,59.096666666666664,73.1,25.4,0.19,0.006333333333333335,4,14,13.376666666666667,26.6,340.60184166666664,11.353394722222221,30
2019-10-01,2019,10,61.35806451612903,34.99677419354839,49.035483870967745,26.361290322580647,0.03900000000000001,0.0012580645161290327,2,4,13.03225806451613,22.2,312.70570833333335,10.087280913978494,31
2019-11-01,2019,11,52.56666666666667,30.333333333333332,41.693333333333335,22.233333333333334,1.0830000000000002,0.03609999999999999,8,60,10.306666666666667,21.1,252.0833972222222,8.402779907407407,30
2019-12-01,2019,12,37.63870967741936,22.335483870967742,29.383870967741935,15.303225806451612,1.3739999999999999,0.0443225806451613,10,74,7.416129032258064,13.6,228.0446777777778,7.356279928315412,31
2020-01-01,2020,1,35.62258064516129,19.045161290322582,26.651612903225807,16.57741935483871,0.26899999999999996,0.008677419354838711,10,28,8.083870967741936,22.6,239.65047777777772,7.730660573476702,31
2020-02-01,2020,2,44.61379310344827,23.50344827586207,33.9551724137931,21.110344827586207,0.282,0.009724137931034483,4,22,11.596551724137932,20.7,257.39989722222225,8.875858524904213,29
2020-03-01,2020,3,58.196774193548386,35.86451612903226,47.058064516129036,22.33225806451613,1.1809999999999998,0.038096774193548386,14,82,13.35483870967742,22,292.3099611111111,9.429353584229391,31
2020-04-01,2020,4,67.56333333333333,41.83,56.20333333333333,25.733333333333334,0.07200000000000001,0.0024000000000000007,6,13,14.456666666666667,20.9,342.27859722222223,11.409286574074073,30
2020-05-01,2020,5,81.18709677419355,55.387096774193544,70.15483870967742,25.8,0.10700000000000001,0.0034516129032258064,4,8,15.238709677419354,25.1,402.3972694444444,12.980557078853048,31
2020-06-01,2020,6,88.45333333333333,61.57666666666667,76.92,26.87666666666667,0.5860000000000001,0.019533333333333333,4,11,16.946666666666665,27.8,391.88170277777783,13.062723425925926,30
2020-07-01,2020,7,95.3258064516129,69.48709677419355,84.29677419354839,25.838709677419352,0.24,0.007741935483870968,5,14,13.364516129032259,22.5,399.99258333333336,12.902986559139784,31
2020-08-01,2020,8,97.41935483870968,70.65483870967742,86.01935483870967,26.76451612903226,0.004,1.2903225806451608e-4,1,1,12.319354838709677,22.5,387.90376666666674,12.513024731182796,31
2020-09-01,2020,9,83.91333333333333,55.00666666666667,70.83,28.906666666666666,0.327,0.010900000000000002,4,18,10.370000000000001,25.5,326.14435277777784,10.871478425925925,30
2020-10-01,2020,10,71.43548387096774,41.516129032258064,58.041935483870965,29.919354838709676,0.476,0.015354838709677422,1,10,10.419354838709678,23.5,309.70314722222224,9.990424103942651,31
2020-11-01,2020,11,53.20333333333333,30.806666666666665,42.333333333333336,22.39666666666667,0.501,0.0167,9,35,10.356666666666667,25.9,261.10122222222225,8.703374074074075,30
2020-12-01,2020,12,37.170967741935485,19.84516129032258,28.148387096774194,17.325806451612902,0.454,0.014645161290322579,6,47,7.938709677419355,20.7,221.39616388888888,7.1418117383512545,31
2021-01-01,2021,1,39.50322580645161,20.829032258064515,29.59032258064516,18.674193548387095,0.409,0.013193548387096774,9,39,9.125806451612902,18.5,261.75216944444446,8.443618369175628,31
2021-02-01,2021,2,45.84285714285714,26.514285714285712,35.582142857142856,19.32857142857143,0.875,0.03125,8,54,11.182142857142857,18.6,241.1681472222222,8.613148115079365,28
2021-03-01,2021,3,56.00967741935484,33.44838709677419,44.75483870967742,22.561290322580646,0.7730000000000001,0.02493548387096774,17,94,13.758064516129032,25.4,307.6923583333334,9.92555994623656,31
2021-04-01,2021,4,67.66,41.39,55.586666666666666,26.27,0.34400000000000003,0.011466666666666667,5,34,15.64,26.1,336.3572,11.211906666666668,30
2021-05-01,2021,5,78.38387096774194,53.48064516129032,67.3741935483871,24.903225806451612,0.204,0.006580645161290322,4,18,15.203225806451613,28.2,387.4842277777778,12.499491218637994,31
2021-06-01,2021,6,93.57000000000001,67.36666666666666,82.09333333333333,26.203333333333337,0.008,2.666666666666666e-4,2,2,14.120000000000001,23.4,399.1464083333334,13.304880277777778,30
2021-07-01,2021,7,95.95806451612903,73.2258064516129,85.96451612903226,22.73225806451613,0.10600000000000001,0.0034193548387096775,7,11,13.003225806451614,17.8,397.90891944444445,12.835771594982079,31
2021-08-01,2021,8,92.03548387096774,66.46774193548387,80.49032258064516,25.56774193548387,0.937,0.03022580645161291,4,25,12.183870967741935,23.5,382.4048027777777,12.335638799283153,31
2021-09-01,2021,9,83.69666666666667,57.54,71.33666666666667,26.156666666666666,1.2919999999999998,0.04306666666666666,6,46,10.14,21.9,320.59757777777776,10.686585925925925,30
2021-10-01,2021,10,62.26451612903226,40.20645161290322,51.351612903225806,22.058064516129033,1.8150000000000004,0.05854838709677419,10,63,10.061290322580644,22,286.00691944444446,9.226029659498208,31
2021-11-01,2021,11,55.69,32.61333333333334,44,23.076666666666668,0.142,0.004733333333333333,3,7,8.036666666666667,15.4,253.76396944444446,8.45879898148148,30
2021-12-01,2021,12,43.248387096774195,25.92258064516129,34.32258064516129,17.325806451612905,1.1540000000000001,0.03722580645161291,13,81,12.03225806451613,26.9,208.7205555555556,6.732921146953405,31
2022-01-01,2022,1,39.08064516129032,20.43225806451613,29.33225806451613,18.648387096774194,0.122,0.0039354838709677415,3,16,8.109677419354838,21.6,261.98351111111117,8.45108100358423,31
2022-02-01,2022,2,43.025,20.807142857142857,31.782142857142855,22.21785714285714,0.688,0.024571428571428567,4,29,11.15,25.8,254.16463055555553,9.077308234126985,28
2022-03-01,2022,3,56.86129032258064,32.83870967741935,44.81612903225807,24.02258064516129,0.7949999999999999,0.02564516129032258,13,64,12.535483870967742,22.3,299.3972472222222,9.657975716845877,31
2022-04-01,2022,4,67.22333333333333,40.34,55.11,26.883333333333333,0.279,0.0093,5,18,16.633333333333333,28.5,345.5440916666666,11.518136388888887,30
2022-05-01,2022,5,77.16129032258064,51.10322580645161,65.51935483870967,26.058064516129033,0.26,0.008387096774193548,4,15,17.164516129032258,29,387.41474999999997,12.49725,31
2022-06-01,2022,6,90.31,64.40666666666667,78.67666666666666,25.903333333333336,0.217,0.007233333333333334,7,11,16.296666666666667,29.5,394.5927444444444,13.15309148148148,30
2022-07-01,2022,7,95.5516129032258,72.43548387096774,84.79677419354839,23.116129032258065,0.48900000000000005,0.015774193548387095,10,22,14.864516129032257,25.5,391.76697499999995,12.63764435483871,31
2022-08-01,2022,8,92.13548387096775,68.68064516129031,81.29032258064517,23.45483870967742,0.386,0.012451612903225807,7,18,12.216129032258063,16.9,375.94392222222217,12.127223297491039,31
2022-09-01,2022,9,86.47333333333333,59.32,73.90666666666667,27.153333333333332,0.551,0.018366666666666667,7,33,10.82,16.1,331.8891805555556,11.062972685185185,30
2022-10-01,2022,10,66.08064516129032,42.03225806451613,54.458064516129035,24.048387096774192,1.413,0.04558064516129032,8,51,9.087096774193549,24.5,300.7573333333333,9.701849462365592,31
2022-11-01,2022,11,44.99333333333333,25.446666666666665,35.20333333333333,19.546666666666667,0.615,0.020499999999999997,4,22,10.853333333333333,21.7,245.93245555555555,8.19774851851852,30
2022-12-01,2022,12,39.81612903225806,21.848387096774193,30.551612903225806,17.967741935483872,0.756,0.02438709677419355,10,47,9.035483870967742,19.3,205.63215555555556,6.6332953405017925,31
2023-01-01,2023,1,37.596774193548384,23.593548387096774,30.383870967741935,14.003225806451612,2.0940000000000003,0.06754838709677419,20,137,9.780645161290323,17.6,206.7900055555555,6.6706453405017925,31
2023-02-01,2023,2,39.59285714285714,21.339285714285715,30.260714285714286,18.25357142857143,0.6490000000000001,0.023178571428571427,11,60,11.060714285714285,26.6,231.59284166666671,8.271172916666666,28
2023-03-01,2023,3,47.21290322580645,28.238709677419354,37.774193548387096,18.974193548387095,2.7780000000000005,0.08961290322580646,17,132,14.396774193548387,23.1,276.8522972222222,8.930719265232975,31
2023-04-01,2023,4,64.92666666666666,37.57666666666667,52.09,27.35,0.5129999999999999,0.0171,6,32,15.066666666666666,27.4,338.973438888889,11.29911462962963,30
2023-05-01,2023,5,79.7741935483871,55.30967741935484,68.93225806451613,24.46451612903226,0.151,0.004870967741935485,8,13,15.048387096774194,21.3,391.11323055555545,12.61655582437276,31
2023-06-01,2023,6,85.67333333333333,60.656666666666666,74.54333333333334,25.016666666666666,0.24800000000000003,0.008266666666666665,5,8,15.663333333333334,23.1,396.51080833333333,13.217026944444443,30
2023-07-01,2023,7,99.09354838709677,71.81935483870967,87.1741935483871,27.2741935483871,0.03900000000000001,0.0012580645161290329,2,3,14.558064516129033,24.9,409.7687638888888,13.218347222222222,31
2023-08-01,2023,8,93.2516129032258,68.49354838709678,81.86129032258064,24.758064516129032,0.261,0.008419354838709679,7,18,14.338709677419354,25.1,383.0956972222222,12.357925716845877,31
2023-09-01,2023,9,83.83666666666667,57.68,71.85666666666667,26.156666666666666,0.067,0.0022333333333333333,4,7,12.036666666666667,22.4,332.8751027777778,11.095836759259258,30
2023-10-01,2023,10,68.44516129032257,42.225806451612904,56.461290322580645,26.219354838709677,0.528,0.017032258064516123,7,23,10.59032258064516,24.2,308.91161388888884,9.964890770609319,31
2023-11-01,2023,11,51.196666666666665,29.923333333333332,40.85666666666666,21.273333333333333,1.4140000000000001,0.04713333333333332,7,49,8.333333333333332,22,251.81451111111105,8.393817037037037,30
2023-12-01,2023,12,40.435483870967744,23.24516129032258,31.529032258064515,17.190322580645162,0.756,0.02438709677419355,7,36,6.812903225806451,16.6,236.67576944444443,7.63470224014337,31
2024-01-01,2024,1,41.590322580645164,23.974193548387095,32.39032258064516,17.616129032258065,0.59,0.01903225806451613,11,62,8.180645161290323,18.7,244.47994999999995,7.88645,31
2024-02-01,2024,2,48.10344827586207,27.624137931034483,38.01034482758621,20.479310344827585,1.095,0.037758620689655166,14,62,10.410344827586206,21.9,250.4521722222222,8.636281800766284,29
2024-03-01,2024,3,56.28387096774193,34.60645161290323,45.57419354838709,21.677419354838708,1.332,0.042967741935483875,15,80,14.396774193548387,31.8,287.28055277777776,9.267114605734767,31
2024-04-01,2024,4,69.15666666666667,44.123333333333335,57.53666666666667,25.033333333333335,0.28800000000000003,0.009600000000000003,8,24,15.586666666666666,32.9,345.67202222222215,11.522400740740741,30
2024-05-01,2024,5,75.9483870967742,50.170967741935485,64.07096774193549,25.77741935483871,0.31900000000000006,0.010290322580645163,8,20,17.02258064516129,31.1,385.3411722222222,12.430360394265232,31
2024-06-01,2024,6,92.84333333333333,65.92,80.62,26.923333333333332,0.36200000000000004,0.012066666666666667,5,12,16.7,30.4,392.504625,13.0834875,30
2024-07-01,2024,7,97.35483870967742,71.23870967741935,85.75483870967741,26.116129032258065,0.008,2.580645161290322e-4,1,1,14.951612903225806,22,410.82644722222227,13.252466039426523,31
2024-08-01,2024,8,91.7483870967742,66.8,80.00967741935484,24.94838709677419,1.167,0.03764516129032258,12,39,14.325806451612904,24.5,376.10315833333334,12.132359946236559,31
2024-09-01,2024,9,86.63666666666667,59.24666666666667,74.28,27.39,0.02,6.666666666666666e-4,4,5,12.52,26.9,340.3778083333333,11.345926944444445,30
2024-10-01,2024,10,72.70322580645161,48.01935483870968,61.37096774193548,24.683870967741935,1.276,0.041161290322580646,7,41,10.687096774193549,26.1,295.53625,9.533427419354839,31
2024-11-01,2024,11,47.95666666666666,28.490000000000002,37.666666666666664,19.466666666666665,0.768,0.025599999999999994,8,43,9.943333333333333,26.3,243.5631472222222,8.118771574074074,30
2024-12-01,2024,12,41.62258064516129,23.374193548387098,31.712903225806453,18.248387096774195,0.163,0.005258064516129031,5,15,5.558064516129032,15.9,244.05169166666667,7.872635215053763,31
